<?xml version="1.0" encoding="UTF-8"?>
<window  type="dialog" id="143">
	<controls>
	 <control type="group">
	  <left>95</left>
		<top>645</top>
	  <include>NowPlaying</include>
		<control type="grouplist">
			<left>0</left>
			<top>0</top>
			<height>60</height>
			<width>1190</width>
			<align>right</align>
			<aligny>center</aligny>
			<itemgap>10</itemgap>
			<orientation>horizontal</orientation>
			<control type="group">
			  <left>50r</left>
				<control type="label" id="401">
				<description>Song Number Label</description>
					<left>0</left>
					<top>0</top>
					<height>25</height>
					<width>640</width>
					<font>FontSize_18B</font>
					<textcolor>white</textcolor>
					<shadowcolor>99000000</shadowcolor>
			    <align>right</align>
			    <aligny>center</aligny>
					<scroll>false</scroll>
				</control>
				<control type="label" id="402">
				<description>Song Name Label</description>
					<left>0</left>
					<top>20</top>
					<height>25</height>
					<width>640</width>
					<font>FontSize_18</font>
					<textcolor>77white</textcolor>
					<shadowcolor>99000000</shadowcolor>
			    <align>right</align>
			    <aligny>center</aligny>
					<scroll>false</scroll>
				</control>
			</control>
	  </control>
	 </control>
	</controls>
</window>


