<?xml version="1.0" encoding="utf-8" standalone="yes"?>
<addon id="script.loosefiles"
       name="Loose Files"
       version="0.0.3"
       provider-name="KodeKarnage">
    <requires>
        <import addon="xbmc.python" version="2.1.0"/>
    </requires>

<extension point="xbmc.python.script"
            library="default.py">
    </extension>
    <extension point="xbmc.addon.metadata">
        <summary lang="en">Loose Files</summary>
        <description lang="en">Compares the files in your Video Sources with those in your Library.
            The unmatched files are provided in a list and you can play them, rename them, or move them to a different folder.</description>
        <language>en</language>
        <platform>all</platform>
        <license>GNU GENERAL PUBLIC LICENSE Version 3, 29 June 2007</license>
        <email>subliminal.karnage at gmail dot com</email>
        <forum></forum>
        <source>https://github.com/KODeKarnage/script.loosefiles/</source>
    </extension>
</addon>
