<?xml version='1.0' encoding='UTF-8'?>
<shortcuts>
	<shortcut>
		<label>1024</label>
		<label2 />
		<defaultID>1024</defaultID>
		<icon />
		<thumb />
		<action>ActivateWindow(AddonBrowser,addons://all/,return)</action>
	</shortcut>
	<shortcut>
		<label>3</label>
		<label2 />
		<defaultID>3</defaultID>
		<icon />
		<thumb />
		<action>ActivateWindow(Videos,Addons,return)</action>
	</shortcut>
	<shortcut>
		<label>2</label>
		<label2 />
		<defaultID>2</defaultID>
		<icon />
		<thumb />
		<action>ActivateWindow(Music,Addons,return)</action>
	</shortcut>
	<shortcut>
		<label>0</label>
		<label2 />
		<defaultID>0</defaultID>
		<icon />
		<thumb />
		<action>ActivateWindow(Programs,Addons,return)</action>
	</shortcut>
	<shortcut>
		<label>1</label>
		<label2 />
		<defaultID>1</defaultID>
		<icon />
		<thumb />
		<action>ActivateWindow(Pictures,Addons,return)</action>
	</shortcut>
</shortcuts>
