<?xml version="1.0" encoding="utf-8"?>
<includes>
	<!-- Empty Message Layout -->
	<include name="EmptyInfoLayout">
		<control type="group">
			<visible>IsEmpty(ListItem.Property(InfoLabel1))</visible>
			<left>260</left>						
			<control type="textbox">
				<width>1150</width>
				<height>355</height>
				<font>Bold34</font>
				<align>center</align>
				<aligny>center</aligny>
				<textcolor>ffdedede</textcolor>
				<label>$LOCALIZE[31268]</label>
				<animation condition="true" effect="slide" end="-18,-26" time="0">Conditional</animation>
				<animation center="135,201" condition="true" effect="zoom" end="76" start="76" time="0">Conditional</animation>
			</control>
		</control>
	</include>
	<include name="EmptyFocusedLayout">
		<control type="group">
			<visible>IsEmpty(ListItem.Property(InfoLabel1))</visible>
			<left>260</left>					
			<control type="textbox">
				<width>1150</width>
				<height>355</height>
				<font>Bold34</font>
				<align>center</align>
				<aligny>center</aligny>
				<textcolor>ffdedede</textcolor>
				<label>$LOCALIZE[31268]</label>
				<animation condition="true" effect="slide" end="-18,-26" time="0">Conditional</animation>
				<animation center="135,201" condition="true" effect="zoom" end="76" start="76" time="0">Conditional</animation>
			</control>
		</control>
	</include>

	<!-- Banner Layout -->
	<include name="ParamHomeBannerLayout">
		<control type="image">
			<top>-2</top>
			<left>-48</left>
			<centertop>288</centertop>
			<width>1616</width>
			<height>243</height>
			<texture border="66,66,51,51">views/shadow_nf.png</texture>
		</control>
		<control type="image">
			<top>-136</top>
			<width>1500</width>
			<height>331</height>
			<aspectratio scalediffuse="false" aligny="top">scale</aspectratio>
			<texture diffuse="views/highlight_banner_mask.png" background="true">$INFO[ListItem.Property(bannerArt)]</texture>
		</control>
		<control type="image">
			<width>58</width>
			<height>58</height>
			<texture>views/OverlayHighlight.png</texture>
		</control>
		<control type="image">
			<top>35</top>
			<left>550</left>
			<width>535</width>
			<height>125</height>
			<aspectratio aligny="center" align="center">keep</aspectratio>
			<texture background="true">$INFO[ListItem.Property(bannerLogo)]</texture>
		</control>
		<control type="grouplist">
			<top>-175</top>
			<left>1200</left>
			<width>250</width>
			<heigth>32</heigth>
			<itemgap>10</itemgap>
			<orientation>horizontal</orientation>
			<align>right</align>
			<control type="label">
				<width>240</width>
				<heigth>32</heigth>
				<font>Med24</font>
				<align>right</align>
				<textcolor>ccffffff</textcolor>
				<shadowcolor>88000000</shadowcolor>
				<label>$LOCALIZE[31251]</label>
			</control>
		</control>
		<control type="grouplist">
			<top>50</top>
			<left>1200</left>
			<width>250</width>
			<heigth>30</heigth>
			<itemgap>10</itemgap>
			<orientation>horizontal</orientation>
			<align>right</align>
			<visible>IntegerGreaterThan(Container($PARAM[ID]9).ListItem.VideoResolution,719) | !StringCompare(Container($PARAM[ID]9).ListItem.StereoscopicMode,mono)</visible>
			<control type="label">
				<width>200</width>
				<height>30</height>
				<font>Med18</font>
				<scroll>false</scroll>
				<textcolor>bbffffff</textcolor>
				<shadowcolor>88000000</shadowcolor>
				<align>right</align>
				<aligny>center</aligny>
				<label>$LOCALIZE[31252]</label>
			</control>
			<control type="image">
				<width>35</width>
				<height>32</height>
				<aspectratio>keep</aspectratio>
				<colordiffuse>bbffffff</colordiffuse>
				<texture>views/hd_icon.png</texture>
				<visible>IntegerGreaterThan(Container($PARAM[ID]9).ListItem.VideoResolution,719) + [StringCompare(Container($PARAM[ID]9).ListItem.StereoscopicMode,mono) | IsEmpty(Container($PARAM[ID]9).ListItem.StereoscopicMode)]</visible>
			</control>
			<control type="image">
				<width>35</width>
				<height>32</height>
				<aspectratio>keep</aspectratio>
				<colordiffuse>bbffffff</colordiffuse>
				<texture>views/3d_icon.png</texture>
				<visible>!StringCompare(Container($PARAM[ID]9).ListItem.StereoscopicMode,mono) + !IsEmpty(Container($PARAM[ID]9).ListItem.StereoscopicMode)</visible>
			</control>
		</control>
	</include>

	<!-- Home Square Info Itemlayout -->
	<include name="ParamHomeSquareInfoItemlayout">
		<control type="group">
			<visible>!IsEmpty(ListItem.Property(InfoLabel$PARAM[ID]))</visible>
			<left>$PARAM[left]</left>
			<control type="image">
				<width>318</width>
				<height>334</height>
				<bordersize>0,13,10,13</bordersize>
				<aspectratio align="center">scale</aspectratio>
				<texture>common/default_empty.png</texture>
				<bordertexture border="16,30,16,18">home/image_shadow_small_nf.png</bordertexture>
			</control>
			<control type="image">
				<width>318</width>
				<height>334</height>
				<bordersize>0,13,10,13</bordersize>
				<aspectratio align="center">scale</aspectratio>
				<texture fallback="views/square_fallback.png" background="true">$INFO[ListItem.Property(Icon$PARAM[ID])]</texture>
				<visible>!SubString(ListItem.Property(Path),pvr://channels)</visible>
			</control>
			<control type="image">
				<width>318</width>
				<height>334</height>
				<bordersize>0,13,10,13</bordersize>
				<aspectratio align="center">keep</aspectratio>
				<texture fallback="views/pvr_fallback.png" background="true">$INFO[ListItem.Property(Icon$PARAM[ID])]</texture>
				<visible>SubString(ListItem.Property(Path),pvr://channels)</visible>
			</control>
			<!-- Genre -->
			<control type="group">
				<visible>SubString(ListItem.Property(Path),movies/genres) | SubString(ListItem.Property(Path),tvshows/genres) | SubString(ListItem.Property(Path),plugin://script.skin.helper.service/?action=browsegenres)</visible>
				<control type="image">
					<left>102</left>
					<width>215</width>
					<height>334</height>
					<bordersize>0,13,10,13</bordersize>
					<aspectratio align="center">keep</aspectratio>
					<texture>views/poster_fallback.png</texture>
				</control>
				<control type="image">
					<left>51</left>
					<width>215</width>
					<height>334</height>
					<bordersize>0,13,10,13</bordersize>
					<aspectratio align="center">keep</aspectratio>
					<texture>views/poster_fallback.png</texture>
				</control>
				<control type="image">
					<left>0</left>
					<width>215</width>
					<height>334</height>
					<bordersize>0,13,10,13</bordersize>
					<aspectratio align="center">keep</aspectratio>
					<texture>views/poster_fallback.png</texture>
				</control>
				<control type="group">
					<visible>SubString(ListItem.Property(Path),plugin://script.skin.helper.service/?action=browsegenres)</visible>
					<control type="image">
						<left>102</left>
						<width>215</width>
						<height>334</height>
						<bordersize>0,13,10,13</bordersize>
						<aspectratio scalediffuse="false" align="center">scale</aspectratio>
						<texture background="true" diffuse="views/genre_crop_mask.png">$INFO[ListItem.Property(Genre$PARAM[ID]-3)]</texture>
					</control>
					<control type="image">
						<left>51</left>
						<width>215</width>
						<height>334</height>
						<bordersize>0,13,10,13</bordersize>
						<aspectratio scalediffuse="false" align="center">scale</aspectratio>
						<texture background="true" diffuse="views/genre_crop_mask.png" >$INFO[ListItem.Property(Genre$PARAM[ID]-2)]</texture>
					</control>
					<control type="image">
						<left>0</left>
						<width>215</width>
						<height>334</height>
						<bordersize>0,13,10,13</bordersize>
						<aspectratio align="center">scale</aspectratio>
						<texture background="true">$INFO[ListItem.Property(Genre$PARAM[ID]-1)]</texture>
					</control>
				</control>
				<control type="group">
					<visible>SubString(ListItem.Property(Path),movies/genres)</visible>
					<control type="image">
						<left>102</left>
						<width>215</width>
						<height>334</height>
						<bordersize>0,13,10,13</bordersize>
						<aspectratio scalediffuse="false" align="center">scale</aspectratio>
						<texture background="true" diffuse="views/genre_crop_mask.png">http://localhost:52307/getmoviegenreimages&amp;title=$INFO[Listitem.Property(InfoLabel$PARAM[ID])]&amp;type=poster.2&amp;fallback=DefaultGenre.png</texture>
						<visible>SubString(ListItem.Property(Path),movies/genres)</visible>
					</control>
					<control type="image">
						<left>51</left>
						<width>215</width>
						<height>334</height>
						<bordersize>0,13,10,13</bordersize>
						<aspectratio scalediffuse="false" align="center">scale</aspectratio>
						<texture background="true" diffuse="views/genre_crop_mask.png">http://localhost:52307/getmoviegenreimages&amp;title=$INFO[Listitem.Property(InfoLabel$PARAM[ID])]&amp;type=poster.1&amp;fallback=DefaultGenre.png</texture>
						<visible>SubString(ListItem.Property(Path),movies/genres)</visible>
					</control>
					<control type="image">
						<left>0</left>
						<width>215</width>
						<height>334</height>
						<bordersize>0,13,10,13</bordersize>
						<aspectratio align="center">scale</aspectratio>
						<texture background="true">http://localhost:52307/getmoviegenreimages&amp;title=$INFO[Listitem.Property(InfoLabel$PARAM[ID])]&amp;type=poster.0&amp;fallback=DefaultGenre.png</texture>
						<visible>SubString(ListItem.Property(Path),movies/genres)</visible>
					</control>
				</control>
				<control type="group">
					<visible>SubString(ListItem.Property(Path),tvshows/genres)</visible>
					<control type="image">
						<left>102</left>
						<width>215</width>
						<height>334</height>
						<bordersize>0,13,10,13</bordersize>
						<aspectratio scalediffuse="false" align="center">scale</aspectratio>
						<texture background="true" diffuse="views/genre_crop_mask.png">http://localhost:52307/gettvshowgenreimages&amp;title=$INFO[Listitem.Property(InfoLabel$PARAM[ID])]&amp;type=poster.2&amp;fallback=DefaultGenre.png</texture>
						<visible>SubString(ListItem.Property(Path),tvshows/genres)</visible>
					</control>
					<control type="image">
						<left>51</left>
						<width>215</width>
						<height>334</height>
						<bordersize>0,13,10,13</bordersize>
						<aspectratio scalediffuse="false" align="center">scale</aspectratio>
						<texture background="true" diffuse="views/genre_crop_mask.png">http://localhost:52307/gettvshowgenreimages&amp;title=$INFO[Listitem.Property(InfoLabel$PARAM[ID])]&amp;type=poster.1&amp;fallback=DefaultGenre.png</texture>
						<visible>SubString(ListItem.Property(Path),tvshows/genres)</visible>
					</control>
					<control type="image">
						<left>0</left>
						<width>215</width>
						<height>334</height>
						<bordersize>0,13,10,13</bordersize>
						<aspectratio align="center">scale</aspectratio>
						<texture background="true" >http://localhost:52307/gettvshowgenreimages&amp;title=$INFO[Listitem.Property(InfoLabel$PARAM[ID])]&amp;type=poster.0&amp;fallback=DefaultGenre.png</texture>
						<visible>SubString(ListItem.Property(Path),tvshows/genres)</visible>
					</control>
				</control>
			</control>
			<control type="image">
				<top>13</top>
				<width>58</width>
				<height>58</height>
				<texture>views/OverlayHD.png</texture>
				<visible>IntegerGreaterThan(ListItem.Property(VideoResolution$PARAM[ID]),719) + !SubString(ListItem.Property(Path),pvr://channels) + StringCompare(ListItem.Property(3DOverlay$PARAM[ID]),mono)</visible>
			</control>
			<control type="image">
				<top>13</top>
				<width>58</width>
				<height>58</height>
				<texture>views/Overlay3D.png</texture>
				<visible>!StringCompare(ListItem.Property(3DOverlay$PARAM[ID]),mono) + !IsEmpty(ListItem.Property(3DOverlay$PARAM[ID]))</visible>
			</control>
			<control type="image">
				<top>13</top>
				<width>308</width>
				<height>308</height>
				<texture border="2">views/season_overlay.png</texture>
				<visible>!SubString(ListItem.Property(Icon$PARAM[ID]),Default) | [SubString(ListItem.Property(Path),movies/genres) | SubString(ListItem.Property(Path),tvshows/genres) | SubString(ListItem.Property(Path),plugin://script.skin.helper.service/?action=browsegenres)]</visible>
			</control>
			<control type="image">
				<left>10</left>
				<top>251</top>
				<width>40</width>
				<height>40</height>
				<texture>views/equaliser.gif</texture>
				<visible>Player.Playing + StringCompare(MusicPlayer.Album,ListItem.Property(InfoLabel$PARAM[ID]))</visible>
			</control>
			<control type="label">
				<left>61</left>
				<top>269</top>
				<width>236</width>
				<height>28</height>
				<font>Bold28</font>
				<scroll>false</scroll>
				<textcolor>ffffffff</textcolor>
				<shadowcolor>88000000</shadowcolor>
				<label>$INFO[ListItem.Property(InfoLabel$PARAM[ID])]</label>
				<visible>Player.Playing + StringCompare(MusicPlayer.Album,ListItem.Property(InfoLabel$PARAM[ID]))</visible>
			</control>
			<control type="label">
				<left>11</left>
				<top>269</top>
				<width>286</width>
				<height>28</height>
				<font>Bold28</font>
				<scroll>false</scroll>
				<textcolor>ffffffff</textcolor>
				<shadowcolor>88000000</shadowcolor>
				<label>$INFO[ListItem.Property(InfoLabel$PARAM[ID])]</label>
				<visible>!Player.Playing | !StringCompare(MusicPlayer.Album,ListItem.Property(InfoLabel$PARAM[ID]))</visible>
			</control>
			<control type="image">
				<top>13</top>
				<width>308</width>
				<height>308</height>
				<texture>views/OverlayNF.png</texture>
				<visible>!Control.HasFocus(99)</visible>
				<animation easing="inout" effect="fade" end="100" start="0" time="220" tween="sine">VisibleChange</animation>
			</control>
		</control>
	</include>
	<include name="ParamHomeSquareInfoFocusedlayout">
		<control type="group">
			<visible>!IsEmpty(ListItem.Property(InfoLabel$PARAM[ID]))</visible>
			<left>$PARAM[left]</left>
			<control type="image">
				<width>318</width>
				<height>334</height>
				<bordersize>0,13,10,13</bordersize>
				<aspectratio align="center">scale</aspectratio>
				<texture>common/default_empty.png</texture>
				<bordertexture border="16,30,16,18">home/image_shadow_small_nf.png</bordertexture>
			</control>
			<control type="image">
				<width>318</width>
				<height>334</height>
				<bordersize>0,13,10,13</bordersize>
				<aspectratio align="center">scale</aspectratio>
				<texture fallback="views/square_fallback.png" background="true">$INFO[ListItem.Property(Icon$PARAM[ID])]</texture>
				<visible>!SubString(ListItem.Property(Path),pvr://channels)</visible>
			</control>
			<control type="image">
				<width>318</width>
				<height>334</height>
				<bordersize>0,13,10,13</bordersize>
				<aspectratio align="center">keep</aspectratio>
				<texture fallback="views/pvr_fallback.png" background="true">$INFO[ListItem.Property(Icon$PARAM[ID])]</texture>
				<visible>SubString(ListItem.Property(Path),pvr://channels)</visible>
			</control>
			<!-- Genre -->
			<control type="group">
				<visible>SubString(ListItem.Property(Path),movies/genres) | SubString(ListItem.Property(Path),tvshows/genres) | SubString(ListItem.Property(Path),plugin://script.skin.helper.service/?action=browsegenres)</visible>
				<control type="image">
					<left>102</left>
					<width>215</width>
					<height>334</height>
					<bordersize>0,13,10,13</bordersize>
					<aspectratio align="center">keep</aspectratio>
					<texture>views/poster_fallback.png</texture>
				</control>
				<control type="image">
					<left>51</left>
					<width>215</width>
					<height>334</height>
					<bordersize>0,13,10,13</bordersize>
					<aspectratio align="center">keep</aspectratio>
					<texture>views/poster_fallback.png</texture>
				</control>
				<control type="image">
					<left>0</left>
					<width>215</width>
					<height>334</height>
					<bordersize>0,13,10,13</bordersize>
					<aspectratio align="center">keep</aspectratio>
					<texture>views/poster_fallback.png</texture>
				</control>
				<control type="group">
					<visible>SubString(ListItem.Property(Path),plugin://script.skin.helper.service/?action=browsegenres)</visible>
					<control type="image">
						<left>102</left>
						<width>215</width>
						<height>334</height>
						<bordersize>0,13,10,13</bordersize>
						<aspectratio scalediffuse="false" align="center">scale</aspectratio>
						<texture background="true" diffuse="views/genre_crop_mask.png">$INFO[ListItem.Property(Genre$PARAM[ID]-3)]</texture>
					</control>
					<control type="image">
						<left>51</left>
						<width>215</width>
						<height>334</height>
						<bordersize>0,13,10,13</bordersize>
						<aspectratio scalediffuse="false" align="center">scale</aspectratio>
						<texture background="true" diffuse="views/genre_crop_mask.png" >$INFO[ListItem.Property(Genre$PARAM[ID]-2)]</texture>
					</control>
					<control type="image">
						<left>0</left>
						<width>215</width>
						<height>334</height>
						<bordersize>0,13,10,13</bordersize>
						<aspectratio align="center">scale</aspectratio>
						<texture background="true">$INFO[ListItem.Property(Genre$PARAM[ID]-1)]</texture>
					</control>
				</control>
				<control type="group">
					<visible>SubString(ListItem.Property(Path),movies/genres)</visible>
					<control type="image">
						<left>102</left>
						<width>215</width>
						<height>334</height>
						<bordersize>0,13,10,13</bordersize>
						<aspectratio scalediffuse="false" align="center">scale</aspectratio>
						<texture background="true" diffuse="views/genre_crop_mask.png">http://localhost:52307/getmoviegenreimages&amp;title=$INFO[Listitem.Property(InfoLabel$PARAM[ID])]&amp;type=poster.2&amp;fallback=DefaultGenre.png</texture>
						<visible>SubString(ListItem.Property(Path),movies/genres)</visible>
					</control>
					<control type="image">
						<left>51</left>
						<width>215</width>
						<height>334</height>
						<bordersize>0,13,10,13</bordersize>
						<aspectratio scalediffuse="false" align="center">scale</aspectratio>
						<texture background="true" diffuse="views/genre_crop_mask.png">http://localhost:52307/getmoviegenreimages&amp;title=$INFO[Listitem.Property(InfoLabel$PARAM[ID])]&amp;type=poster.1&amp;fallback=DefaultGenre.png</texture>
						<visible>SubString(ListItem.Property(Path),movies/genres)</visible>
					</control>
					<control type="image">
						<left>0</left>
						<width>215</width>
						<height>334</height>
						<bordersize>0,13,10,13</bordersize>
						<aspectratio align="center">scale</aspectratio>
						<texture background="true">http://localhost:52307/getmoviegenreimages&amp;title=$INFO[Listitem.Property(InfoLabel$PARAM[ID])]&amp;type=poster.0&amp;fallback=DefaultGenre.png</texture>
						<visible>SubString(ListItem.Property(Path),movies/genres)</visible>
					</control>
				</control>
				<control type="group">
					<visible>SubString(ListItem.Property(Path),tvshows/genres)</visible>
					<control type="image">
						<left>102</left>
						<width>215</width>
						<height>334</height>
						<bordersize>0,13,10,13</bordersize>
						<aspectratio scalediffuse="false" align="center">scale</aspectratio>
						<texture background="true" diffuse="views/genre_crop_mask.png">http://localhost:52307/gettvshowgenreimages&amp;title=$INFO[Listitem.Property(InfoLabel$PARAM[ID])]&amp;type=poster.2&amp;fallback=DefaultGenre.png</texture>
						<visible>SubString(ListItem.Property(Path),tvshows/genres)</visible>
					</control>
					<control type="image">
						<left>51</left>
						<width>215</width>
						<height>334</height>
						<bordersize>0,13,10,13</bordersize>
						<aspectratio scalediffuse="false" align="center">scale</aspectratio>
						<texture background="true" diffuse="views/genre_crop_mask.png">http://localhost:52307/gettvshowgenreimages&amp;title=$INFO[Listitem.Property(InfoLabel$PARAM[ID])]&amp;type=poster.1&amp;fallback=DefaultGenre.png</texture>
						<visible>SubString(ListItem.Property(Path),tvshows/genres)</visible>
					</control>
					<control type="image">
						<left>0</left>
						<width>215</width>
						<height>334</height>
						<bordersize>0,13,10,13</bordersize>
						<aspectratio align="center">scale</aspectratio>
						<texture background="true" >http://localhost:52307/gettvshowgenreimages&amp;title=$INFO[Listitem.Property(InfoLabel$PARAM[ID])]&amp;type=poster.0&amp;fallback=DefaultGenre.png</texture>
						<visible>SubString(ListItem.Property(Path),tvshows/genres)</visible>
					</control>
				</control>
			</control>
			<control type="image">
				<top>13</top>
				<width>58</width>
				<height>58</height>
				<texture>views/OverlayHD.png</texture>
				<visible>IntegerGreaterThan(ListItem.Property(VideoResolution$PARAM[ID]),719) + !SubString(ListItem.Property(Path),pvr://channels) + StringCompare(ListItem.Property(3DOverlay$PARAM[ID]),mono)</visible>
			</control>
			<control type="image">
				<top>13</top>
				<width>58</width>
				<height>58</height>
				<texture>views/Overlay3D.png</texture>
				<visible>!StringCompare(ListItem.Property(3DOverlay$PARAM[ID]),mono) + !IsEmpty(ListItem.Property(3DOverlay$PARAM[ID]))</visible>
			</control>
			<control type="image">
				<top>13</top>
				<width>308</width>
				<height>308</height>
				<texture border="2">views/season_overlay.png</texture>
				<visible>!SubString(ListItem.Property(Icon$PARAM[ID]),Default) | [SubString(ListItem.Property(Path),movies/genres) | SubString(ListItem.Property(Path),tvshows/genres) | SubString(ListItem.Property(Path),plugin://script.skin.helper.service/?action=browsegenres)]</visible>
			</control>
			<control type="image">
				<left>10</left>
				<top>251</top>
				<width>40</width>
				<height>40</height>
				<texture>views/equaliser.gif</texture>
				<visible>Player.Playing + StringCompare(MusicPlayer.Album,ListItem.Property(InfoLabel$PARAM[ID]))</visible>
			</control>
			<control type="label">
				<left>61</left>
				<top>269</top>
				<width>236</width>
				<height>28</height>
				<font>Bold28</font>
				<scroll>false</scroll>
				<textcolor>ffffffff</textcolor>
				<shadowcolor>88000000</shadowcolor>
				<label>$INFO[ListItem.Property(InfoLabel$PARAM[ID])]</label>
				<visible>Player.Playing + StringCompare(MusicPlayer.Album,ListItem.Property(InfoLabel$PARAM[ID]))</visible>
			</control>
			<control type="label">
				<left>11</left>
				<top>269</top>
				<width>286</width>
				<height>28</height>
				<font>Bold28</font>
				<scroll>false</scroll>
				<textcolor>ffffffff</textcolor>
				<shadowcolor>88000000</shadowcolor>
				<label>$INFO[ListItem.Property(InfoLabel$PARAM[ID])]</label>
				<visible>!Player.Playing | !StringCompare(MusicPlayer.Album,ListItem.Property(InfoLabel$PARAM[ID]))</visible>
			</control>
			<control type="image">
				<top>13</top>
				<width>308</width>
				<height>308</height>
				<texture>views/OverlayNF.png</texture>
				<visible>!Control.HasFocus(99)</visible>
				<animation effect="fade" end="0" start="100" time="0">Focus</animation>
				<animation center="auto" easing="inout" effect="fade" end="100" start="0" time="220" tween="sine">UnFocus</animation>
			</control>
		</control>
	</include>
	<include name="HomeSquareInfoItemlayout">
		<control type="group">
			<visible>[StringCompare(ListItem.Property(WidgetStyle),$LOCALIZE[31203]) | IsEmpty(ListItem.Property(WidgetStyle))] + !IsEmpty(ListItem.Property(InfoLabel1))</visible>
			<include name="ParamHomeSquareInfoItemlayout">
				<param name="left">273</param>
				<param name="ID">1</param>
			</include>
			<include name="ParamHomeSquareInfoItemlayout">
				<param name="left">604</param>
				<param name="ID">2</param>
			</include>
			<include name="ParamHomeSquareInfoItemlayout">
				<param name="left">935</param>
				<param name="ID">3</param>
			</include>
			<include name="ParamHomeSquareInfoItemlayout">
				<param name="left">1266</param>
				<param name="ID">4</param>
			</include>
		</control>
	</include>
	<include name="HomeSquareInfoFocusedlayout">
		<control type="group">
			<visible>[StringCompare(ListItem.Property(WidgetStyle),$LOCALIZE[31203]) | IsEmpty(ListItem.Property(WidgetStyle))] + !IsEmpty(ListItem.Property(InfoLabel1))</visible>
			<include name="ParamHomeSquareInfoFocusedlayout">
				<param name="left">273</param>
				<param name="ID">1</param>
			</include>
			<include name="ParamHomeSquareInfoFocusedlayout">
				<param name="left">604</param>
				<param name="ID">2</param>
			</include>
			<include name="ParamHomeSquareInfoFocusedlayout">
				<param name="left">935</param>
				<param name="ID">3</param>
			</include>
			<include name="ParamHomeSquareInfoFocusedlayout">
				<param name="left">1266</param>
				<param name="ID">4</param>
			</include>
		</control>
	</include>

	<!-- Home Square Itemlayout -->
	<include name="ParamHomeSquareItemlayout">
		<control type="group">
			<left>$PARAM[left]</left>
			<visible>!IsEmpty(ListItem.Property(InfoLabel$PARAM[ID]))</visible>
			<control type="image">
				<width>318</width>
				<height>334</height>
				<bordersize>0,13,10,13</bordersize>
				<aspectratio align="center">scale</aspectratio>
				<texture>common/default_empty.png</texture>
				<bordertexture border="16,30,16,18">home/image_shadow_small_nf.png</bordertexture>
			</control>
			<control type="image">
				<width>318</width>
				<height>334</height>
				<bordersize>0,13,10,13</bordersize>
				<aspectratio align="center">scale</aspectratio>
				<texture fallback="views/square_fallback.png" background="true">$INFO[ListItem.Property(Icon$PARAM[ID])]</texture>
				<visible>!SubString(ListItem.Property(Path),pvr://channels)</visible>
			</control>
			<control type="image">
				<width>318</width>
				<height>334</height>
				<bordersize>0,13,10,13</bordersize>
				<aspectratio align="center">keep</aspectratio>
				<texture fallback="views/pvr_fallback.png" background="true">$INFO[ListItem.Property(Icon$PARAM[ID])]</texture>
				<visible>SubString(ListItem.Property(Path),pvr://channels)</visible>
			</control>
			<!-- Genre -->
			<control type="group">
				<visible>SubString(ListItem.Property(Path),movies/genres) | SubString(ListItem.Property(Path),tvshows/genres) | SubString(ListItem.Property(Path),plugin://script.skin.helper.service/?action=browsegenres)</visible>
				<control type="image">
					<left>102</left>
					<width>215</width>
					<height>334</height>
					<bordersize>0,13,10,13</bordersize>
					<aspectratio align="center">keep</aspectratio>
					<texture>views/poster_fallback.png</texture>
				</control>
				<control type="image">
					<left>51</left>
					<width>215</width>
					<height>334</height>
					<bordersize>0,13,10,13</bordersize>
					<aspectratio align="center">keep</aspectratio>
					<texture>views/poster_fallback.png</texture>
				</control>
				<control type="image">
					<left>0</left>
					<width>215</width>
					<height>334</height>
					<bordersize>0,13,10,13</bordersize>
					<aspectratio align="center">keep</aspectratio>
					<texture>views/poster_fallback.png</texture>
				</control>
				<control type="group">
					<visible>SubString(ListItem.Property(Path),plugin://script.skin.helper.service/?action=browsegenres)</visible>
					<control type="image">
						<left>102</left>
						<width>215</width>
						<height>334</height>
						<bordersize>0,13,10,13</bordersize>
						<aspectratio scalediffuse="false" align="center">scale</aspectratio>
						<texture background="true" diffuse="views/genre_crop_mask.png">$INFO[ListItem.Property(Genre$PARAM[ID]-3)]</texture>
					</control>
					<control type="image">
						<left>51</left>
						<width>215</width>
						<height>334</height>
						<bordersize>0,13,10,13</bordersize>
						<aspectratio scalediffuse="false" align="center">scale</aspectratio>
						<texture background="true" diffuse="views/genre_crop_mask.png" >$INFO[ListItem.Property(Genre$PARAM[ID]-2)]</texture>
					</control>
					<control type="image">
						<left>0</left>
						<width>215</width>
						<height>334</height>
						<bordersize>0,13,10,13</bordersize>
						<aspectratio align="center">scale</aspectratio>
						<texture background="true">$INFO[ListItem.Property(Genre$PARAM[ID]-1)]</texture>
					</control>
				</control>
				<control type="group">
					<visible>SubString(ListItem.Property(Path),movies/genres)</visible>
					<control type="image">
						<left>102</left>
						<width>215</width>
						<height>334</height>
						<bordersize>0,13,10,13</bordersize>
						<aspectratio scalediffuse="false" align="center">scale</aspectratio>
						<texture background="true" diffuse="views/genre_crop_mask.png">http://localhost:52307/getmoviegenreimages&amp;title=$INFO[Listitem.Property(InfoLabel$PARAM[ID])]&amp;type=poster.2&amp;fallback=DefaultGenre.png</texture>
						<visible>SubString(ListItem.Property(Path),movies/genres)</visible>
					</control>
					<control type="image">
						<left>51</left>
						<width>215</width>
						<height>334</height>
						<bordersize>0,13,10,13</bordersize>
						<aspectratio scalediffuse="false" align="center">scale</aspectratio>
						<texture background="true" diffuse="views/genre_crop_mask.png">http://localhost:52307/getmoviegenreimages&amp;title=$INFO[Listitem.Property(InfoLabel$PARAM[ID])]&amp;type=poster.1&amp;fallback=DefaultGenre.png</texture>
						<visible>SubString(ListItem.Property(Path),movies/genres)</visible>
					</control>
					<control type="image">
						<left>0</left>
						<width>215</width>
						<height>334</height>
						<bordersize>0,13,10,13</bordersize>
						<aspectratio align="center">scale</aspectratio>
						<texture background="true">http://localhost:52307/getmoviegenreimages&amp;title=$INFO[Listitem.Property(InfoLabel$PARAM[ID])]&amp;type=poster.0&amp;fallback=DefaultGenre.png</texture>
						<visible>SubString(ListItem.Property(Path),movies/genres)</visible>
					</control>
				</control>
				<control type="group">
					<visible>SubString(ListItem.Property(Path),tvshows/genres)</visible>
					<control type="image">
						<left>102</left>
						<width>215</width>
						<height>334</height>
						<bordersize>0,13,10,13</bordersize>
						<aspectratio scalediffuse="false" align="center">scale</aspectratio>
						<texture background="true" diffuse="views/genre_crop_mask.png">http://localhost:52307/gettvshowgenreimages&amp;title=$INFO[Listitem.Property(InfoLabel$PARAM[ID])]&amp;type=poster.2&amp;fallback=DefaultGenre.png</texture>
						<visible>SubString(ListItem.Property(Path),tvshows/genres)</visible>
					</control>
					<control type="image">
						<left>51</left>
						<width>215</width>
						<height>334</height>
						<bordersize>0,13,10,13</bordersize>
						<aspectratio scalediffuse="false" align="center">scale</aspectratio>
						<texture background="true" diffuse="views/genre_crop_mask.png">http://localhost:52307/gettvshowgenreimages&amp;title=$INFO[Listitem.Property(InfoLabel$PARAM[ID])]&amp;type=poster.1&amp;fallback=DefaultGenre.png</texture>
						<visible>SubString(ListItem.Property(Path),tvshows/genres)</visible>
					</control>
					<control type="image">
						<left>0</left>
						<width>215</width>
						<height>334</height>
						<bordersize>0,13,10,13</bordersize>
						<aspectratio align="center">scale</aspectratio>
						<texture background="true">http://localhost:52307/gettvshowgenreimages&amp;title=$INFO[Listitem.Property(InfoLabel$PARAM[ID])]&amp;type=poster.0&amp;fallback=DefaultGenre.png</texture>
						<visible>SubString(ListItem.Property(Path),tvshows/genres)</visible>
					</control>
				</control>
			</control>
			<control type="image">
				<top>13</top>
				<width>58</width>
				<height>58</height>
				<texture>views/OverlayHD.png</texture>
				<visible>IntegerGreaterThan(ListItem.Property(VideoResolution$PARAM[ID]),719) + !SubString(ListItem.Property(Path),pvr://channels) + StringCompare(ListItem.Property(3DOverlay$PARAM[ID]),mono)</visible>
			</control>
			<control type="image">
				<top>13</top>
				<width>58</width>
				<height>58</height>
				<texture>views/Overlay3D.png</texture>
				<visible>!StringCompare(ListItem.Property(3DOverlay$PARAM[ID]),mono) + !IsEmpty(ListItem.Property(3DOverlay$PARAM[ID]))</visible>
			</control>
			<control type="image">
				<top>13</top>
				<width>308</width>
				<height>308</height>
				<texture>views/OverlayNF.png</texture>
				<visible>!Control.HasFocus(99)</visible>
				<animation easing="inout" effect="fade" end="100" start="0" time="220" tween="sine">VisibleChange</animation>
			</control>
		</control>
	</include>
	<include name="ParamHomeSquareFocusedlayout">
		<control type="group">
			<left>$PARAM[left]</left>
			<visible>!IsEmpty(ListItem.Property(InfoLabel$PARAM[ID]))</visible>
			<control type="image">
				<width>318</width>
				<height>334</height>
				<bordersize>0,13,10,13</bordersize>
				<aspectratio align="center">scale</aspectratio>
				<texture>common/default_empty.png</texture>
				<bordertexture border="16,30,16,18">home/image_shadow_small_nf.png</bordertexture>
			</control>
			<control type="image">
				<width>318</width>
				<height>334</height>
				<bordersize>0,13,10,13</bordersize>
				<aspectratio align="center">scale</aspectratio>
				<texture fallback="views/square_fallback.png" background="true">$INFO[ListItem.Property(Icon$PARAM[ID])]</texture>
				<visible>!SubString(ListItem.Property(Path),pvr://channels)</visible>
			</control>
			<control type="image">
				<width>318</width>
				<height>334</height>
				<bordersize>0,13,10,13</bordersize>
				<aspectratio align="center">keep</aspectratio>
				<texture fallback="views/pvr_fallback.png" background="true">$INFO[ListItem.Property(Icon$PARAM[ID])]</texture>
				<visible>SubString(ListItem.Property(Path),pvr://channels)</visible>
			</control>
			<!-- Genre -->
			<control type="group">
				<visible>SubString(ListItem.Property(Path),movies/genres) | SubString(ListItem.Property(Path),tvshows/genres) | SubString(ListItem.Property(Path),plugin://script.skin.helper.service/?action=browsegenres)</visible>
				<control type="image">
					<left>102</left>
					<width>215</width>
					<height>334</height>
					<bordersize>0,13,10,13</bordersize>
					<aspectratio align="center">keep</aspectratio>
					<texture>views/poster_fallback.png</texture>
				</control>
				<control type="image">
					<left>51</left>
					<width>215</width>
					<height>334</height>
					<bordersize>0,13,10,13</bordersize>
					<aspectratio align="center">keep</aspectratio>
					<texture>views/poster_fallback.png</texture>
				</control>
				<control type="image">
					<left>0</left>
					<width>215</width>
					<height>334</height>
					<bordersize>0,13,10,13</bordersize>
					<aspectratio align="center">keep</aspectratio>
					<texture>views/poster_fallback.png</texture>
				</control>
				<control type="group">
					<visible>SubString(ListItem.Property(Path),plugin://script.skin.helper.service/?action=browsegenres)</visible>
					<control type="image">
						<left>102</left>
						<width>215</width>
						<height>334</height>
						<bordersize>0,13,10,13</bordersize>
						<aspectratio scalediffuse="false" align="center">scale</aspectratio>
						<texture background="true" diffuse="views/genre_crop_mask.png">$INFO[ListItem.Property(Genre$PARAM[ID]-3)]</texture>
					</control>
					<control type="image">
						<left>51</left>
						<width>215</width>
						<height>334</height>
						<bordersize>0,13,10,13</bordersize>
						<aspectratio scalediffuse="false" align="center">scale</aspectratio>
						<texture background="true" diffuse="views/genre_crop_mask.png" >$INFO[ListItem.Property(Genre$PARAM[ID]-2)]</texture>
					</control>
					<control type="image">
						<left>0</left>
						<width>215</width>
						<height>334</height>
						<bordersize>0,13,10,13</bordersize>
						<aspectratio align="center">scale</aspectratio>
						<texture background="true">$INFO[ListItem.Property(Genre$PARAM[ID]-1)]</texture>
					</control>
				</control>
				<control type="group">
					<visible>SubString(ListItem.Property(Path),movies/genres)</visible>
					<control type="image">
						<left>102</left>
						<width>215</width>
						<height>334</height>
						<bordersize>0,13,10,13</bordersize>
						<aspectratio scalediffuse="false" align="center">scale</aspectratio>
						<texture background="true" diffuse="views/genre_crop_mask.png">http://localhost:52307/getmoviegenreimages&amp;title=$INFO[Listitem.Property(InfoLabel$PARAM[ID])]&amp;type=poster.2&amp;fallback=DefaultGenre.png</texture>
						<visible>SubString(ListItem.Property(Path),movies/genres)</visible>
					</control>
					<control type="image">
						<left>51</left>
						<width>215</width>
						<height>334</height>
						<bordersize>0,13,10,13</bordersize>
						<aspectratio scalediffuse="false" align="center">scale</aspectratio>
						<texture background="true" diffuse="views/genre_crop_mask.png">http://localhost:52307/getmoviegenreimages&amp;title=$INFO[Listitem.Property(InfoLabel$PARAM[ID])]&amp;type=poster.1&amp;fallback=DefaultGenre.png</texture>
						<visible>SubString(ListItem.Property(Path),movies/genres)</visible>
					</control>
					<control type="image">
						<left>0</left>
						<width>215</width>
						<height>334</height>
						<bordersize>0,13,10,13</bordersize>
						<aspectratio align="center">scale</aspectratio>
						<texture background="true">http://localhost:52307/getmoviegenreimages&amp;title=$INFO[Listitem.Property(InfoLabel$PARAM[ID])]&amp;type=poster.0&amp;fallback=DefaultGenre.png</texture>
						<visible>SubString(ListItem.Property(Path),movies/genres)</visible>
					</control>
				</control>
				<control type="group">
					<visible>SubString(ListItem.Property(Path),tvshows/genres)</visible>
					<control type="image">
						<left>102</left>
						<width>215</width>
						<height>334</height>
						<bordersize>0,13,10,13</bordersize>
						<aspectratio scalediffuse="false" align="center">scale</aspectratio>
						<texture background="true" diffuse="views/genre_crop_mask.png">http://localhost:52307/gettvshowgenreimages&amp;title=$INFO[Listitem.Property(InfoLabel$PARAM[ID])]&amp;type=poster.2&amp;fallback=DefaultGenre.png</texture>
						<visible>SubString(ListItem.Property(Path),tvshows/genres)</visible>
					</control>
					<control type="image">
						<left>51</left>
						<width>215</width>
						<height>334</height>
						<bordersize>0,13,10,13</bordersize>
						<aspectratio scalediffuse="false" align="center">scale</aspectratio>
						<texture background="true" diffuse="views/genre_crop_mask.png">http://localhost:52307/gettvshowgenreimages&amp;title=$INFO[Listitem.Property(InfoLabel$PARAM[ID])]&amp;type=poster.1&amp;fallback=DefaultGenre.png</texture>
						<visible>SubString(ListItem.Property(Path),tvshows/genres)</visible>
					</control>
					<control type="image">
						<left>0</left>
						<width>215</width>
						<height>334</height>
						<bordersize>0,13,10,13</bordersize>
						<aspectratio align="center">scale</aspectratio>
						<texture background="true">http://localhost:52307/gettvshowgenreimages&amp;title=$INFO[Listitem.Property(InfoLabel$PARAM[ID])]&amp;type=poster.0&amp;fallback=DefaultGenre.png</texture>
						<visible>SubString(ListItem.Property(Path),tvshows/genres)</visible>
					</control>
				</control>
			</control>
			<control type="image">
				<top>13</top>
				<width>58</width>
				<height>58</height>
				<texture>views/OverlayHD.png</texture>
				<visible>IntegerGreaterThan(ListItem.Property(VideoResolution$PARAM[ID]),719) + !SubString(ListItem.Property(Path),pvr://channels) + StringCompare(ListItem.Property(3DOverlay$PARAM[ID]),mono)</visible>
			</control>
			<control type="image">
				<top>13</top>
				<width>58</width>
				<height>58</height>
				<texture>views/Overlay3D.png</texture>
				<visible>!StringCompare(ListItem.Property(3DOverlay$PARAM[ID]),mono) + !IsEmpty(ListItem.Property(3DOverlay$PARAM[ID]))</visible>
			</control>
			<control type="image">
				<top>13</top>
				<width>308</width>
				<height>308</height>
				<texture>views/OverlayNF.png</texture>
				<visible>!Control.HasFocus(99)</visible>
				<animation effect="fade" end="0" start="100" time="0">Focus</animation>
				<animation center="auto" easing="inout" effect="fade" end="100" start="0" time="220" tween="sine">UnFocus</animation>
			</control>
		</control>
	</include>
	<include name="HomeSquareItemlayout">
		<control type="group">
			<visible>StringCompare(ListItem.Property(WidgetStyle),$LOCALIZE[31161]) + !IsEmpty(ListItem.Property(InfoLabel1))</visible>
			<include name="ParamHomeSquareItemlayout">
				<param name="left">273</param>
				<param name="ID">1</param>
			</include>
			<include name="ParamHomeSquareItemlayout">
				<param name="left">604</param>
				<param name="ID">2</param>
			</include>
			<include name="ParamHomeSquareItemlayout">
				<param name="left">935</param>
				<param name="ID">3</param>
			</include>
			<include name="ParamHomeSquareItemlayout">
				<param name="left">1266</param>
				<param name="ID">4</param>
			</include>
		</control>
	</include>
	<include name="HomeSquareFocusedlayout">
		<control type="group">
			<visible>StringCompare(ListItem.Property(WidgetStyle),$LOCALIZE[31161]) + !IsEmpty(ListItem.Property(InfoLabel1))</visible>
			<include name="ParamHomeSquareFocusedlayout">
				<param name="left">273</param>
				<param name="ID">1</param>
			</include>
			<include name="ParamHomeSquareFocusedlayout">
				<param name="left">604</param>
				<param name="ID">2</param>
			</include>
			<include name="ParamHomeSquareFocusedlayout">
				<param name="left">935</param>
				<param name="ID">3</param>
			</include>
			<include name="ParamHomeSquareFocusedlayout">
				<param name="left">1266</param>
				<param name="ID">4</param>
			</include>
		</control>
	</include>

	<!-- Home Poster Itemlayout -->
	<include name="ParamHomePosterItemlayout">
		<control type="group">
			<visible>!IsEmpty(ListItem.Property(InfoLabel$PARAM[ID]))</visible>
			<left>$PARAM[left]</left>
			<control type="image">
				<width>215</width>
				<height>334</height>
				<bordersize>0,13,10,13</bordersize>
				<aspectratio align="center">scale</aspectratio>
				<texture>common/poster_empty.png</texture>
				<bordertexture border="16,30,16,18">home/image_shadow_small_nf.png</bordertexture>
			</control>
			<control type="image">
				<width>215</width>
				<height>334</height>
				<bordersize>0,13,10,13</bordersize>
				<aspectratio align="center">scale</aspectratio>
				<texture fallback="views/poster_fallback.png" background="true">$INFO[ListItem.Property(Icon$PARAM[ID])]</texture>
			</control>
			<control type="image">
				<top>13</top>
				<width>58</width>
				<height>58</height>
				<texture>views/OverlayHD.png</texture>
				<visible>IntegerGreaterThan(ListItem.Property(VideoResolution$PARAM[ID]),719) + !SubString(ListItem.Property(Path),pvr://channels) + StringCompare(ListItem.Property(3DOverlay$PARAM[ID]),mono)</visible>
			</control>
			<control type="image">
				<top>13</top>
				<width>58</width>
				<height>58</height>
				<texture>views/Overlay3D.png</texture>
				<visible>!StringCompare(ListItem.Property(3DOverlay$PARAM[ID]),mono) + !IsEmpty(ListItem.Property(3DOverlay$PARAM[ID]))</visible>
			</control>
			<control type="image">
				<top>13</top>
				<width>58</width>
				<height>58</height>
				<texture>views/OverlayWatched.png</texture>
				<visible>StringCompare(ListItem.Property(Overlay$PARAM[ID]),OverlayWatched.png)</visible>
			</control>
			<control type="image">
				<top>13</top>
				<width>205</width>
				<height>308</height>
				<texture>views/OverlayNF.png</texture>
				<visible>!Control.HasFocus(99)</visible>
				<animation easing="inout" effect="fade" end="100" start="0" time="220" tween="sine">VisibleChange</animation>
			</control>
		</control>
	</include>
	<include name="ParamHomePosterFocusedlayout">
		<control type="group">
			<visible>!IsEmpty(ListItem.Property(InfoLabel$PARAM[ID]))</visible>
			<left>$PARAM[left]</left>
			<control type="image">
				<width>215</width>
				<height>334</height>
				<bordersize>0,13,10,13</bordersize>
				<aspectratio align="center">scale</aspectratio>
				<texture>common/poster_empty.png</texture>
				<bordertexture border="16,30,16,18">home/image_shadow_small_nf.png</bordertexture>
			</control>
			<control type="image">
				<width>215</width>
				<height>334</height>
				<bordersize>0,13,10,13</bordersize>
				<aspectratio align="center">scale</aspectratio>
				<texture fallback="views/poster_fallback.png" background="true">$INFO[ListItem.Property(Icon$PARAM[ID])]</texture>
			</control>
			<control type="image">
				<top>13</top>
				<width>58</width>
				<height>58</height>
				<texture>views/OverlayHD.png</texture>
				<visible>IntegerGreaterThan(ListItem.Property(VideoResolution$PARAM[ID]),719) + !SubString(ListItem.Property(Path),pvr://channels) + StringCompare(ListItem.Property(3DOverlay$PARAM[ID]),mono)</visible>
			</control>
			<control type="image">
				<top>13</top>
				<width>58</width>
				<height>58</height>
				<texture>views/Overlay3D.png</texture>
				<visible>!StringCompare(ListItem.Property(3DOverlay$PARAM[ID]),mono) + !IsEmpty(ListItem.Property(3DOverlay$PARAM[ID]))</visible>
			</control>
			<control type="image">
				<top>13</top>
				<width>58</width>
				<height>58</height>
				<texture>views/OverlayWatched.png</texture>
				<visible>StringCompare(ListItem.Property(Overlay$PARAM[ID]),OverlayWatched.png)</visible>
			</control>
			<control type="image">
				<top>13</top>
				<width>205</width>
				<height>308</height>
				<texture>views/OverlayNF.png</texture>
				<visible>!Control.HasFocus(99)</visible>
				<animation effect="fade" end="0" start="100" time="0">Focus</animation>
				<animation center="auto" easing="inout" effect="fade" end="100" start="0" time="220" tween="sine">UnFocus</animation>
			</control>
		</control>
	</include>
	<include name="HomePosterItemlayout">
		<control type="group">
			<visible>StringCompare(ListItem.Property(WidgetStyle),$LOCALIZE[31160]) + !IsEmpty(ListItem.Property(InfoLabel1))</visible>
			<include name="ParamHomePosterItemlayout">
				<param name="left">273</param>
				<param name="ID">1</param>
			</include>
			<include name="ParamHomePosterItemlayout">
				<param name="left">501</param>
				<param name="ID">2</param>
			</include>
			<include name="ParamHomePosterItemlayout">
				<param name="left">729</param>
				<param name="ID">3</param>
			</include>
			<include name="ParamHomePosterItemlayout">
				<param name="left">957</param>
				<param name="ID">4</param>
			</include>
			<include name="ParamHomePosterItemlayout">
				<param name="left">1185</param>
				<param name="ID">5</param>
			</include>
			<include name="ParamHomePosterItemlayout">
				<param name="left">1413</param>
				<param name="ID">6</param>
			</include>
		</control>
	</include>
	<include name="HomePosterFocusedlayout">
		<control type="group">
			<visible>StringCompare(ListItem.Property(WidgetStyle),$LOCALIZE[31160]) + !IsEmpty(ListItem.Property(InfoLabel1))</visible>
			<include name="ParamHomePosterFocusedlayout">
				<param name="left">273</param>
				<param name="ID">1</param>
			</include>
			<include name="ParamHomePosterFocusedlayout">
				<param name="left">501</param>
				<param name="ID">2</param>
			</include>
			<include name="ParamHomePosterFocusedlayout">
				<param name="left">729</param>
				<param name="ID">3</param>
			</include>
			<include name="ParamHomePosterFocusedlayout">
				<param name="left">957</param>
				<param name="ID">4</param>
			</include>
			<include name="ParamHomePosterFocusedlayout">
				<param name="left">1185</param>
				<param name="ID">5</param>
			</include>
			<include name="ParamHomePosterFocusedlayout">
				<param name="left">1413</param>
				<param name="ID">6</param>
			</include>
		</control>
	</include>

	<!-- Home Wide Itemlayout -->
	<include name="ParamHomeWideItemlayout">
		<control type="group">
			<left>$PARAM[left]</left>
			<visible>!IsEmpty(ListItem.Property(InfoLabel$PARAM[ID]))</visible>
			<control type="image">
				<width>423</width>
				<height>334</height>
				<bordersize>0,13,10,13</bordersize>
				<aspectratio align="center">scale</aspectratio>
				<texture>common/wide_empty.png</texture>
				<bordertexture border="16,30,16,18">home/image_shadow_small_nf.png</bordertexture>
			</control>
			<control type="image">
				<width>423</width>
				<height>334</height>
				<bordersize>0,13,10,13</bordersize>
				<aspectratio align="center">scale</aspectratio>
				<texture fallback="views/episode_fallback.png" background="true">$INFO[ListItem.Property(ArtFTV$PARAM[ID])]</texture>
				<visible>!IsEmpty(ListItem.Property(ArtFTV$PARAM[ID]))</visible>
			</control>
			<control type="image">
				<width>423</width>
				<height>334</height>
				<bordersize>0,13,10,13</bordersize>
				<aspectratio align="center">scale</aspectratio>
				<texture fallback="views/episode_fallback.png" background="true">$INFO[ListItem.Property(ArtFanart$PARAM[ID])]</texture>
				<visible>IsEmpty(ListItem.Property(ArtFTV$PARAM[ID])) + !IsEmpty(ListItem.Property(ArtFanart$PARAM[ID]))</visible>
			</control>
			<control type="image">
				<width>423</width>
				<height>334</height>
				<bordersize>0,13,10,13</bordersize>
				<texture border="2">views/clearlogo_overlay.png</texture>
				<visible>IsEmpty(ListItem.Property(ArtFTV$PARAM[ID])) + !IsEmpty(ListItem.Property(ArtFanart$PARAM[ID])) + !IsEmpty(ListItem.Property(ArtLogo$PARAM[ID]))</visible>
			</control>
			<control type="image">
				<left>78</left>
				<top>193</top>
				<width>257</width>
				<height>101</height>
				<aspectratio align="center" aligny="top">keep</aspectratio>
				<texture background="true">$INFO[ListItem.Property(ArtLogo$PARAM[ID])]</texture>
				<visible>IsEmpty(ListItem.Property(ArtFTV$PARAM[ID])) + !IsEmpty(ListItem.Property(ArtFanart$PARAM[ID]))</visible>
			</control>
			<control type="image">
				<width>423</width>
				<height>334</height>
				<bordersize>0,13,10,13</bordersize>
				<aspectratio align="center">scale</aspectratio>
				<texture fallback="views/episode_fallback.png" background="true">$INFO[ListItem.Property(Icon$PARAM[ID])]</texture>
				<visible>IsEmpty(ListItem.Property(ArtFTV$PARAM[ID])) + IsEmpty(ListItem.Property(ArtFanart$PARAM[ID]))</visible>
			</control>
			<control type="image">
				<top>13</top>
				<width>58</width>
				<height>58</height>
				<texture>views/OverlayHD.png</texture>
				<visible>IntegerGreaterThan(ListItem.Property(VideoResolution$PARAM[ID]),719) + !SubString(ListItem.Property(Path),pvr://channels) + StringCompare(ListItem.Property(3DOverlay$PARAM[ID]),mono)</visible>
			</control>
			<control type="image">
				<top>13</top>
				<width>58</width>
				<height>58</height>
				<texture>views/Overlay3D.png</texture>
				<visible>!StringCompare(ListItem.Property(3DOverlay$PARAM[ID]),mono) + !IsEmpty(ListItem.Property(3DOverlay$PARAM[ID]))</visible>
			</control>
			<control type="image">
				<top>13</top>
				<width>58</width>
				<height>58</height>
				<texture>views/OverlayWatched.png</texture>
				<visible>StringCompare(ListItem.Property(Overlay$PARAM[ID]),OverlayWatched.png)</visible>
			</control>
			<control type="image">
				<top>13</top>
				<width>413</width>
				<height>308</height>
				<texture>views/OverlayNF.png</texture>
				<visible>!Control.HasFocus(99)</visible>
				<animation easing="inout" effect="fade" end="100" start="0" time="220" tween="sine">VisibleChange</animation>
			</control>
		</control>
	</include>
	<include name="ParamHomeWideFocusedlayout">
		<control type="group">
			<left>$PARAM[left]</left>
			<visible>!IsEmpty(ListItem.Property(InfoLabel$PARAM[ID]))</visible>
			<control type="image">
				<width>423</width>
				<height>334</height>
				<bordersize>0,13,10,13</bordersize>
				<aspectratio align="center">scale</aspectratio>
				<texture>common/wide_empty.png</texture>
				<bordertexture border="16,30,16,18">home/image_shadow_small_nf.png</bordertexture>
			</control>
			<control type="image">
				<width>423</width>
				<height>334</height>
				<bordersize>0,13,10,13</bordersize>
				<aspectratio align="center">scale</aspectratio>
				<texture fallback="views/episode_fallback.png" background="true">$INFO[ListItem.Property(ArtFTV$PARAM[ID])]</texture>
				<visible>!IsEmpty(ListItem.Property(ArtFTV$PARAM[ID]))</visible>
			</control>
			<control type="image">
				<width>423</width>
				<height>334</height>
				<bordersize>0,13,10,13</bordersize>
				<aspectratio align="center">scale</aspectratio>
				<texture fallback="views/episode_fallback.png" background="true">$INFO[ListItem.Property(ArtFanart$PARAM[ID])]</texture>
				<visible>IsEmpty(ListItem.Property(ArtFTV$PARAM[ID])) + !IsEmpty(ListItem.Property(ArtFanart$PARAM[ID]))</visible>
			</control>
			<control type="image">
				<width>423</width>
				<height>334</height>
				<bordersize>0,13,10,13</bordersize>
				<texture border="2">views/clearlogo_overlay.png</texture>
				<visible>IsEmpty(ListItem.Property(ArtFTV$PARAM[ID])) + !IsEmpty(ListItem.Property(ArtFanart$PARAM[ID])) + !IsEmpty(ListItem.Property(ArtLogo$PARAM[ID]))</visible>
			</control>
			<control type="image">
				<left>78</left>
				<top>193</top>
				<width>257</width>
				<height>101</height>
				<aspectratio align="center" aligny="top">keep</aspectratio>
				<texture background="true">$INFO[ListItem.Property(ArtLogo$PARAM[ID])]</texture>
				<visible>IsEmpty(ListItem.Property(ArtFTV$PARAM[ID])) + !IsEmpty(ListItem.Property(ArtFanart$PARAM[ID]))</visible>
			</control>
			<control type="image">
				<width>423</width>
				<height>334</height>
				<bordersize>0,13,10,13</bordersize>
				<aspectratio align="center">scale</aspectratio>
				<texture fallback="views/episode_fallback.png" background="true">$INFO[ListItem.Property(Icon$PARAM[ID])]</texture>
				<visible>IsEmpty(ListItem.Property(ArtFTV$PARAM[ID])) + IsEmpty(ListItem.Property(ArtFanart$PARAM[ID]))</visible>
			</control>
			<control type="image">
				<top>13</top>
				<width>58</width>
				<height>58</height>
				<texture>views/OverlayHD.png</texture>
				<visible>IntegerGreaterThan(ListItem.Property(VideoResolution$PARAM[ID]),719) + !SubString(ListItem.Property(Path),pvr://channels) + StringCompare(ListItem.Property(3DOverlay$PARAM[ID]),mono)</visible>
			</control>
			<control type="image">
				<top>13</top>
				<width>58</width>
				<height>58</height>
				<texture>views/Overlay3D.png</texture>
				<visible>!StringCompare(ListItem.Property(3DOverlay$PARAM[ID]),mono) + !IsEmpty(ListItem.Property(3DOverlay$PARAM[ID]))</visible>
			</control>
			<control type="image">
				<top>13</top>
				<width>58</width>
				<height>58</height>
				<texture>views/OverlayWatched.png</texture>
				<visible>StringCompare(ListItem.Property(Overlay$PARAM[ID]),OverlayWatched.png)</visible>
			</control>
			<control type="image">
				<top>13</top>
				<width>413</width>
				<height>308</height>
				<texture>views/OverlayNF.png</texture>
				<visible>!Control.HasFocus(99)</visible>
				<animation easing="inout" effect="fade" end="100" start="0" time="220" tween="sine">VisibleChange</animation>
				<animation effect="fade" end="0" start="100" time="0">Focus</animation>
				<animation center="auto" easing="inout" effect="fade" end="100" start="0" time="220" tween="sine">UnFocus</animation>
			</control>
		</control>
	</include>
	<include name="HomeWideItemlayout">
		<control type="group">
			<visible>StringCompare(ListItem.Property(WidgetStyle),$LOCALIZE[31159]) + !IsEmpty(ListItem.Property(InfoLabel1))</visible>
			<include name="ParamHomeWideItemlayout">
				<param name="left">273</param>
				<param name="ID">1</param>
			</include>
			<include name="ParamHomeWideItemlayout">
				<param name="left">707</param>
				<param name="ID">2</param>
			</include>
			<include name="ParamHomeWideItemlayout">
				<param name="left">1141</param>
				<param name="ID">3</param>
			</include>
		</control>
	</include>
	<include name="HomeWideFocusedlayout">
		<control type="group">
			<visible>StringCompare(ListItem.Property(WidgetStyle),$LOCALIZE[31159]) + !IsEmpty(ListItem.Property(InfoLabel1))</visible>
			<include name="ParamHomeWideFocusedlayout">
				<param name="left">273</param>
				<param name="ID">1</param>
			</include>
			<include name="ParamHomeWideFocusedlayout">
				<param name="left">707</param>
				<param name="ID">2</param>
			</include>
			<include name="ParamHomeWideFocusedlayout">
				<param name="left">1141</param>
				<param name="ID">3</param>
			</include>
		</control>
	</include>

	<!-- Home Wide Episode Itemlayout -->
	<include name="ParamHomeWideEpisodeItemlayout">
		<control type="group">
			<left>$PARAM[left]</left>
			<visible>!IsEmpty(ListItem.Property(InfoLabel$PARAM[ID]))</visible>
			<control type="image">
				<width>423</width>
				<height>334</height>
				<bordersize>0,13,10,13</bordersize>
				<aspectratio align="center">scale</aspectratio>
				<texture>common/wide_empty.png</texture>
				<bordertexture border="16,30,16,18">home/image_shadow_small_nf.png</bordertexture>
			</control>
			<control type="image">
				<width>423</width>
				<height>334</height>
				<bordersize>0,13,10,13</bordersize>
				<aspectratio align="center">scale</aspectratio>
				<texture fallback="views/episode_fallback.png" background="true">$INFO[ListItem.Property(Icon$PARAM[ID])]</texture>
			</control>
			<control type="image">
				<top>13</top>
				<width>58</width>
				<height>58</height>
				<texture>views/OverlayHD.png</texture>
				<visible>IntegerGreaterThan(ListItem.Property(VideoResolution$PARAM[ID]),719) + !SubString(ListItem.Property(Path),pvr://channels) + StringCompare(ListItem.Property(3DOverlay$PARAM[ID]),mono)</visible>
			</control>
			<control type="image">
				<top>13</top>
				<width>58</width>
				<height>58</height>
				<texture>views/Overlay3D.png</texture>
				<visible>!StringCompare(ListItem.Property(3DOverlay$PARAM[ID]),mono) + !IsEmpty(ListItem.Property(3DOverlay$PARAM[ID]))</visible>
			</control>
			<control type="image">
				<top>13</top>
				<width>58</width>
				<height>58</height>
				<texture>views/OverlayWatched.png</texture>
				<visible>StringCompare(ListItem.Property(Overlay$PARAM[ID]),OverlayWatched.png)</visible>
			</control>
			<control type="image">
				<top>13</top>
				<width>413</width>
				<height>308</height>
				<texture>views/OverlayNF.png</texture>
				<visible>!Control.HasFocus(99)</visible>
				<animation easing="inout" effect="fade" end="100" start="0" time="220" tween="sine">VisibleChange</animation>
			</control>
		</control>
	</include>
	<include name="ParamHomeWideEpisodeFocusedlayout">
		<control type="group">
			<left>$PARAM[left]</left>
			<visible>!IsEmpty(ListItem.Property(InfoLabel$PARAM[ID]))</visible>
			<control type="image">
				<width>423</width>
				<height>334</height>
				<bordersize>0,13,10,13</bordersize>
				<aspectratio align="center">scale</aspectratio>
				<texture>common/wide_empty.png</texture>
				<bordertexture border="16,30,16,18">home/image_shadow_small_nf.png</bordertexture>
			</control>
			<control type="image">
				<width>423</width>
				<height>334</height>
				<bordersize>0,13,10,13</bordersize>
				<aspectratio align="center">scale</aspectratio>
				<texture fallback="views/episode_fallback.png" background="true">$INFO[ListItem.Property(Icon$PARAM[ID])]</texture>
			</control>
			<control type="image">
				<top>13</top>
				<width>58</width>
				<height>58</height>
				<texture>views/OverlayHD.png</texture>
				<visible>IntegerGreaterThan(ListItem.Property(VideoResolution$PARAM[ID]),719) + !SubString(ListItem.Property(Path),pvr://channels) + StringCompare(ListItem.Property(3DOverlay$PARAM[ID]),mono)</visible>
			</control>
			<control type="image">
				<top>13</top>
				<width>58</width>
				<height>58</height>
				<texture>views/Overlay3D.png</texture>
				<visible>!StringCompare(ListItem.Property(3DOverlay$PARAM[ID]),mono) + !IsEmpty(ListItem.Property(3DOverlay$PARAM[ID]))</visible>
			</control>
			<control type="image">
				<top>13</top>
				<width>58</width>
				<height>58</height>
				<texture>views/OverlayWatched.png</texture>
				<visible>StringCompare(ListItem.Property(Overlay$PARAM[ID]),OverlayWatched.png)</visible>
			</control>
			<control type="image">
				<top>13</top>
				<width>413</width>
				<height>308</height>
				<texture>views/OverlayNF.png</texture>
				<visible>!Control.HasFocus(99)</visible>
				<animation easing="inout" effect="fade" end="100" start="0" time="220" tween="sine">VisibleChange</animation>
				<animation effect="fade" end="0" start="100" time="0">Focus</animation>
				<animation center="auto" easing="inout" effect="fade" end="100" start="0" time="220" tween="sine">UnFocus</animation>
			</control>
		</control>
	</include>
	<include name="HomeWideEpisodeItemlayout">
		<control type="group">
			<visible>StringCompare(ListItem.Property(WidgetStyle),$LOCALIZE[31549]) + !IsEmpty(ListItem.Property(InfoLabel1))</visible>
			<include name="ParamHomeWideEpisodeItemlayout">
				<param name="left">273</param>
				<param name="ID">1</param>
			</include>
			<include name="ParamHomeWideEpisodeItemlayout">
				<param name="left">707</param>
				<param name="ID">2</param>
			</include>
			<include name="ParamHomeWideEpisodeItemlayout">
				<param name="left">1141</param>
				<param name="ID">3</param>
			</include>
		</control>
	</include>
	<include name="HomeWideEpisodeFocusedlayout">
		<control type="group">
			<visible>StringCompare(ListItem.Property(WidgetStyle),$LOCALIZE[31549]) + !IsEmpty(ListItem.Property(InfoLabel1))</visible>
			<include name="ParamHomeWideEpisodeFocusedlayout">
				<param name="left">273</param>
				<param name="ID">1</param>
			</include>
			<include name="ParamHomeWideEpisodeFocusedlayout">
				<param name="left">707</param>
				<param name="ID">2</param>
			</include>
			<include name="ParamHomeWideEpisodeFocusedlayout">
				<param name="left">1141</param>
				<param name="ID">3</param>
			</include>
		</control>
	</include>
	
</includes>