<?xml version="1.0" encoding="UTF-8"?>
<window>
	<!-- pvr channel manager -->
	<defaultcontrol always="true">9001</defaultcontrol>
	<controls>
		<include>DialogBackgroundImage</include>
		<!-- Main group -->
		<control type="group">
			<left>190</left>
			<centertop>50%</centertop>
			<width>1540</width>
			<height>664</height>
			<include>DialogZoomAnimation</include>
			<control type="image">
				<width>1540</width>
				<height>664</height>
				<texture>dialogs/groupmanager_back.png</texture>
			</control>
			<!-- Heading -->
			<control type="label">
				<left>40</left>
				<top>14</top>
				<height>30</height>
				<width>1540</width>
				<aligny>center</aligny>
				<font>Bold30</font>
				<label>$LOCALIZE[19146]</label>
				<textcolor>ffdadada</textcolor>
			</control>
			<control type="label">
				<left>553</left>
				<top>14</top>
				<height>30</height>
				<width>1540</width>
				<aligny>center</aligny>
				<font>Bold30</font>
				<label>$LOCALIZE[19219]</label>
				<textcolor>ffdadada</textcolor>
			</control>
			<control type="label">
				<left>1066</left>
				<top>14</top>
				<height>30</height>
				<width>1540</width>
				<aligny>center</aligny>
				<font>Bold30</font>
				<label>$LOCALIZE[19145]</label>
				<textcolor>ffdadada</textcolor>
			</control>
			<!-- Left list -->
			<control type="list" id="13">
				<top>60</top>
				<width>513</width>
				<height>504</height>
				<onleft>noop</onleft>
				<onright>11</onright>
				<onup>noop</onup>
				<ondown>9001</ondown>
				<scrolltime>0</scrolltime>
				<itemlayout height="84" width="670">
					<control type="image">
						<width>670</width>
						<height>84</height>
						<texture border="3">settings/button_no_focus.png</texture>
					</control>
					<control type="label">
						<left>40</left>
						<width>590</width>
						<height>84</height>
						<font>Light32</font>
						<textcolor>ff505153</textcolor>
						<label>$INFO[ListItem.Label]</label>
					</control>
				</itemlayout>
				<focusedlayout height="84" width="670">
					<control type="image">
						<width>670</width>
						<height>84</height>
						<texture border="3">settings/button_focus.png</texture>
					</control>
					<control type="label">
						<left>40</left>
						<width>590</width>
						<height>84</height>
						<font>Light32</font>
						<textcolor>ffffffff</textcolor>
						<label>$INFO[ListItem.Label]</label>
						<visible>!Control.HasFocus(13)</visible>
					</control>
					<control type="label">
						<left>40</left>
						<width>590</width>
						<height>84</height>
						<font>Light32</font>
						<textcolor>ffffaf37</textcolor>
						<label>$INFO[ListItem.Label]</label>
						<visible>Control.HasFocus(13)</visible>
					</control>
				</focusedlayout>
			</control>
			<!-- Middle list -->
			<control type="list" id="11">
				<top>60</top>
				<left>513</left>
				<width>513</width>
				<height>504</height>
				<onleft>13</onleft>
				<onright>12</onright>
				<onup>noop</onup>
				<ondown>9001</ondown>
				<scrolltime>0</scrolltime>
				<itemlayout height="84" width="670">
					<control type="image">
						<width>670</width>
						<height>84</height>
						<texture border="3">settings/button_no_focus.png</texture>
					</control>
					<control type="label">
						<left>40</left>
						<width>590</width>
						<height>84</height>
						<font>Light32</font>
						<textcolor>ff505153</textcolor>
						<label>$INFO[ListItem.ChannelNumber,,. ]$INFO[ListItem.ChannelName]</label>
					</control>
				</itemlayout>
				<focusedlayout height="84" width="670">
					<control type="image">
						<width>670</width>
						<height>84</height>
						<texture border="3">settings/button_focus.png</texture>
					</control>
					<control type="label">
						<left>40</left>
						<width>590</width>
						<height>84</height>
						<font>Light32</font>
						<textcolor>ffffffff</textcolor>
						<label>$INFO[ListItem.ChannelNumber,,. ]$INFO[ListItem.ChannelName]</label>
						<visible>!Control.HasFocus(11)</visible>
					</control>
					<control type="label">
						<left>40</left>
						<width>590</width>
						<height>84</height>
						<font>Light32</font>
						<textcolor>ffffaf37</textcolor>
						<label>$INFO[ListItem.ChannelNumber,,. ]$INFO[ListItem.ChannelName]</label>
						<visible>Control.HasFocus(11)</visible>
					</control>
				</focusedlayout>
			</control>
			<!-- Right list -->
			<control type="list" id="12">
				<left>1026</left>
				<top>60</top>
				<width>514</width>
				<height>504</height>
				<onleft>11</onleft>
				<onright>noop</onright>
				<onup>noop</onup>
				<ondown>9001</ondown>
				<scrolltime>0</scrolltime>
				<itemlayout height="84" width="670">
					<control type="image">
						<width>670</width>
						<height>84</height>
						<texture border="3">settings/button_no_focus.png</texture>
					</control>
					<control type="label">
						<left>40</left>
						<width>590</width>
						<height>84</height>
						<font>Light32</font>
						<textcolor>ff505153</textcolor>
						<label>$INFO[ListItem.ChannelNumber,,. ]$INFO[ListItem.ChannelName]</label>
					</control>
				</itemlayout>
				<focusedlayout height="84" width="670">
					<control type="image">
						<width>670</width>
						<height>84</height>
						<texture border="3">settings/button_focus.png</texture>
					</control>
					<control type="label">
						<left>40</left>
						<width>590</width>
						<height>84</height>
						<font>Light32</font>
						<textcolor>ffffffff</textcolor>
						<label>$INFO[ListItem.ChannelNumber,,. ]$INFO[ListItem.ChannelName]</label>
						<visible>!Control.HasFocus(12)</visible>
					</control>
					<control type="label">
						<left>40</left>
						<width>590</width>
						<height>84</height>
						<font>Light32</font>
						<textcolor>ffffaf37</textcolor>
						<label>$INFO[ListItem.ChannelNumber,,. ]$INFO[ListItem.ChannelName]</label>
						<visible>Control.HasFocus(12)</visible>
					</control>
				</focusedlayout>
			</control>
			<!-- Button grouplist -->
			<control type="grouplist" id="9001">
				<left>0</left>
				<bottom>12</bottom>
				<width>1540</width>
				<height>76</height>
				<itemgap>0</itemgap>
				<onleft>noop</onleft>
				<onright>noop</onright>
				<onup>13</onup>
				<ondown>noop</ondown>
				<align>center</align>
				<orientation>horizontal</orientation>

				<!-- OK Button -->
				<control type="button" id="29">
					<width>320</width>
					<height>76</height>
					<align>center</align>
					<aligny>top</aligny>
					<font>Med24</font>
					<onup>13</onup>
					<textoffsetx>23</textoffsetx>
					<textoffsety>27</textoffsety>
					<label>186</label>
				</control>

				<!-- Delete Button -->
				<control type="button" id="28">
					<width>320</width>
					<height>76</height>
					<align>center</align>
					<aligny>top</aligny>
					<font>Med24</font>
					<onup>13</onup>
					<textoffsetx>23</textoffsetx>
					<textoffsety>27</textoffsety>
					<label>$LOCALIZE[117] $LOCALIZE[19141]</label>
				</control>

				<!-- Rename Button -->
				<control type="button" id="27">
					<width>320</width>
					<height>76</height>
					<align>center</align>
					<aligny>top</aligny>
					<font>Med24</font>
					<onup>13</onup>
					<textoffsetx>23</textoffsetx>
					<textoffsety>27</textoffsety>
					<label>$LOCALIZE[118] $LOCALIZE[19141]</label>
				</control>

				<!-- Add Button -->
				<control type="button" id="26">
					<width>320</width>
					<height>76</height>
					<align>center</align>
					<aligny>top</aligny>
					<font>Med24</font>
					<onup>13</onup>
					<textoffsetx>23</textoffsetx>
					<textoffsety>27</textoffsety>
					<label>$LOCALIZE[15019] $LOCALIZE[19141]</label>
				</control>

			</control>
		</control>
	</controls>
</window>