<?xml version="1.0" encoding="utf-8"?>
<includes>
	<include file="Animations.xml" />
	<include file="Defaults.xml" />
	<include file="Parameters.xml" />
	<include file="ParametersHomeWidgets.xml" />
	<include file="IncludesWidgetLayout.xml" />
	<include file="IncludesWidgets.xml" />
	<include file="ViewTypes.xml" />
	<include file="IncludesViewTypes.xml" />
	<include file="script-skinshortcuts-includes.xml" />
	<include file="Variables.xml" />
	<!-- Fullscreen dimensions -->
	<include name="FullscreenDimensions">
		<left>0</left>
		<top>0</top>
		<width>1920</width>
		<height>1080</height>
	</include>
	<!-- Background image -->
	<include name="BackgroundImage">
		<control type="image">
			<include>FullscreenDimensions</include>
			<texture>special://skin/extras/backgrounds/default.png</texture>
		</control>
	</include>
	<!-- Dialog background image -->
	<include name="DialogBackgroundImage">
		<control type="image">
			<include>FullscreenDimensions</include>
			<texture>dialogs/DialogBackground.png</texture>
			<animation effect="fade" end="100" start="0" time="200">WindowOpen</animation>
			<animation delay="100" effect="fade" end="0" start="100" time="200">WindowClose</animation>
		</control>
	</include>
	<!-- Dialog text background image -->
	<include name="DialogTextBackgroundImage">
		<control type="image">
			<include>FullscreenDimensions</include>
			<texture>dialogs/DialogBackground.png</texture>
			<animation effect="fade" end="100" start="0" time="200">WindowOpen</animation>
			<animation delay="100" effect="fade" end="0" start="100" time="200">WindowClose</animation>
		</control>
	</include>
	<!-- Message Background image -->
	<include name="MessageBackground">
		<texture border="32">dialogs/DialogMessageBackground.png</texture>
		<bordertexture border="32">dialogs/Empty.png</bordertexture>
		<bordersize>-82</bordersize>
	</include>
	<include name="osd_padding">
		<height>82</height>
		<width>17.36</width>
		<texture>-</texture>
	</include>
	<include name="HiddenHomeList">
		<top>-10</top>
		<width>10</width>
		<height>1</height>
		<viewtype label="">list</viewtype>
		<orientation>horizontal</orientation>
		<itemlayout height="1" width="1" />
		<focusedlayout height="1" width="1" />
	</include>
	<!-- Fanart -->
	<include name="Fanart">
		<control type="group">
			<animation condition="!Window.Previous(visualisation)" delay="800" effect="fade" end="100" start="0" time="200">WindowOpen</animation>
			<control type="image">
				<include>FullscreenDimensions</include>
				<fadetime>400</fadetime>
				<colordiffuse>26ffffff</colordiffuse>
				<texture background="true">$VAR[Fanart]</texture>
			</control>
		</control>
	</include>
	<!-- PVR Fanart -->
	<include name="PVRFanart">
		<control type="group">
			<animation condition="!Window.Previous(visualisation)" delay="800" effect="fade" end="100" start="0" time="200">WindowOpen</animation>
			<control type="image">
				<include>FullscreenDimensions</include>
				<fadetime>400</fadetime>
				<colordiffuse>0effffff</colordiffuse>
				<texture background="true">$VAR[Fanart]</texture>
			</control>
		</control>
	</include>
	<!-- No textures -->
	<include name="NoTextures">
		<texturefocus>-</texturefocus>
		<texturenofocus>-</texturenofocus>
		<alttexturenofocus>-</alttexturenofocus>
		<alttexturefocus>-</alttexturefocus>
		<textureradioonfocus>-</textureradioonfocus>
		<textureradioonnofocus>-</textureradioonnofocus>
		<textureradioofffocus>-</textureradioofffocus>
		<textureradiooffnofocus>-</textureradiooffnofocus>
		<textureup>-</textureup>
		<texturedown>-</texturedown>
		<textureupfocus>-</textureupfocus>
		<texturedownfocus>-</texturedownfocus>
	</include>
	<!-- Hidden control -->
	<include name="HiddenControl">
		<left>-10</left>
		<top>-10</top>
		<width>1</width>
		<height>1</height>
		<font>-</font>
		<texture>-</texture>
		<texturefocus>-</texturefocus>
		<texturenofocus>-</texturenofocus>
		<alttexturenofocus>-</alttexturenofocus>
		<alttexturefocus>-</alttexturefocus>
		<textureradiofocus>-</textureradiofocus>
		<textureradionofocus>-</textureradionofocus>
	</include>
	<!-- BBFC Ratings -->
	<include name="Rating_BBFC">
		<control type="image">
			<top>3</top>
			<width>33</width>
			<height>23</height>
			<colordiffuse>ffdadada</colordiffuse>
			<texture>rating/bbfc/pg.png</texture>
			<visible>Container.Content(movies) + !IsEmpty(ListItem.Mpaa) + SubString(ListItem.Mpaa,pg,right)</visible>
		</control>
		<control type="image">
			<top>3</top>
			<width>29</width>
			<height>23</height>
			<colordiffuse>ffdadada</colordiffuse>
			<texture>rating/bbfc/12.png</texture>
			<visible>Container.Content(movies) + !IsEmpty(ListItem.Mpaa) + SubString(ListItem.Mpaa,12,right)</visible>
		</control>
		<control type="image">
			<top>3</top>
			<width>38</width>
			<height>23</height>
			<colordiffuse>ffdadada</colordiffuse>
			<texture>rating/bbfc/12A.png</texture>
			<visible>Container.Content(movies) + !IsEmpty(ListItem.Mpaa) + SubString(ListItem.Mpaa,12a,right)</visible>
		</control>
		<control type="image">
			<top>3</top>
			<width>29</width>
			<height>23</height>
			<colordiffuse>ffdadada</colordiffuse>
			<texture>rating/bbfc/15.png</texture>
			<visible>Container.Content(movies) + !IsEmpty(ListItem.Mpaa) + SubString(ListItem.Mpaa,15,right)</visible>
		</control>
		<control type="image">
			<top>3</top>
			<width>29</width>
			<height>23</height>
			<colordiffuse>ffdadada</colordiffuse>
			<texture>rating/bbfc/18.png</texture>
			<visible>Container.Content(movies) + !IsEmpty(ListItem.Mpaa) + SubString(ListItem.Mpaa,18,right)</visible>
		</control>
		<control type="image">
			<top>3</top>
			<width>23</width>
			<height>23</height>
			<colordiffuse>ffdadada</colordiffuse>
			<texture>rating/bbfc/u.png</texture>
			<visible>Container.Content(movies) + !IsEmpty(ListItem.Mpaa) + SubString(ListItem.Mpaa,u,right)</visible>
		</control>
	</include>
	<!-- FSK Ratings -->
	<include name="Rating_FSK">
		<control type="image">
			<top>3</top>
			<width>25</width>
			<height>23</height>
			<colordiffuse>ffdadada</colordiffuse>
			<texture>rating/fsk/0.png</texture>
			<visible>Container.Content(movies) + !IsEmpty(ListItem.Mpaa) + SubString(ListItem.Mpaa,0,right)</visible>
		</control>
		<control type="image">
			<top>3</top>
			<width>25</width>
			<height>23</height>
			<colordiffuse>ffdadada</colordiffuse>
			<texture>rating/fsk/6.png</texture>
			<visible>Container.Content(movies) + !IsEmpty(ListItem.Mpaa) + SubString(ListItem.Mpaa,6,right) + !SubString(ListItem.Mpaa,16,right)</visible>
		</control>
		<control type="image">
			<top>3</top>
			<width>25</width>
			<height>23</height>
			<colordiffuse>ffdadada</colordiffuse>
			<texture>rating/fsk/12.png</texture>
			<visible>Container.Content(movies) + !IsEmpty(ListItem.Mpaa) + SubString(ListItem.Mpaa,12,right)</visible>
		</control>
		<control type="image">
			<top>3</top>
			<width>25</width>
			<height>23</height>
			<colordiffuse>ffdadada</colordiffuse>
			<texture>rating/fsk/16.png</texture>
			<visible>Container.Content(movies) + !IsEmpty(ListItem.Mpaa) + SubString(ListItem.Mpaa,16,right)</visible>
		</control>
		<control type="image">
			<top>3</top>
			<width>25</width>
			<height>23</height>
			<colordiffuse>ffdadada</colordiffuse>
			<texture>rating/fsk/18.png</texture>
			<visible>Container.Content(movies) + !IsEmpty(ListItem.Mpaa) + SubString(ListItem.Mpaa,18,right)</visible>
		</control>
	</include>
	<!-- MPAA Ratings -->
	<include name="Rating_MPAA">
		<control type="image">
			<top>3</top>
			<width>59</width>
			<height>23</height>
			<colordiffuse>ffdadada</colordiffuse>
			<texture>rating/mpaa/nc17.png</texture>
			<visible>Container.Content(movies) + !IsEmpty(ListItem.Mpaa) + SubString(ListItem.Mpaa,nc,right)</visible>
		</control>
		<control type="image">
			<top>3</top>
			<width>59</width>
			<height>23</height>
			<colordiffuse>ffdadada</colordiffuse>
			<texture>rating/mpaa/pg13.png</texture>
			<visible>Container.Content(movies) + !IsEmpty(ListItem.Mpaa) + SubString(ListItem.Mpaa,13,right)</visible>
		</control>
		<control type="image">
			<top>3</top>
			<width>35</width>
			<height>23</height>
			<colordiffuse>ffdadada</colordiffuse>
			<texture>rating/mpaa/nr.png</texture>
			<visible>Container.Content(movies) + !IsEmpty(ListItem.Mpaa) + SubString(ListItem.Mpaa,nr,right)</visible>
		</control>
		<control type="image">
			<top>3</top>
			<width>35</width>
			<height>23</height>
			<colordiffuse>ffdadada</colordiffuse>
			<texture>rating/mpaa/r.png</texture>
			<visible>Container.Content(movies) + !IsEmpty(ListItem.Mpaa) + SubString(ListItem.Mpaa,r,right) + !SubString(ListItem.Mpaa,nr,right)</visible>
		</control>
		<control type="image">
			<top>3</top>
			<width>35</width>
			<height>23</height>
			<colordiffuse>ffdadada</colordiffuse>
			<texture>rating/mpaa/pg.png</texture>
			<visible>Container.Content(movies) + !IsEmpty(ListItem.Mpaa) + SubString(ListItem.Mpaa,pg,right)</visible>
		</control>
		<control type="image">
			<top>3</top>
			<width>25</width>
			<height>23</height>
			<colordiffuse>ffdadada</colordiffuse>
			<texture>rating/mpaa/g.png</texture>
			<visible>Container.Content(movies) + !IsEmpty(ListItem.Mpaa) + SubString(ListItem.Mpaa,g) + !SubString(ListItem.Mpaa,pg)</visible>
		</control>
	</include>
	<!-- TV Ratings -->
	<include name="Rating_TV">
		<control type="image">
			<top>3</top>
			<width>59</width>
			<height>23</height>
			<colordiffuse>ffdadada</colordiffuse>
			<texture>rating/tv/14.png</texture>
			<visible>Container.Content(tvshows) + !IsEmpty(ListItem.Mpaa) + SubString(ListItem.Mpaa,14)</visible>
		</control>
		<control type="image">
			<top>3</top>
			<width>59</width>
			<height>23</height>
			<colordiffuse>ffdadada</colordiffuse>
			<texture>rating/tv/g.png</texture>
			<visible>Container.Content(tvshows) + !IsEmpty(ListItem.Mpaa) + SubString(ListItem.Mpaa,g) + !SubString(ListItem.Mpaa,pg)</visible>
		</control>
		<control type="image">
			<top>3</top>
			<width>59</width>
			<height>23</height>
			<colordiffuse>ffdadada</colordiffuse>
			<texture>rating/tv/pg.png</texture>
			<visible>Container.Content(tvshows) + !IsEmpty(ListItem.Mpaa) + SubString(ListItem.Mpaa,pg)</visible>
		</control>
		<control type="image">
			<top>3</top>
			<width>59</width>
			<height>23</height>
			<colordiffuse>ffdadada</colordiffuse>
			<texture>rating/tv/ma.png</texture>
			<visible>Container.Content(tvshows) + !IsEmpty(ListItem.Mpaa) + SubString(ListItem.Mpaa,ma)</visible>
		</control>
		<control type="image">
			<top>3</top>
			<width>59</width>
			<height>23</height>
			<colordiffuse>ffdadada</colordiffuse>
			<texture>rating/tv/nr.png</texture>
			<visible>Container.Content(tvshows) + !IsEmpty(ListItem.Mpaa) + SubString(ListItem.Mpaa,nr)</visible>
		</control>
		<control type="image">
			<top>3</top>
			<width>59</width>
			<height>23</height>
			<colordiffuse>ffdadada</colordiffuse>
			<texture>rating/tv/y.png</texture>
			<visible>Container.Content(tvshows) + !IsEmpty(ListItem.Mpaa) + SubString(ListItem.Mpaa,y) + !SubString(ListItem.Mpaa,y7)</visible>
		</control>
		<control type="image">
			<top>3</top>
			<width>59</width>
			<height>23</height>
			<colordiffuse>ffdadada</colordiffuse>
			<texture>rating/tv/y7.png</texture>
			<visible>Container.Content(tvshows) + !IsEmpty(ListItem.Mpaa) + SubString(ListItem.Mpaa,y7)</visible>
		</control>
	</include>
	<!-- TV Episode Ratings -->
	<include name="Rating_TV_Episodes">
		<control type="image">
			<top>3</top>
			<width>59</width>
			<height>23</height>
			<colordiffuse>ffdadada</colordiffuse>
			<texture>rating/tv/14.png</texture>
			<visible>!IsEmpty(ListItem.Mpaa) + SubString(ListItem.Mpaa,14)</visible>
		</control>
		<control type="image">
			<top>3</top>
			<width>59</width>
			<height>23</height>
			<colordiffuse>ffdadada</colordiffuse>
			<texture>rating/tv/g.png</texture>
			<visible>!IsEmpty(ListItem.Mpaa) + SubString(ListItem.Mpaa,g) + !SubString(ListItem.Mpaa,pg)</visible>
		</control>
		<control type="image">
			<top>3</top>
			<width>59</width>
			<height>23</height>
			<colordiffuse>ffdadada</colordiffuse>
			<texture>rating/tv/pg.png</texture>
			<visible>!IsEmpty(ListItem.Mpaa) + SubString(ListItem.Mpaa,pg)</visible>
		</control>
		<control type="image">
			<top>3</top>
			<width>59</width>
			<height>23</height>
			<colordiffuse>ffdadada</colordiffuse>
			<texture>rating/tv/ma.png</texture>
			<visible>!IsEmpty(ListItem.Mpaa) + SubString(ListItem.Mpaa,ma)</visible>
		</control>
		<control type="image">
			<top>3</top>
			<width>59</width>
			<height>23</height>
			<colordiffuse>ffdadada</colordiffuse>
			<texture>rating/tv/nr.png</texture>
			<visible>!IsEmpty(ListItem.Mpaa) + SubString(ListItem.Mpaa,nr)</visible>
		</control>
		<control type="image">
			<top>3</top>
			<width>59</width>
			<height>23</height>
			<colordiffuse>ffdadada</colordiffuse>
			<texture>rating/tv/y.png</texture>
			<visible>!IsEmpty(ListItem.Mpaa) + SubString(ListItem.Mpaa,y) + !SubString(ListItem.Mpaa,y7)</visible>
		</control>
		<control type="image">
			<top>3</top>
			<width>59</width>
			<height>23</height>
			<colordiffuse>ffdadada</colordiffuse>
			<texture>rating/tv/y7.png</texture>
			<visible>!IsEmpty(ListItem.Mpaa) + SubString(ListItem.Mpaa,y7)</visible>
		</control>
	</include>
	<!-- Small Keyboard buttons -->
	<include name="SmallKeyboardButtons">
		<width>48</width>
		<height>44</height>
		<font>Light40</font>
		<align>center</align>
		<textcolor>ff808080</textcolor>
		<focusedcolor>ffffc24b</focusedcolor>
		<texturefocus border="2">-</texturefocus>
		<texturenofocus border="2">-</texturenofocus>
	</include>
	<!-- Hidden Keyboard Button -->
	<include name="HiddenKeyboardButtons">
		<width>48</width>
		<height>44</height>
		<font>invisible</font>
		<texturefocus border="2">-</texturefocus>
		<texturenofocus border="2">-</texturenofocus>
	</include>
	<!-- Control buttons -->
	<include name="BottomControlButtons">
		<width>48</width>
		<height>44</height>
		<font>invisible</font>
		<align>center</align>
		<aligny>center</aligny>
		<textcolor>ff808080</textcolor>
		<focusedcolor>ffffc24b</focusedcolor>
		<texturefocus border="2">dialogs/keys/keyboard_$PARAM[name]_fo.png</texturefocus>
		<texturenofocus border="2">dialogs/keys/keyboard_$PARAM[name]_nf.png</texturenofocus>
	</include>
	<include name="KeyboardControlButtons">
		<control type="image">
			<width>48</width>
			<height>44</height>
			<align>center</align>
			<aligny>center</aligny>
			<texture>dialogs/keys/keyboard_$PARAM[name]_fo.png</texture>
			<visible>Control.HasFocus($PARAM[ID])</visible>
		</control>
		<control type="image">
			<width>48</width>
			<height>44</height>
			<align>center</align>
			<aligny>center</aligny>
			<texture>dialogs/keys/keyboard_$PARAM[name]_nf.png</texture>
			<visible>!Control.HasFocus($PARAM[ID])</visible>
		</control>
	</include>
	<!-- Keyboard buttons -->
	<include name="KeyboardButtons">
		<width>78</width>
		<height>78</height>
		<font>Med40</font>
		<align>center</align>
		<aligny>center</aligny>
		<textcolor>ffdadada</textcolor>
		<focusedcolor>ff0c0c0c</focusedcolor>
		<texturefocus border="2">dialogs/KeyboardButtonFO.png</texturefocus>
		<texturenofocus border="2">dialogs/KeyboardButtonNF.png</texturenofocus>
	</include>
	<!-- Numeric buttons -->
	<include name="NumericButtons">
		<width>168</width>
		<height>168</height>
		<font>Med40</font>
		<align>center</align>
		<aligny>center</aligny>
		<textcolor>ffdadada</textcolor>
		<focusedcolor>ff0c0c0c</focusedcolor>
		<texturefocus border="2">dialogs/KeyboardButtonFO.png</texturefocus>
		<texturenofocus border="2">dialogs/KeyboardButtonNF.png</texturenofocus>
	</include>
	<!-- ViewType Thumb Overlays -->
	<include name="OverlayHD">
		<control type="image">
			<top>48</top>
			<width>90</width>
			<height>90</height>
			<texture>views/OverlayHD.png</texture>
			<visible>IntegerGreaterThan(ListItem.VideoResolution,719) + !ListItem.IsStereoscopic</visible>
		</control>
		<control type="image">
			<top>48</top>
			<width>90</width>
			<height>90</height>
			<texture>views/Overlay3D.png</texture>
			<visible>ListItem.IsStereoscopic</visible>
		</control>
	</include>
	<include name="OverlayWatched">
		<control type="image">
			<top>48</top>
			<width>90</width>
			<height>90</height>
			<texture>views/OverlayWatched.png</texture>
			<visible>StringCompare(ListItem.Overlay,OverlayWatched.png)</visible>
		</control>
	</include>
	<!-- Player Titles -->
	<include name="PlayerTitles">
		<control id="99" type="grouplist">
			<left>20</left>
			<top>64</top>
			<width>1880</width>
			<height>50</height>
			<align>center</align>
			<itemgap>0</itemgap>
			<orientation>horizontal</orientation>
			<!--  Title -->
			<control id="99" type="label">
				<width>auto</width>
				<height>50</height>
				<font>Med40</font>
				<textcolor>ffeaeaea</textcolor>
				<shadowcolor>ff000000</shadowcolor>
				<label>$VAR[PlayerBigLabel]</label>
			</control>
			<!-- Season/Episode number -->
			<control id="99" type="label">
				<width>auto</width>
				<height>50</height>
				<font>Med40</font>
				<textcolor>ffeaeaea</textcolor>
				<shadowcolor>ff000000</shadowcolor>
				<label>$VAR[PlayerEpisodeValue]</label>
			</control>
		</control>
		<!--  Small label -->
		<control id="99" type="label">
			<left>20</left>
			<top>127</top>
			<width>1880</width>
			<height>40</height>
			<align>center</align>
			<font>Light26</font>
			<textcolor>fffe8e8e8</textcolor>
			<shadowcolor>ff000000</shadowcolor>
			<label>$VAR[PlayerSmallLabel]</label>
		</control>
	</include>
	<!-- Textviewer Layouts -->
	<include name="TextViewerLayout">
		<control id="5" type="textbox">
			<centerleft>50%</centerleft>
			<centertop>50%</centertop>
			<width>788</width>
			<height>452</height>
			<align>left</align>
			<font>Reg36SpacedLight</font>
			<pagecontrol>3000</pagecontrol>
			<autoscroll>false</autoscroll>
			<textcolor>ffdadada</textcolor>
			<visible>!IsEmpty(Window(home).Property(NoLabel))</visible>
		</control>
	</include>
	<include name="TextViewerLayout2">
		<control type="grouplist" id="10">
			<centerleft>50%</centerleft>
			<centertop>50%</centertop>
			<width>788</width>
			<height>446</height>
			<align>left</align>
			<aligny>center</aligny>
			<autoscroll>false</autoscroll>
			<orientation>vertical</orientation>
			<control type="textbox">
				<width>788</width>
				<height min="50">auto</height>
				<align>left</align>
				<font>Reg36Spaced</font>
				<autoscroll>false</autoscroll>
				<textcolor>ffdadada</textcolor>
				<label>[B][COLOR ffffffff]$INFO[Control.GetLabel(1),,[CR]][/B][/COLOR]</label>
			</control>
			<control id="5" type="textbox">
				<width>788</width>
				<height>402</height>
				<align>left</align>
				<font>Reg36SpacedLight</font>
				<textcolor>ffdadada</textcolor>
				<pagecontrol>3000</pagecontrol>
				<autoscroll>false</autoscroll>
			</control>
		</control>
	</include>
</includes>