<?xml version="1.0" encoding="UTF-8"?>
<window type="dialog" id="1149">
	<!-- custom contextmenu -->
	<defaultcontrol always="true">11</defaultcontrol>
	<controls>
		<!-- Background -->
		<include>DialogBackgroundImage</include>
		<!-- Dialog group -->
		<control type="group">
			<include>DialogAnimation</include>
			<centerleft>50%</centerleft>
			<centertop>50%</centertop>
			<width>500</width>
			<height>154</height>
			<!-- Dialog background image -->
			<control type="image">
				<width>100%</width>
				<height>100%</height>
				<include>MessageBackground</include>
			</control>
			<!-- Grouplist -->
			<control type="grouplist" id="10">
				<centerleft>50%</centerleft>
				<width>500</width>
				<height max="760">auto</height>
				<itemgap>0</itemgap>
				<onleft>close</onleft>				
				<onright>close</onright>
				<control type="button" id="11">
					<left>-5</left>
					<width>500</width>				
					<height>76</height>
					<align>center</align>
					<aligny>top</aligny>
					<font>MedUpper24</font>
					<textoffsety>27</textoffsety>
					<textoffsetx>27</textoffsetx>
					<label>$LOCALIZE[184]</label>
					<onclick>ClearProperty(PreloadDone,home)</onclick>
					<onclick>SetProperty(Preload,1,home)</onclick>
					<onclick>SetProperty(ReloadTriggered,1,home)</onclick>
					<onclick>Close</onclick>
					<onclick>XBMC.ReloadSkin()</onclick>
				</control>
				<control type="button" id="12">
					<left>-5</left>
					<width>500</width>				
					<height>76</height>
					<align>center</align>
					<aligny>top</aligny>
					<font>MedUpper24</font>
					<textoffsety>27</textoffsety>
					<textoffsetx>27</textoffsetx>
					<label>$LOCALIZE[31508] $INFO[Window(home).Property(WidgetGroupLabel)]</label>
					<onclick>Close</onclick>
					<onclick>ActivateWindow(1105)</onclick>
				</control>
			</control>
		</control>
	</controls>
</window>