<?xml version="1.0" encoding="UTF-8"?>
<window id="1110" type="dialog">
	<defaultcontrol always="true">10</defaultcontrol>
  <zorder>5</zorder>
	<controls>
   <control type="group">
		<left>310</left>
		<top>235</top>
	  <include>DialogAnimation</include>
    <visible>!Window.IsVisible(yesnodialog) + !Window.IsVisible(okdialog)</visible>
	  <include>Dialog-OK-YesNo-Progress</include>
    <control type="label">
      <description>header label</description>
      <left>15</left>
      <top>12</top>
      <width>630</width>
	    <include>DialogsHeaderLabel</include>
		  <label>$VAR[CustomDialogOKHeadLabel]</label>
    </control>
		<control type="textbox">
		  <left>15</left>
			<top>60</top>
      <width>630</width>
			<height>90</height>
		  <align>left</align>
			<font>FontSize_22</font>
			<textcolor>99white</textcolor>
			<shadowcolor>99000000</shadowcolor>
			<autoscroll time="3000" delay="3000" repeat="5000">true</autoscroll>
	    <label>$VAR[CustomDialogOKMessage]</label>
		</control>
		<control type="button" id="10">
			<description>OK button</description>
			<left>490</left>
			<top>172</top>
	    <include>DialogsButtonsYesNo</include>
			<label>$LOCALIZE[186]</label>
		  <onclick>Action(Close)</onclick>
			<onclick condition="!IntegerGreaterThan(Container(450).NumItems,0)">Dialog.Close(favourites)</onclick>
			<onback condition="!IntegerGreaterThan(Container(450).NumItems,0)">Dialog.Close(favourites)</onback>
	    <onclick condition="Window.IsActive(Weather)">ReplaceWindow(WeatherSettings)</onclick>
			<onleft>10</onleft>
			<onright>10</onright>
			<onup>10</onup>
			<ondown>10</ondown>
		</control>
	 </control>
	</controls>
</window>