<?xml version="1.0" encoding="UTF-8"?>
<includes> 
	<!-- ======================================== -->
	<!-- ==== Thumbnails View Programs "560" ==== -->
	<!-- ======================================== -->
	<include name="ThumbnailsView_Programs">
		<control type="group">
			<visible>Control.IsVisible(560)</visible>
			<include>ThumbnailsAnimations</include>
			<include>DialogZoomInOutAnimation</include>
			<control type="panel" id="560">
				<left>40</left>
				<top>95</top>
				<width>1200</width>
				<height>501</height>
				<onleft>9111</onleft>
				<onright>60</onright>
				<onup>560</onup>
				<ondown>560</ondown>
				<orientation>vertical</orientation>
				<pagecontrol>60</pagecontrol>
				<preloaditems>2</preloaditems>
				<viewtype label="31085">icons</viewtype>
				<scrolltime tween="Quadratic" easing="out">250</scrolltime>
				<!--<visible>Container.Content(addons) + Container.HasFiles</visible>-->
				<itemlayout condition="!Skin.HasSetting(ShowSmallProgramsThumbs)" height="248" width="239.5">
					<control type="image">
						<left>5</left>
						<top>5</top>
						<width>231</width>
						<height>240</height>
						<aspectratio align="center" aligny="center">stretch</aspectratio>
						<texture border="31">views/other/panel.png</texture>
					</control>
					<control type="image">
						<left>9</left>
						<top>9</top>
						<width>223</width>
						<height>232</height>
						<aspectratio align="center" aligny="center">scale</aspectratio>
						<texture background="true" fallback="thumbs/fallback_square_tp.png">$VAR[ThumbnailsIcon]</texture>
						<bordertexture border="6">thumbs/thumb_border.png</bordertexture>
						<bordersize>6</bordersize>
					</control>
					<control type="image">
						<left>9</left>
						<top>9</top>
						<width>223</width>
						<height>232</height>
						<texture background="true">overlays/unwatched/thumbs/UnWatched_Square.png</texture>
						<aspectratio align="center" aligny="center">stretch</aspectratio>
						<bordersize>6</bordersize>
						<visible>stringcompare(ListItem.Overlay,OverlayUnWatched.png)</visible>
					</control>
					<control type="image">
						<left>9</left>
						<top>9</top>
						<width>223</width>
						<height>232</height>
						<texture background="true">$VAR[AddonStatus]</texture>
						<aspectratio align="center" aligny="center">stretch</aspectratio>
						<bordersize>6</bordersize>
					</control>
				</itemlayout>
				<itemlayout condition="Skin.HasSetting(ShowSmallProgramsThumbs)" height="167" width="171">
					<control type="image">
						<left>5</left>
						<top>5</top>
						<width>163</width>
						<height>158</height>
						<aspectratio align="center" aligny="center">stretch</aspectratio>
						<texture border="31">views/other/panel.png</texture>
					</control>
					<control type="image">
						<left>9</left>
						<top>9</top>
						<width>155</width>
						<height>150</height>
						<aspectratio align="center" aligny="center">scale</aspectratio>
						<texture background="true" fallback="thumbs/fallback_square_tp.png">$VAR[ThumbnailsIcon]</texture>
						<bordertexture border="6">thumbs/thumb_border.png</bordertexture>
						<bordersize>6</bordersize>
					</control>
					<control type="image">
						<left>9</left>
						<top>9</top>
						<width>155</width>
						<height>150</height>
						<aspectratio align="center" aligny="center">stretch</aspectratio>
						<texture background="true">overlays/unwatched/thumbs/UnWatched_Square.png</texture>
						<bordersize>6</bordersize>
						<visible>stringcompare(ListItem.Overlay,OverlayUnWatched.png)</visible>
					</control>
					<control type="image">
						<left>9</left>
						<top>9</top>
						<width>155</width>
						<height>150</height>
						<aspectratio align="center" aligny="center">stretch</aspectratio>
						<texture background="true">$VAR[AddonStatus]</texture>
						<bordersize>6</bordersize>
					</control>
				</itemlayout>
				<focusedlayout condition="!Skin.HasSetting(ShowSmallProgramsThumbs)" height="248" width="239.5">
					<control type="image">
						<left>5</left>
						<top>5</top>
						<width>231</width>
						<height>240</height>
						<aspectratio align="center" aligny="center">stretch</aspectratio>
						<texture border="31">views/other/panel.png</texture>
					</control>
					<control type="image">
						<left>9</left>
						<top>9</top>
						<width>223</width>
						<height>232</height>
						<aspectratio align="center" aligny="center">scale</aspectratio>
						<texture background="true" fallback="thumbs/fallback_square_tp.png">$VAR[ThumbnailsIcon]</texture>
						<bordertexture border="6">thumbs/thumb_border.png</bordertexture>
						<bordersize>6</bordersize>
					</control>
					<control type="image">
						<left>9</left>
						<top>9</top>
						<width>223</width>
						<height>232</height>
						<texture background="true">overlays/unwatched/thumbs/UnWatched_Square.png</texture>
						<aspectratio align="center" aligny="center">stretch</aspectratio>
						<bordersize>6</bordersize>
						<visible>stringcompare(ListItem.Overlay,OverlayUnWatched.png)</visible>
					</control>
					<control type="image">
						<left>9</left>
						<top>9</top>
						<width>223</width>
						<height>232</height>
						<texture background="true">$VAR[AddonStatus]</texture>
						<aspectratio align="center" aligny="center">stretch</aspectratio>
						<bordersize>6</bordersize>
					</control>
					<control type="image">
						<left>5</left>
						<top>5</top>
						<width>231</width>
						<height>240</height>
						<aspectratio align="center" aligny="center">stretch</aspectratio>
						<texture border="31">views/other/focus_blue.png</texture>
						<include>ThumbnailsFocusAnimation</include>
					</control>
				</focusedlayout>
				<focusedlayout condition="Skin.HasSetting(ShowSmallProgramsThumbs)" height="167" width="171">
					<control type="image">
						<left>5</left>
						<top>5</top>
						<width>163</width>
						<height>158</height>
						<aspectratio align="center" aligny="center">stretch</aspectratio>
						<texture border="31">views/other/panel.png</texture>
					</control>
					<control type="image">
						<left>9</left>
						<top>9</top>
						<width>155</width>
						<height>150</height>
						<aspectratio align="center" aligny="center">scale</aspectratio>
						<texture background="true" fallback="thumbs/fallback_square_tp.png">$VAR[ThumbnailsIcon]</texture>
						<bordertexture border="6">thumbs/thumb_border.png</bordertexture>
						<bordersize>6</bordersize>
					</control>
					<control type="image">
						<left>9</left>
						<top>9</top>
						<width>155</width>
						<height>150</height>
						<texture background="true">overlays/unwatched/thumbs/UnWatched_Square.png</texture>
						<aspectratio align="center" aligny="center">stretch</aspectratio>
						<bordersize>6</bordersize>
						<visible>stringcompare(ListItem.Overlay,OverlayUnWatched.png)</visible>
					</control>
					<control type="image">
						<left>9</left>
						<top>9</top>
						<width>155</width>
						<height>150</height>
						<texture background="true">$VAR[AddonStatus]</texture>
						<aspectratio align="center" aligny="center">stretch</aspectratio>
						<bordersize>6</bordersize>
					</control>
					<control type="image">
						<left>5</left>
						<top>5</top>
						<width>163</width>
						<height>158</height>
						<aspectratio align="center" aligny="center">stretch</aspectratio>
						<texture border="31">views/other/focus_blue.png</texture>
						<include>ThumbnailsFocusAnimation</include>
					</control>
				</focusedlayout>
			</control>
			<control type="button">
				<left>40</left>
				<top>598</top>
				<width>1200</width>
				<height>35</height>
				<font>FontSize_26B</font>
				<textcolor>bbwhite</textcolor>
				<focusedcolor>bbwhite</focusedcolor>
				<disabledcolor>bbwhite</disabledcolor>
				<shadowcolor>77000000</shadowcolor>
				<texturefocus>-</texturefocus>
				<texturenofocus>-</texturenofocus>
				<align>left</align>
				<aligny>top</aligny>
				<label>$INFO[ListItem.Label]</label>
				<label2>$VAR[AddonsLabel2]</label2>
				<visible>Control.IsVisible(560)</visible>
				<animation effect="slide" start="0,0" end="0,-6" time="0" condition="!Skin.HasSetting(ShowSmallProgramsThumbs)">Conditional</animation>
			</control>
			<control type="scrollbar" id="60">
				<right>30</right>
				<top>100</top>
				<width>9</width>
				<height>489</height>
				<texturesliderbackground>-</texturesliderbackground>
				<texturesliderbar border="0,14,0,14">views/scrollbar/scrollbar.png</texturesliderbar>
				<texturesliderbarfocus border="0,14,0,14">views/scrollbar/scrollbar.png</texturesliderbarfocus>
				<textureslidernib>-</textureslidernib>
				<textureslidernibfocus>-</textureslidernibfocus>
				<onleft>56</onleft>
				<onright>9111</onright>
				<showonepage>false</showonepage>
				<orientation>vertical</orientation>
				<animation effect="fade" start="100" end="0" time="250" condition="!Control.HasFocus(60) + !Container.Scrolling">Conditional</animation>
				<visible>!Skin.HasSetting(ShowSmallProgramsThumbs)</visible>
			</control>
			<control type="scrollbar" id="60">
				<right>30</right>
				<top>100</top>
				<width>9</width>
				<height>495</height>
				<texturesliderbackground>-</texturesliderbackground>
				<texturesliderbar border="0,14,0,14">views/scrollbar/scrollbar.png</texturesliderbar>
				<texturesliderbarfocus border="0,14,0,14">views/scrollbar/scrollbar.png</texturesliderbarfocus>
				<textureslidernib>-</textureslidernib>
				<textureslidernibfocus>-</textureslidernibfocus>
				<onleft>56</onleft>
				<onright>9111</onright>
				<showonepage>false</showonepage>
				<orientation>vertical</orientation>
				<animation effect="fade" start="100" end="0" time="250" condition="!Control.HasFocus(60) + !Container.Scrolling">Conditional</animation>
				<visible>Skin.HasSetting(ShowSmallProgramsThumbs)</visible>
			</control>
		</control>
	</include>
</includes>
