<?xml version="1.0" encoding="UTF-8"?>
<overrides>
	<groupings>
		<!-- ====== -->
		<!-- Common -->
		<!-- ====== -->
		<node label="32029">
			<content>common</content>
		</node>

		<!-- ============= -->
		<!-- Video Library -->
		<!-- ============= -->
		<node label="32030">
			<content>video</content>
			<content>customvideonode</content>
			<!-- Custom Shortcuts -->
			<shortcut label="::LOCAL::31260" type="item" grouping="customvideonode" icon="special://skin/extras/icons/movies.png" condition="Library.HasContent(movies)">ActivateWindow(Videos,special://skin/extras/playlists/Movies_InProgress.xsp,return)</shortcut>
			<shortcut label="::LOCAL::31263" type="item" grouping="customvideonode" icon="special://skin/extras/icons/movies.png" condition="Library.HasContent(movies)">ActivateWindow(Videos,special://skin/extras/playlists/Movies_Unwatched.xsp,return)</shortcut>
			<shortcut label="::LOCAL::31264" type="item" grouping="customvideonode" icon="special://skin/extras/icons/tvshows.png" condition="Library.HasContent(tvshows)">ActivateWindow(Videos,special://skin/extras/playlists/TVShows_Unwatched.xsp,return)</shortcut>
			<shortcut label="::LOCAL::31265" type="item" grouping="customvideonode" icon="special://skin/extras/icons/tvshows.png" condition="Library.HasContent(tvshows)">ActivateWindow(Videos,special://skin/extras/playlists/Episodes_Unwatched.xsp,return)</shortcut>
			<shortcut label="::LOCAL::31001" type="::LOCAL::31002" grouping="customvideonode" icon="special://skin/extras/icons/tvshows.png" condition="System.HasAddon(script.tv.show.next.aired) + Library.HasContent(TVShows)">RunAddon(script.tv.show.next.aired)</shortcut>
			<!-- Video Addons -->
			<node label="32010">
				<content>addon-video</content>
			</node>
			<!-- Video Playlists -->
			<node label="32040">
				<content>playlist-video</content>
			</node>
			<!-- Video sources -->
			<node label="32075">
				<content>videosources</content>
			</node>
		</node>

		<!-- ============= -->
		<!-- Music Library -->
		<!-- ============= -->
		<node label="32031">
			<content>music</content>
			<!-- Custom Shortcuts -->
			<shortcut label="Virgin TV" type="::LOCAL::33002" grouping="musicvideo" icon="special://skin/extras/icons/musicvideos.png">PlayMedia("special://skin/extras/streams/VirginTV.strm")</shortcut>
			<shortcut label="Radio105 TV" type="::LOCAL::33002" grouping="musicvideo" icon="special://skin/extras/icons/musicvideos.png">PlayMedia("special://skin/extras/streams/Radio105TV.strm")</shortcut>
			<shortcut label="Radio Montecarlo TV" type="::LOCAL::33002" grouping="musicvideo" icon="special://skin/extras/icons/musicvideos.png">PlayMedia("special://skin/extras/streams/RadioMontecarloTV.strm")</shortcut>
			<node label="32040">
				<content>playlist-audio</content>
			</node>
			<node label="32011">
				<shortcut label="1038" type="32019" icon="DefaultAddonMusic.png">ActivateWindow(MusicLibrary,Addons,return)</shortcut>
				<content>addon-audio</content>
			</node>
			<node label="32075">
				<content>musicsources</content>
				<content>upnp-music</content>
			</node>
		</node>

		<!-- === -->
		<!-- PVR -->
		<!-- === -->
		<node label="32017" condition="PVR.HasTVChannels" version="15">
			<content>pvr</content>
			<node label="19023">
				<content>pvr-tv</content>
			</node>
		</node>
		<node label="32087" condition="PVR.HasRadioChannels" version="15">
			<content>radio</content>
			<node label="19024">
				<content>pvr-radio</content>
			</node>
		</node>

		<!-- ======== -->
		<!-- Pictures -->
		<!-- ======== -->
		<node label="32020">
			<content>picturesources</content>
		</node>

		<!-- ======= -->
		<!-- Add-Ons -->
		<!-- ======= -->
		<node label="32007">
			<node label="32009">
				<shortcut label="10001" type="32021" icon="special://skin/extras/icons/programs.png">ActivateWindow(Programs,Addons,return)</shortcut>
				<content>addon-program</content>
			</node>
			<node label="32010">
				<shortcut label="1037" type="32014" icon="special://skin/extras/icons/videos.png">ActivateWindow(Videos,Addons,return)</shortcut>
				<content>addon-video</content>
			</node>
			<node label="32011">
				<shortcut label="1038" type="32019" icon="special://skin/extras/icons/music.png">ActivateWindow(MusicLibrary,Addons,return)</shortcut>
				<content>addon-audio</content>
			</node>
			<node label="32012">
				<shortcut label="1039" type="32020" icon="special://skin/extras/icons/pictures.png">ActivateWindow(Pictures,Addons,return)</shortcut>
				<content>addon-image</content>
			</node>
		</node>

		<!-- ========== -->
		<!-- Favourites -->
		<!-- ========== -->
		<node label="32006">
			<content>favourite</content>
		</node>

		<!-- ======== -->
		<!-- Settings -->
		<!-- ======== -->
		<node label="10004">
			<content>settings</content>
		</node>

		<!-- ============= -->
		<!-- Kodi Commands -->
		<!-- ============= -->
		<node label="32054">
			<content>commands</content>
		</node>
	</groupings>

	<!-- ============= -->
	<!-- Widgets	   -->
	<!-- ============= -->
	<widget label="31094">movies</widget>
	<widget label="31095">tvshows</widget>
	<widget label="31096">music</widget>
	<widget label="31288" condition="System.HasAddon(plugin.audio.tuneinradio)">tunein</widget>
	<widget label="31105" condition="System.HasAddon(plugin.video.amazon)">amazondb</widget>
	<widget label="31106" condition="System.HasAddon(plugin.video.prime_instant)">amazon</widget>
	<widget label="31097">rssvideowidget</widget>
	<widget label="YouTube" condition="System.HasAddon(plugin.video.youtube)">youtube</widget>
	<widget label="31173">widgetgroup1</widget>
	<widget label="31174">widgetgroup2</widget>
	<widget label="31175">widgetgroup3</widget>
	<widget label="31176">widgetgroup4</widget>
	<widgetdefault defaultID="movies">movies</widgetdefault>
	<widgetdefault defaultID="tvshows">tvshows</widgetdefault>
	<widgetdefault defaultID="music">music</widgetdefault>
	<widgetdefault defaultID="plugin.audio.tuneinradio">tunein</widgetdefault>
	<widgetdefault defaultID="plugin.video.amazon">amazondb</widgetdefault>
	<widgetdefault defaultID="plugin.video.prime_instant">amazon</widgetdefault>
	<widgetdefault defaultID="plugin.video.youtube">youtube</widgetdefault>
	<widgetPlaylists>True</widgetPlaylists>

	<!-- =============== -->
	<!-- Shortcuts Check -->
	<!-- =============== -->
	<checkforshortcut property="trailers">ActivateWindow(videos,plugin://$INFO[Skin.String(TrailersAddon_Path)])</checkforshortcut>


	<!-- =========== -->
	<!-- Backgrounds -->
	<!-- =========== -->
	<backgroundBrowse default="special://profile/addon_data/skin.bellofredo.extrapack/backgrounds/">True</backgroundBrowse>

	<background label="31293">DefaultAddon</background>
	<background label="Movies Fanart" condition="System.HasAddon(script.grab.fanart)">$INFO[Window(Home).Property(script.grab.fanart.Movie.FanArt)]</background>
	<background label="TV Shows Fanart" condition="System.HasAddon(script.grab.fanart)">$INFO[Window(Home).Property(script.grab.fanart.TV.FanArt)]</background>
	<background label="Videos Fanart" condition="System.HasAddon(script.grab.fanart)">$INFO[Window(Home).Property(script.grab.fanart.Video.FanArt)]</background>
	<background label="Music Fanart" condition="System.HasAddon(script.grab.fanart)">$INFO[Window(Home).Property(script.grab.fanart.Music.FanArt)]</background>
	<background label="Mixed Fanart" condition="System.HasAddon(script.grab.fanart)">$INFO[Window(Home).Property(script.grab.fanart.Global.FanArt)]</background>
	<background label="3DWall Movies" condition="Library.HasContent(movies)">3DWallBG_Movies_Posters</background>
	<background label="3DWall Movies Logos" condition="Library.HasContent(movies)">3DWallBG_Movies_Logo</background>
	<background label="3DWall Movies DiscArt" condition="Library.HasContent(movies)">3DWallBG_Movies_DiscArt</background>
	<background label="3DWall TV Shows" condition="Library.HasContent(tvshows)">3DWallBG_TVShows_Posters</background>
	<background label="3DWall TV Shows Logos" condition="Library.HasContent(tvshows)">3DWallBG_TVShows_Logo</background>
	<background label="3DWall TV Shows Landscape" condition="Library.HasContent(tvshows)">3DWallBG_TVShows_Landscape</background>
	<background label="3DWall Albums" condition="Library.HasContent(music)">3DWallBG_Albums</background>
	<background label="3DWall Artists" condition="Library.HasContent(music)">3DWallBG_Artists</background>
	<background label="Conditional Weather" condition="!IsEmpty(Skin.String(WeatherFanartDir))">BackgroundWeather</background>
	<backgrounddefault defaultID="movies">$INFO[Window(Home).Property(script.grab.fanart.Movie.FanArt)]</backgrounddefault>
	<backgrounddefault defaultID="tvshows">$INFO[Window(Home).Property(script.grab.fanart.TV.FanArt)]</backgrounddefault>
	<backgrounddefault defaultID="music">$INFO[Window(Home).Property(script.grab.fanart.Music.FanArt)]</backgrounddefault>
	<backgrounddefault defaultID="videos">$INFO[Window(Home).Property(script.grab.fanart.Video.FanArt)]</backgrounddefault>

	<background label="Addons">special://skin/extras/backgrounds/defaults/addons.jpg</background>
	<backgrounddefault defaultID="addons">special://skin/extras/backgrounds/defaults/addons.jpg</backgrounddefault>

	<background label="Applications">special://skin/extras/backgrounds/defaults/programs.jpg</background>
	<backgrounddefault defaultID="programs">special://skin/extras/backgrounds/defaults/programs.jpg</backgrounddefault>

	<background label="Amazon Instant Video" condition="System.HasAddon(plugin.video.amazon) | System.HasAddon(plugin.video.prime_instant)">special://skin/extras/backgrounds/defaults/Amazon.jpg</background>
	<backgrounddefault defaultID="plugin.video.amazon">special://skin/extras/backgrounds/defaults/Amazon.jpg</backgrounddefault>
	<backgrounddefault defaultID="plugin.video.prime_instant">special://skin/extras/backgrounds/defaults/Amazon.jpg</backgrounddefault>

	<background label="Games">special://skin/extras/backgrounds/defaults/AdvancedLauncher.jpg</background>
	<backgrounddefault defaultID="plugin.program.advanced.launcher">special://skin/extras/backgrounds/defaults/AdvancedLauncher.jpg</backgrounddefault>

	<background label="Live TV">special://skin/extras/backgrounds/defaults/LiveTV.jpg</background>
	<backgrounddefault defaultID="livetv">special://skin/extras/backgrounds/defaults/LiveTV.jpg</backgrounddefault>  

	<background label="Pictures">special://skin/extras/backgrounds/defaults/pictures.jpg</background>
	<backgrounddefault defaultID="pictures">special://skin/extras/backgrounds/defaults/pictures.jpg</backgrounddefault>

	<background label="Radio">special://skin/extras/backgrounds/defaults/radio.jpg</background>
	<backgrounddefault defaultID="plugin.audio.tuneinradio">special://skin/extras/backgrounds/defaults/radio.jpg</backgrounddefault>
	<backgrounddefault defaultID="radio">special://skin/extras/backgrounds/defaults/radio.jpg</backgrounddefault>  

	<background label="Settings">special://skin/extras/backgrounds/defaults/system.jpg</background>
	<backgrounddefault defaultID="settings">special://skin/extras/backgrounds/defaults/system.jpg</backgrounddefault>     

	<background label="Trailers">special://skin/extras/backgrounds/defaults/trailer.jpg</background>
	<backgrounddefault defaultID="trailers">special://skin/extras/backgrounds/defaults/trailer.jpg</backgrounddefault>  

	<background label="Weather">special://skin/extras/backgrounds/defaults/weather.jpg</background>
	<backgrounddefault defaultID="weather">special://skin/extras/backgrounds/defaults/weather.jpg</backgrounddefault> 

	<background label="YouTube" condition="System.HasAddon(plugin.video.youtube)">special://skin/extras/backgrounds/defaults/yt.jpg</background>
	<backgrounddefault defaultID="plugin.video.youtube">special://skin/extras/backgrounds/defaults/yt.jpg</backgrounddefault>

	<background label="Disc" >special://skin/extras/backgrounds/defaults/DVD.jpg</background>
	<backgrounddefault defaultID="dvd">special://skin/extras/backgrounds/defaults/DVD.jpg</backgrounddefault>
	
	<background label="Music Videos" >special://skin/extras/backgrounds/defaults/musicvideos.jpg</background>
	<backgrounddefault defaultID="musicvideos">special://skin/extras/backgrounds/defaults/musicvideos.jpg</backgrounddefault>

	<background label="Videos" >special://skin/extras/backgrounds/defaults/videos.jpg</background>

	<background label="Fanarts of ::PLAYLIST::">playlistBackground</background>

	<!-- =============== -->
	<!-- Icons Overrides -->
	<!-- =============== -->
    <thumbnailBrowseDefault>special://profile/addon_data/skin.bellofredo.extrapack/icons/</thumbnailBrowseDefault>

	<icon labelID="plugin.video.youtube">special://skin/extras/icons/youtube.png</icon>
	<icon labelID="plugin.video.amazon">special://skin/extras/icons/amazon.png</icon>
	<icon labelID="plugin.video.prime_instant">special://skin/extras/icons/amazon.png</icon>
	<icon labelID="weather">special://skin/extras/icons/weather.png</icon>
	<icon labelID="plugin.audio.tuneinradio">special://skin/extras/icons/radio.png</icon>
	<icon labelID="plugin.program.advanced.launcher">special://skin/extras/icons/games.png</icon>
	<icon labelID="livetv">special://skin/extras/icons/livetv.png</icon>	
	<icon labelID="radio">special://skin/extras/icons/radio.png</icon>	
	<icon labelID="settings">special://skin/extras/icons/system.png</icon>	
	<icon labelID="$INFO[Skin.String(TrailersAddon_Path)]">special://skin/extras/icons/trailer.png</icon>	
	<icon labelID="32046">special://skin/extras/icons/update.png</icon>	
	<icon labelID="32047">special://skin/extras/icons/update.png</icon>	
	<icon labelID="744">special://skin/extras/icons/file.png</icon>	
	<icon labelID="136">special://skin/extras/icons/playlist.png</icon>	
	<icon labelID="136">special://skin/extras/icons/playlist.png</icon>	
	<!-- videos -->
	<icon image="DefaultVideos.png">special://skin/extras/icons/videos.png</icon>	
	<icon image="DefaultVideo.png">special://skin/extras/icons/videos.png</icon>	
	<icon image="DefaultVideoPlaylists.png">special://skin/extras/icons/videos.png</icon>		
	<icon image="DefaultGenre.png">special://skin/extras/icons/videos.png</icon>
	<icon image="DefaultStudios.png">special://skin/extras/icons/videos.png</icon>
	<icon image="DefaultYear.png">special://skin/extras/icons/videos.png</icon>
	<!-- addons -->
	<icon image="DefaultAddonVideo.png">special://skin/extras/icons/videos.png</icon>
	<icon image="DefaultAddonMusic.png">special://skin/extras/icons/music.png</icon>
	<icon image="DefaultAddonPicture.png">special://skin/extras/icons/pictures.png</icon>
	<icon image="DefaultAddonProgram.png">special://skin/extras/icons/programs.png</icon>
	<!-- radio -->
	<icon image="DefaultAudio.png">special://skin/extras/icons/radio.png</icon>
	<!-- music -->
	<icon image="DefaultMusicAlbums.png">special://skin/extras/icons/music.png</icon>
	<icon image="DefaultMusicGenre.png">special://skin/extras/icons/music.png</icon>
	<icon image="DefaultMusicArtists.png">special://skin/extras/icons/music.png</icon>
	<icon image="DefaultMusicAlbums.png">special://skin/extras/icons/music.png</icon>
	<icon image="DefaultMusicSongs.png">special://skin/extras/icons/music.png</icon>
	<icon image="DefaultMusicYears.png">special://skin/extras/icons/music.png</icon>
	<icon image="DefaultMusicPlaylists.png">special://skin/extras/icons/music.png</icon>
	<icon image="DefaultMusicTop100.png">special://skin/extras/icons/music.png</icon>
	<icon image="DefaultMusicTop100Songs.png">special://skin/extras/icons/music.png</icon>
	<icon image="DefaultMusicTop100Albums.png">special://skin/extras/icons/music.png</icon>
	<icon image="DefaultMusicRecentlyAdded.png">special://skin/extras/icons/music.png</icon>
	<icon image="DefaultMusicRecentlyPlayed.png">special://skin/extras/icons/music.png</icon>
	<!-- music videos -->
	<icon image="DefaultMusicVideos.png">special://skin/extras/icons/musicvideos.png</icon>
	<icon image="DefaultMusicVideoTitle.png">special://skin/extras/icons/musicvideos.png</icon>
	<icon image="DefaultRecentlyAddedMusicVideos.png">special://skin/extras/icons/musicvideos.png</icon>
	<!-- movies -->
	<icon image="DefaultMovies.png">special://skin/extras/icons/movies.png</icon>
	<icon image="DefaultRecentlyAddedMovies.png">special://skin/extras/icons/movies.png</icon>
	<icon image="DefaultMovieTitle.png">special://skin/extras/icons/movies.png</icon>
	<icon image="DefaultSets.png">special://skin/extras/icons/movies.png</icon>
	<!-- tvshows -->
	<icon image="DefaultTVShows.png">special://skin/extras/icons/tvshows.png</icon>
	<icon image="DefaultTVShowTitle.png">special://skin/extras/icons/tvshows.png</icon>
	<icon image="DefaultRecentlyAddedEpisodes.png">special://skin/extras/icons/tvshows.png</icon>
	<icon image="DefaultInProgressShows.png">special://skin/extras/icons/tvshows.png</icon>
	<!-- pictures -->
	<icon image="DefaultPicture.png">special://skin/extras/icons/pictures.png</icon>	
	<icon image="DefaultProgram.png">special://skin/extras/icons/programs.png</icon>
	<icon image="DefaultShortcut.png">special://skin/extras/icons/shortcut.png</icon>
	<icon image="DefaultDVDFull.png">special://skin/extras/icons/dvd.png</icon>	
	<icon image="DefaultFolder.png">special://skin/extras/icons/folder.png</icon>	
	

	<!-- provided thumbnails -->
	<thumbnail label="Addons">special://skin/extras/icons/addons.png</thumbnail>
	<thumbnail label="Amazon Instant Video">special://skin/extras/icons/amazon.png</thumbnail>
	<thumbnail label="Download">special://skin/extras/icons/download.png</thumbnail>
	<thumbnail label="DropBox">special://skin/extras/icons/dropbox.png</thumbnail>
	<thumbnail label="Disc">special://skin/extras/icons/dvd.png</thumbnail>
	<thumbnail label="Edit">special://skin/extras/icons/edit.png</thumbnail>
	<thumbnail label="Edit #2">special://skin/extras/icons/edit2.png</thumbnail>
	<thumbnail label="EPG">special://skin/extras/icons/epg.png</thumbnail>
	<thumbnail label="Favourites">special://skin/extras/icons/favourites.png</thumbnail>
	<thumbnail label="File">special://skin/extras/icons/file.png</thumbnail>
	<thumbnail label="Folder">special://skin/extras/icons/folder.png</thumbnail>
	<thumbnail label="Games">special://skin/extras/icons/games.png</thumbnail>
	<thumbnail label="GameBoy">special://skin/extras/icons/games2.png</thumbnail>
	<thumbnail label="HDTV">special://skin/extras/icons/hdtv.png</thumbnail>
	<thumbnail label="Home">special://skin/extras/icons/home.png</thumbnail>
	<thumbnail label="Live TV">special://skin/extras/icons/livetv.png</thumbnail>
	<thumbnail label="Menu">special://skin/extras/icons/menu.png</thumbnail>
	<thumbnail label="Movies">special://skin/extras/icons/movies.png</thumbnail>
	<thumbnail label="Music">special://skin/extras/icons/music.png</thumbnail>
	<thumbnail label="Music Videos">special://skin/extras/icons/musicvideos.png</thumbnail>
	<thumbnail label="Network">special://skin/extras/icons/network.png</thumbnail>
	<thumbnail label="Network #2">special://skin/extras/icons/network2.png</thumbnail>
	<thumbnail label="Pictures">special://skin/extras/icons/pictures.png</thumbnail>
	<thumbnail label="Play">special://skin/extras/icons/play.png</thumbnail>
	<thumbnail label="Playlist">special://skin/extras/icons/playlist.png</thumbnail>
	<thumbnail label="Power">special://skin/extras/icons/power.png</thumbnail>
	<thumbnail label="Programs">special://skin/extras/icons/programs.png</thumbnail>
	<thumbnail label="Radio">special://skin/extras/icons/radio.png</thumbnail>
	<thumbnail label="Search">special://skin/extras/icons/search.png</thumbnail>
	<thumbnail label="Shortcut">special://skin/extras/icons/shortcut.png</thumbnail>
	<thumbnail label="Stream">special://skin/extras/icons/stream.png</thumbnail>
	<thumbnail label="System">special://skin/extras/icons/system.png</thumbnail>
	<thumbnail label="Settings">special://skin/extras/icons/system2.png</thumbnail>
	<thumbnail label="Trailer">special://skin/extras/icons/trailer.png</thumbnail>
	<thumbnail label="TV Show">special://skin/extras/icons/tvshows.png</thumbnail>
	<thumbnail label="Update">special://skin/extras/icons/update.png</thumbnail>
	<thumbnail label="User">special://skin/extras/icons/user.png</thumbnail>
	<thumbnail label="Videos">special://skin/extras/icons/videos.png</thumbnail>
	<thumbnail label="Videos #2">special://skin/extras/icons/videos2.png</thumbnail>
	<thumbnail label="Videos #3">special://skin/extras/icons/videos3.png</thumbnail>
	<thumbnail label="Videos #4">special://skin/extras/icons/videos4.png</thumbnail>
	<thumbnail label="Weather">special://skin/extras/icons/weather.png</thumbnail>
	<thumbnail label="YouTube">special://skin/extras/icons/youtube.png</thumbnail>
</overrides>
