<?xml version="1.0" encoding="utf-8"?>
<includes>
	<include file="Animations.xml" />
	<include file="Defaults.xml" />
	<include file="Parameters.xml" />
	<include file="ParametersHomeWidgets.xml" />
	<include file="IncludesWidgetLayout.xml" />
	<include file="Widgets.xml" />
	<include file="ViewTypes.xml" />
	<include file="IncludesViewTypeLayout.xml" />
	<include file="script-skinshortcuts-includes.xml" />
	<include file="Variables.xml" />
	<include file="IncludesDialogSettings.xml" />
	<include file="IncludesDialogSelect.xml" />
	<include file="IncludesDialogInfo.xml" />
	<include file="IncludesPVRChannelsOSD.xml" />
	<!-- Expressions -->
	<expression name="NoContentMessage">[String.IsEqual(Container(99).ListItem.Property(ftvWidget),widget1) + String.IsEmpty(Skin.String(1000-WidgetList-1)) + String.IsEmpty(Skin.String(1000-WidgetList-2)) + String.IsEmpty(Skin.String(1000-WidgetList-3)) + String.IsEmpty(Skin.String(1000-WidgetList-4)) + String.IsEmpty(Skin.String(1000-WidgetList-5)) + String.IsEmpty(Skin.String(1000-WidgetList-6)) + String.IsEmpty(Skin.String(1000-WidgetList-7)) + String.IsEmpty(Skin.String(1000-WidgetList-8))] | [String.IsEqual(Container(99).ListItem.Property(ftvWidget),widget2) + String.IsEmpty(Skin.String(2000-WidgetList-1)) + String.IsEmpty(Skin.String(2000-WidgetList-2)) + String.IsEmpty(Skin.String(2000-WidgetList-3)) + String.IsEmpty(Skin.String(2000-WidgetList-4)) + String.IsEmpty(Skin.String(2000-WidgetList-5)) + String.IsEmpty(Skin.String(2000-WidgetList-6)) + String.IsEmpty(Skin.String(2000-WidgetList-7)) + String.IsEmpty(Skin.String(2000-WidgetList-8))] | [String.IsEqual(Container(99).ListItem.Property(ftvWidget),widget3) + String.IsEmpty(Skin.String(3000-WidgetList-1)) + String.IsEmpty(Skin.String(3000-WidgetList-2)) + String.IsEmpty(Skin.String(3000-WidgetList-3)) + String.IsEmpty(Skin.String(3000-WidgetList-4)) + String.IsEmpty(Skin.String(3000-WidgetList-5)) + String.IsEmpty(Skin.String(3000-WidgetList-6)) + String.IsEmpty(Skin.String(3000-WidgetList-7)) + String.IsEmpty(Skin.String(3000-WidgetList-8))] | [String.IsEqual(Container(99).ListItem.Property(ftvWidget),widget4) + String.IsEmpty(Skin.String(4000-WidgetList-1)) + String.IsEmpty(Skin.String(4000-WidgetList-2)) + String.IsEmpty(Skin.String(4000-WidgetList-3)) + String.IsEmpty(Skin.String(4000-WidgetList-4)) + String.IsEmpty(Skin.String(4000-WidgetList-5)) + String.IsEmpty(Skin.String(4000-WidgetList-6)) + String.IsEmpty(Skin.String(4000-WidgetList-7)) + String.IsEmpty(Skin.String(4000-WidgetList-8))] | [String.IsEqual(Container(99).ListItem.Property(ftvWidget),widget5) + String.IsEmpty(Skin.String(5000-WidgetList-1)) + String.IsEmpty(Skin.String(5000-WidgetList-2)) + String.IsEmpty(Skin.String(5000-WidgetList-3)) + String.IsEmpty(Skin.String(5000-WidgetList-4)) + String.IsEmpty(Skin.String(5000-WidgetList-5)) + String.IsEmpty(Skin.String(5000-WidgetList-6)) + String.IsEmpty(Skin.String(5000-WidgetList-7)) + String.IsEmpty(Skin.String(5000-WidgetList-8))] | [String.IsEqual(Container(99).ListItem.Property(ftvWidget),widget6) + String.IsEmpty(Skin.String(6000-WidgetList-1)) + String.IsEmpty(Skin.String(6000-WidgetList-2)) + String.IsEmpty(Skin.String(6000-WidgetList-3)) + String.IsEmpty(Skin.String(6000-WidgetList-4)) + String.IsEmpty(Skin.String(6000-WidgetList-5)) + String.IsEmpty(Skin.String(6000-WidgetList-6)) + String.IsEmpty(Skin.String(6000-WidgetList-7)) + String.IsEmpty(Skin.String(6000-WidgetList-8))] | [String.IsEqual(Container(99).ListItem.Property(ftvWidget),widget7) + String.IsEmpty(Skin.String(7000-WidgetList-1)) + String.IsEmpty(Skin.String(7000-WidgetList-2)) + String.IsEmpty(Skin.String(7000-WidgetList-3)) + String.IsEmpty(Skin.String(7000-WidgetList-4)) + String.IsEmpty(Skin.String(7000-WidgetList-5)) + String.IsEmpty(Skin.String(7000-WidgetList-6)) + String.IsEmpty(Skin.String(7000-WidgetList-7)) + String.IsEmpty(Skin.String(7000-WidgetList-8))] | [String.IsEqual(Container(99).ListItem.Property(ftvWidget),widget8) + String.IsEmpty(Skin.String(8000-WidgetList-1)) + String.IsEmpty(Skin.String(8000-WidgetList-2)) + String.IsEmpty(Skin.String(8000-WidgetList-3)) + String.IsEmpty(Skin.String(8000-WidgetList-4)) + String.IsEmpty(Skin.String(8000-WidgetList-5)) + String.IsEmpty(Skin.String(8000-WidgetList-6)) + String.IsEmpty(Skin.String(8000-WidgetList-7)) + String.IsEmpty(Skin.String(8000-WidgetList-8))] | [String.IsEqual(Container(99).ListItem.Property(ftvWidget),widget9) + String.IsEmpty(Skin.String(9000-WidgetList-1)) + String.IsEmpty(Skin.String(9000-WidgetList-2)) + String.IsEmpty(Skin.String(9000-WidgetList-3)) + String.IsEmpty(Skin.String(9000-WidgetList-4)) + String.IsEmpty(Skin.String(9000-WidgetList-5)) + String.IsEmpty(Skin.String(9000-WidgetList-6)) + String.IsEmpty(Skin.String(9000-WidgetList-7)) + String.IsEmpty(Skin.String(9000-WidgetList-8))] | [String.IsEqual(Container(99).ListItem.Property(ftvWidget),widget10) + String.IsEmpty(Skin.String(10000-WidgetList-1)) + String.IsEmpty(Skin.String(10000-WidgetList-2)) + String.IsEmpty(Skin.String(10000-WidgetList-3)) + String.IsEmpty(Skin.String(10000-WidgetList-4)) + String.IsEmpty(Skin.String(10000-WidgetList-5)) + String.IsEmpty(Skin.String(10000-WidgetList-6)) + String.IsEmpty(Skin.String(10000-WidgetList-7)) + String.IsEmpty(Skin.String(10000-WidgetList-8))] | [String.IsEqual(Container(99).ListItem.Property(ftvWidget),widget11) + String.IsEmpty(Skin.String(11000-WidgetList-1)) + String.IsEmpty(Skin.String(11000-WidgetList-2)) + String.IsEmpty(Skin.String(11000-WidgetList-3)) + String.IsEmpty(Skin.String(11000-WidgetList-4)) + String.IsEmpty(Skin.String(11000-WidgetList-5)) + String.IsEmpty(Skin.String(11000-WidgetList-6)) + String.IsEmpty(Skin.String(11000-WidgetList-7)) + String.IsEmpty(Skin.String(11000-WidgetList-8))] | [String.IsEqual(Container(99).ListItem.Property(ftvWidget),widget12) + String.IsEmpty(Skin.String(12000-WidgetList-1)) + String.IsEmpty(Skin.String(12000-WidgetList-2)) + String.IsEmpty(Skin.String(12000-WidgetList-3)) + String.IsEmpty(Skin.String(12000-WidgetList-4)) + String.IsEmpty(Skin.String(12000-WidgetList-5)) + String.IsEmpty(Skin.String(12000-WidgetList-6)) + String.IsEmpty(Skin.String(12000-WidgetList-7)) + String.IsEmpty(Skin.String(12000-WidgetList-8))]</expression>
	<!-- Widths -->
	<include name="Width242">
		<width>242</width>
	</include>
	<include name="Width358">
		<width>358</width>
	</include>
	<!-- Fullscreen dimensions -->
	<include name="FullscreenDimensions">
		<left>0</left>
		<top>0</top>
		<width>1920</width>
		<height>1080</height>
	</include>
	<!-- Background image -->
	<include name="BackgroundImage">
		<control type="image">
			<include>FullscreenDimensions</include>
			<texture>special://skin/extras/backgrounds/default.png</texture>
		</control>
	</include>
	<!-- Dialog background image -->
	<include name="DialogBackgroundImage">
		<control type="image">
			<include>FullscreenDimensions</include>
			<texture>dialogs/DialogBackground.png</texture>
			<animation effect="fade" end="100" start="0" time="200">WindowOpen</animation>
			<animation delay="100" effect="fade" end="0" start="100" time="200">WindowClose</animation>
		</control>
	</include>
	<!-- Dialog text background image -->
	<include name="DialogTextBackgroundImage">
		<control type="image">
			<include>FullscreenDimensions</include>
			<texture>dialogs/DialogBackground.png</texture>
			<animation effect="fade" end="100" start="0" time="200">WindowOpen</animation>
			<animation delay="100" effect="fade" end="0" start="100" time="200">WindowClose</animation>
		</control>
	</include>
	<!-- Message Background image -->
	<include name="MessageBackground">
		<texture border="32">dialogs/DialogMessageBackground.png</texture>
		<bordertexture border="32">dialogs/Empty.png</bordertexture>
		<bordersize>-82</bordersize>
	</include>
	<include name="osd_padding">
		<height>82</height>
		<width>17.36</width>
		<texture>-</texture>
	</include>
	<include name="HiddenHomeList">
		<top>-10</top>
		<width>10</width>
		<height>1</height>
		<viewtype label="">list</viewtype>
		<orientation>horizontal</orientation>
		<itemlayout height="1" width="1" />
		<focusedlayout height="1" width="1" />
	</include>
	<!-- Fanart -->
	<include name="Fanart">
		<control type="group">
			<animation condition="!Window.Previous(visualisation)" delay="800" effect="fade" end="100" start="0" time="200">WindowOpen</animation>
			<control type="image">
				<include>FullscreenDimensions</include>
				<fadetime>400</fadetime>
				<colordiffuse>26ffffff</colordiffuse>
				<texture background="true">$VAR[Fanart]</texture>
			</control>
		</control>
	</include>
	<!-- PVR Fanart -->
	<include name="PVRFanart">
		<control type="group">
			<animation condition="!Window.Previous(visualisation)" delay="800" effect="fade" end="100" start="0" time="200">WindowOpen</animation>
			<control type="image">
				<include>FullscreenDimensions</include>
				<fadetime>400</fadetime>
				<colordiffuse>0effffff</colordiffuse>
				<texture background="true">$VAR[Fanart]</texture>
			</control>
		</control>
	</include>
	<!-- No textures -->
	<include name="NoTextures">
		<texturefocus>-</texturefocus>
		<texturenofocus>-</texturenofocus>
		<alttexturenofocus>-</alttexturenofocus>
		<alttexturefocus>-</alttexturefocus>
		<textureradioonfocus>-</textureradioonfocus>
		<textureradioonnofocus>-</textureradioonnofocus>
		<textureradioofffocus>-</textureradioofffocus>
		<textureradiooffnofocus>-</textureradiooffnofocus>
		<textureup>-</textureup>
		<texturedown>-</texturedown>
		<textureupfocus>-</textureupfocus>
		<texturedownfocus>-</texturedownfocus>
	</include>
	<!-- Hidden control -->
	<include name="HiddenControl">
		<left>-10</left>
		<top>-10</top>
		<width>1</width>
		<height>1</height>
		<font>-</font>
		<texture>-</texture>
		<texturefocus>-</texturefocus>
		<texturenofocus>-</texturenofocus>
		<alttexturenofocus>-</alttexturenofocus>
		<alttexturefocus>-</alttexturefocus>
		<textureradiofocus>-</textureradiofocus>
		<textureradionofocus>-</textureradionofocus>
	</include>
	<!-- BBFC Ratings -->
	<include name="Rating_BBFC">
		<control type="image">
			<top>3</top>
			<width>33</width>
			<height>23</height>
			<colordiffuse>ffdadada</colordiffuse>
			<texture>rating/bbfc/pg.png</texture>
			<visible>Container.Content(movies) + !String.IsEmpty(ListItem.Mpaa) + String.EndsWith(ListItem.Mpaa,pg)</visible>
		</control>
		<control type="image">
			<top>3</top>
			<width>29</width>
			<height>23</height>
			<colordiffuse>ffdadada</colordiffuse>
			<texture>rating/bbfc/12.png</texture>
			<visible>Container.Content(movies) + !String.IsEmpty(ListItem.Mpaa) + String.EndsWith(ListItem.Mpaa,12)</visible>
		</control>
		<control type="image">
			<top>3</top>
			<width>38</width>
			<height>23</height>
			<colordiffuse>ffdadada</colordiffuse>
			<texture>rating/bbfc/12A.png</texture>
			<visible>Container.Content(movies) + !String.IsEmpty(ListItem.Mpaa) + String.EndsWith(ListItem.Mpaa,12a)</visible>
		</control>
		<control type="image">
			<top>3</top>
			<width>29</width>
			<height>23</height>
			<colordiffuse>ffdadada</colordiffuse>
			<texture>rating/bbfc/15.png</texture>
			<visible>Container.Content(movies) + !String.IsEmpty(ListItem.Mpaa) + String.EndsWith(ListItem.Mpaa,15)</visible>
		</control>
		<control type="image">
			<top>3</top>
			<width>29</width>
			<height>23</height>
			<colordiffuse>ffdadada</colordiffuse>
			<texture>rating/bbfc/18.png</texture>
			<visible>Container.Content(movies) + !String.IsEmpty(ListItem.Mpaa) + String.EndsWith(ListItem.Mpaa,18)</visible>
		</control>
		<control type="image">
			<top>3</top>
			<width>23</width>
			<height>23</height>
			<colordiffuse>ffdadada</colordiffuse>
			<texture>rating/bbfc/u.png</texture>
			<visible>Container.Content(movies) + !String.IsEmpty(ListItem.Mpaa) + String.EndsWith(ListItem.Mpaa,u)</visible>
		</control>
	</include>
	<!-- FSK Ratings -->
	<include name="Rating_FSK">
		<control type="image">
			<top>3</top>
			<width>25</width>
			<height>23</height>
			<colordiffuse>ffdadada</colordiffuse>
			<texture>rating/fsk/0.png</texture>
			<visible>Container.Content(movies) + !String.IsEmpty(ListItem.Mpaa) + String.EndsWith(ListItem.Mpaa,0)</visible>
		</control>
		<control type="image">
			<top>3</top>
			<width>25</width>
			<height>23</height>
			<colordiffuse>ffdadada</colordiffuse>
			<texture>rating/fsk/6.png</texture>
			<visible>Container.Content(movies) + !String.IsEmpty(ListItem.Mpaa) + String.EndsWith(ListItem.Mpaa,6) + !String.EndsWith(ListItem.Mpaa,16)</visible>
		</control>
		<control type="image">
			<top>3</top>
			<width>25</width>
			<height>23</height>
			<colordiffuse>ffdadada</colordiffuse>
			<texture>rating/fsk/12.png</texture>
			<visible>Container.Content(movies) + !String.IsEmpty(ListItem.Mpaa) + String.EndsWith(ListItem.Mpaa,12)</visible>
		</control>
		<control type="image">
			<top>3</top>
			<width>25</width>
			<height>23</height>
			<colordiffuse>ffdadada</colordiffuse>
			<texture>rating/fsk/16.png</texture>
			<visible>Container.Content(movies) + !String.IsEmpty(ListItem.Mpaa) + String.EndsWith(ListItem.Mpaa,16)</visible>
		</control>
		<control type="image">
			<top>3</top>
			<width>25</width>
			<height>23</height>
			<colordiffuse>ffdadada</colordiffuse>
			<texture>rating/fsk/18.png</texture>
			<visible>Container.Content(movies) + !String.IsEmpty(ListItem.Mpaa) + String.EndsWith(ListItem.Mpaa,18)</visible>
		</control>
	</include>
	<!-- MPAA Ratings -->
	<include name="Rating_MPAA">
		<control type="image">
			<top>3</top>
			<width>59</width>
			<height>23</height>
			<colordiffuse>ffdadada</colordiffuse>
			<texture>rating/mpaa/nc17.png</texture>
			<visible>Container.Content(movies) + !String.IsEmpty(ListItem.Mpaa) + String.EndsWith(ListItem.Mpaa,nc)</visible>
		</control>
		<control type="image">
			<top>3</top>
			<width>59</width>
			<height>23</height>
			<colordiffuse>ffdadada</colordiffuse>
			<texture>rating/mpaa/pg13.png</texture>
			<visible>Container.Content(movies) + !String.IsEmpty(ListItem.Mpaa) + String.EndsWith(ListItem.Mpaa,13)</visible>
		</control>
		<control type="image">
			<top>3</top>
			<width>35</width>
			<height>23</height>
			<colordiffuse>ffdadada</colordiffuse>
			<texture>rating/mpaa/nr.png</texture>
			<visible>Container.Content(movies) + !String.IsEmpty(ListItem.Mpaa) + String.EndsWith(ListItem.Mpaa,nr)</visible>
		</control>
		<control type="image">
			<top>3</top>
			<width>35</width>
			<height>23</height>
			<colordiffuse>ffdadada</colordiffuse>
			<texture>rating/mpaa/r.png</texture>
			<visible>Container.Content(movies) + !String.IsEmpty(ListItem.Mpaa) + String.EndsWith(ListItem.Mpaa,r) + !String.EndsWith(ListItem.Mpaa,nr)</visible>
		</control>
		<control type="image">
			<top>3</top>
			<width>35</width>
			<height>23</height>
			<colordiffuse>ffdadada</colordiffuse>
			<texture>rating/mpaa/pg.png</texture>
			<visible>Container.Content(movies) + !String.IsEmpty(ListItem.Mpaa) + String.EndsWith(ListItem.Mpaa,pg)</visible>
		</control>
		<control type="image">
			<top>3</top>
			<width>25</width>
			<height>23</height>
			<colordiffuse>ffdadada</colordiffuse>
			<texture>rating/mpaa/g.png</texture>
			<visible>Container.Content(movies) + !String.IsEmpty(ListItem.Mpaa) + String.Contains(ListItem.Mpaa,g) + !String.Contains(ListItem.Mpaa,pg)</visible>
		</control>
	</include>
	<!-- AudioCodec -->
	<include name="AudioCodec">
		<control type="image">
			<top>3</top>
			<width>59</width>
			<height>23</height>
			<colordiffuse>ffdadada</colordiffuse>
			<aspectratio align="left">keep</aspectratio>
			<texture>flags/mono.png</texture>
			<visible>Integer.IsEqual(ListItem.AudioChannels,1)</visible>
		</control>
		<control type="image">
			<top>3</top>
			<width>74</width>
			<height>23</height>
			<colordiffuse>ffdadada</colordiffuse>
			<aspectratio align="left">keep</aspectratio>
			<texture>flags/stereo.png</texture>
			<visible>Integer.IsEqual(ListItem.AudioChannels,2)</visible>
		</control>
		<control type="image">
			<top>3</top>
			<width>43</width>
			<height>23</height>
			<colordiffuse>ffdadada</colordiffuse>
			<aspectratio align="left">keep</aspectratio>
			<texture>flags/dts.png</texture>
			<visible>Integer.IsGreater(ListItem.AudioChannels,2) + !String.Contains(ListItem.AudioCodec,dtshd) + [String.Contains(ListItem.AudioCodec,dca) | String.Contains(ListItem.AudioCodec,dts)]</visible>
		</control>
		<control type="image">
			<top>3</top>
			<width>68</width>
			<height>23</height>
			<colordiffuse>ffdadada</colordiffuse>
			<aspectratio align="left">keep</aspectratio>
			<texture>flags/dtshd.png</texture>
			<visible>Integer.IsGreater(ListItem.AudioChannels,2) + String.Contains(ListItem.AudioCodec,dtshd)</visible>
		</control>
		<control type="image">
			<top>3</top>
			<width>65</width>
			<height>23</height>
			<colordiffuse>ffdadada</colordiffuse>
			<aspectratio align="left">keep</aspectratio>
			<texture>flags/dolby.png</texture>
			<visible>Integer.IsGreater(ListItem.AudioChannels,2) + String.Contains(ListItem.AudioCodec,ac3) + !String.Contains(ListItem.AudioCodec,eac3)</visible>
		</control>
		<control type="image">
			<top>3</top>
			<width>74</width>
			<height>23</height>
			<colordiffuse>ffdadada</colordiffuse>
			<aspectratio align="left">keep</aspectratio>
			<texture>flags/dolbyplus.png</texture>
			<visible>Integer.IsGreater(ListItem.AudioChannels,2) + String.Contains(ListItem.AudioCodec,eac3)</visible>
		</control>
		<control type="image">
			<top>3</top>
			<width>79</width>
			<height>23</height>
			<colordiffuse>ffdadada</colordiffuse>
			<aspectratio align="left">keep</aspectratio>
			<texture>flags/truehd.png</texture>
			<visible>Integer.IsGreater(ListItem.AudioChannels,2) + String.Contains(ListItem.AudioCodec,truehd)</visible>
		</control>
		<control type="image">
			<top>3</top>
			<width>80</width>
			<height>23</height>
			<colordiffuse>ffdadada</colordiffuse>
			<aspectratio align="left">keep</aspectratio>
			<texture>flags/multich.png</texture>
			<visible>Integer.IsGreater(ListItem.AudioChannels,2) + !String.Contains(ListItem.AudioCodec,ac3) + !String.Contains(ListItem.AudioCodec,truehd) + !String.Contains(ListItem.AudioCodec,dts) + !String.Contains(ListItem.AudioCodec,dca)</visible>
		</control>
	</include>
	<!-- TV Ratings -->
	<include name="Rating_TV">
		<control type="image">
			<top>3</top>
			<width>69</width>
			<height>23</height>
			<colordiffuse>ffdadada</colordiffuse>
			<aspectratio align="left">keep</aspectratio>
			<texture>rating/tv/14.png</texture>
			<visible>Container.Content(tvshows) + !String.IsEmpty(ListItem.Mpaa) + String.Contains(ListItem.Mpaa,14)</visible>
		</control>
		<control type="image">
			<top>3</top>
			<width>69</width>
			<height>23</height>
			<colordiffuse>ffdadada</colordiffuse>
			<aspectratio align="left">keep</aspectratio>
			<texture>rating/tv/g.png</texture>
			<visible>Container.Content(tvshows) + !String.IsEmpty(ListItem.Mpaa) + String.Contains(ListItem.Mpaa,g) + !String.Contains(ListItem.Mpaa,pg)</visible>
		</control>
		<control type="image">
			<top>3</top>
			<width>69</width>
			<height>23</height>
			<colordiffuse>ffdadada</colordiffuse>
			<aspectratio align="left">keep</aspectratio>
			<texture>rating/tv/pg.png</texture>
			<visible>Container.Content(tvshows) + !String.IsEmpty(ListItem.Mpaa) + String.Contains(ListItem.Mpaa,pg)</visible>
		</control>
		<control type="image">
			<top>3</top>
			<width>69</width>
			<height>23</height>
			<colordiffuse>ffdadada</colordiffuse>
			<aspectratio align="left">keep</aspectratio>
			<texture>rating/tv/ma.png</texture>
			<visible>Container.Content(tvshows) + !String.IsEmpty(ListItem.Mpaa) + String.Contains(ListItem.Mpaa,ma)</visible>
		</control>
		<control type="image">
			<top>3</top>
			<width>69</width>
			<height>23</height>
			<colordiffuse>ffdadada</colordiffuse>
			<aspectratio align="left">keep</aspectratio>
			<texture>rating/tv/nr.png</texture>
			<visible>Container.Content(tvshows) + !String.IsEmpty(ListItem.Mpaa) + String.Contains(ListItem.Mpaa,nr)</visible>
		</control>
		<control type="image">
			<top>3</top>
			<width>69</width>
			<height>23</height>
			<colordiffuse>ffdadada</colordiffuse>
			<aspectratio align="left">keep</aspectratio>
			<texture>rating/tv/y.png</texture>
			<visible>Container.Content(tvshows) + !String.IsEmpty(ListItem.Mpaa) + String.Contains(ListItem.Mpaa,y) + !String.Contains(ListItem.Mpaa,y7)</visible>
		</control>
		<control type="image">
			<top>3</top>
			<width>69</width>
			<height>23</height>
			<colordiffuse>ffdadada</colordiffuse>
			<aspectratio align="left">keep</aspectratio>
			<texture>rating/tv/y7.png</texture>
			<visible>Container.Content(tvshows) + !String.IsEmpty(ListItem.Mpaa) + String.Contains(ListItem.Mpaa,y7)</visible>
		</control>
	</include>
	<!-- TV Episode Ratings -->
	<include name="Rating_TV_Episodes">
		<control type="image">
			<top>3</top>
			<width>59</width>
			<height>23</height>
			<colordiffuse>ffdadada</colordiffuse>
			<texture>rating/tv/14.png</texture>
			<visible>!String.IsEmpty(ListItem.Mpaa) + String.Contains(ListItem.Mpaa,14)</visible>
		</control>
		<control type="image">
			<top>3</top>
			<width>59</width>
			<height>23</height>
			<colordiffuse>ffdadada</colordiffuse>
			<texture>rating/tv/g.png</texture>
			<visible>!String.IsEmpty(ListItem.Mpaa) + String.Contains(ListItem.Mpaa,g) + !String.Contains(ListItem.Mpaa,pg)</visible>
		</control>
		<control type="image">
			<top>3</top>
			<width>59</width>
			<height>23</height>
			<colordiffuse>ffdadada</colordiffuse>
			<texture>rating/tv/pg.png</texture>
			<visible>!String.IsEmpty(ListItem.Mpaa) + String.Contains(ListItem.Mpaa,pg)</visible>
		</control>
		<control type="image">
			<top>3</top>
			<width>59</width>
			<height>23</height>
			<colordiffuse>ffdadada</colordiffuse>
			<texture>rating/tv/ma.png</texture>
			<visible>!String.IsEmpty(ListItem.Mpaa) + String.Contains(ListItem.Mpaa,ma)</visible>
		</control>
		<control type="image">
			<top>3</top>
			<width>59</width>
			<height>23</height>
			<colordiffuse>ffdadada</colordiffuse>
			<texture>rating/tv/nr.png</texture>
			<visible>!String.IsEmpty(ListItem.Mpaa) + String.Contains(ListItem.Mpaa,nr)</visible>
		</control>
		<control type="image">
			<top>3</top>
			<width>59</width>
			<height>23</height>
			<colordiffuse>ffdadada</colordiffuse>
			<texture>rating/tv/y.png</texture>
			<visible>!String.IsEmpty(ListItem.Mpaa) + String.Contains(ListItem.Mpaa,y) + !String.Contains(ListItem.Mpaa,y7)</visible>
		</control>
		<control type="image">
			<top>3</top>
			<width>59</width>
			<height>23</height>
			<colordiffuse>ffdadada</colordiffuse>
			<texture>rating/tv/y7.png</texture>
			<visible>!String.IsEmpty(ListItem.Mpaa) + String.Contains(ListItem.Mpaa,y7)</visible>
		</control>
	</include>
	<!-- Small Keyboard buttons -->
	<include name="SmallKeyboardButtons">
		<width>48</width>
		<height>44</height>
		<font>Light40</font>
		<align>center</align>
		<textcolor>ff808080</textcolor>
		<focusedcolor>ffffc24b</focusedcolor>
		<texturefocus border="2">-</texturefocus>
		<texturenofocus border="2">-</texturenofocus>
	</include>
	<!-- Hidden Keyboard Button -->
	<include name="HiddenKeyboardButtons">
		<width>48</width>
		<height>44</height>
		<font>invisible</font>
		<texturefocus border="2">-</texturefocus>
		<texturenofocus border="2">-</texturenofocus>
	</include>
	<!-- Control buttons -->
	<include name="BottomControlButtons">
		<width>48</width>
		<height>44</height>
		<font>invisible</font>
		<align>center</align>
		<aligny>center</aligny>
		<textcolor>ff808080</textcolor>
		<focusedcolor>ffffc24b</focusedcolor>
		<texturefocus border="2">dialogs/keys/keyboard_$PARAM[name]_fo.png</texturefocus>
		<texturenofocus border="2">dialogs/keys/keyboard_$PARAM[name]_nf.png</texturenofocus>
	</include>
	<include name="KeyboardControlButtons">
		<control type="image">
			<width>48</width>
			<height>44</height>
			<align>center</align>
			<aligny>center</aligny>
			<texture>dialogs/keys/keyboard_$PARAM[name]_fo.png</texture>
			<visible>Control.HasFocus($PARAM[ID])</visible>
		</control>
		<control type="image">
			<width>48</width>
			<height>44</height>
			<align>center</align>
			<aligny>center</aligny>
			<texture>dialogs/keys/keyboard_$PARAM[name]_nf.png</texture>
			<visible>!Control.HasFocus($PARAM[ID])</visible>
		</control>
	</include>
	<!-- Keyboard buttons -->
	<include name="KeyboardButtons">
		<width>78</width>
		<height>78</height>
		<font>Med40</font>
		<align>center</align>
		<aligny>center</aligny>
		<textcolor>ffdadada</textcolor>
		<focusedcolor>ff0c0c0c</focusedcolor>
		<texturefocus border="2">dialogs/KeyboardButtonFO.png</texturefocus>
		<texturenofocus border="2">dialogs/KeyboardButtonNF.png</texturenofocus>
	</include>
	<!-- Numeric buttons -->
	<include name="NumericButtons">
		<width>168</width>
		<height>168</height>
		<font>Med40</font>
		<align>center</align>
		<aligny>center</aligny>
		<textcolor>ffdadada</textcolor>
		<focusedcolor>ff0c0c0c</focusedcolor>
		<texturefocus border="2">dialogs/KeyboardButtonFO.png</texturefocus>
		<texturenofocus border="2">dialogs/KeyboardButtonNF.png</texturenofocus>
	</include>
	<!-- ViewType Thumb Overlays -->
	<include name="OverlayHD">
		<control type="image">
			<top>48</top>
			<width>90</width>
			<height>90</height>
			<texture>views/OverlayHD.png</texture>
			<visible>Integer.IsGreater(ListItem.VideoResolution,719) + !ListItem.IsStereoscopic</visible>
		</control>
		<control type="image">
			<top>48</top>
			<width>90</width>
			<height>90</height>
			<texture>views/Overlay3D.png</texture>
			<visible>ListItem.IsStereoscopic</visible>
		</control>
	</include>
	<include name="OverlayWatched">
		<control type="image">
			<top>48</top>
			<width>90</width>
			<height>90</height>
			<texture>views/OverlayWatched.png</texture>
			<visible>String.IsEqual(ListItem.Overlay,OverlayWatched.png)</visible>
		</control>
	</include>
	<!-- Player Titles -->
	<include name="PlayerTitles">
		<control id="99" type="grouplist">
			<left>20</left>
			<top>64</top>
			<width>1880</width>
			<height>50</height>
			<align>center</align>
			<itemgap>0</itemgap>
			<orientation>horizontal</orientation>
			<!--  Title -->
			<control id="99" type="label">
				<width>auto</width>
				<height>50</height>
				<font>Med40</font>
				<textcolor>ffeaeaea</textcolor>
				<shadowcolor>ff000000</shadowcolor>
				<label>$VAR[PlayerBigLabel]</label>
			</control>
			<!-- Season/Episode number -->
			<control id="99" type="label">
				<width>auto</width>
				<height>50</height>
				<font>Med40</font>
				<textcolor>ffeaeaea</textcolor>
				<shadowcolor>ff000000</shadowcolor>
				<label>$VAR[PlayerEpisodeValue]</label>
			</control>
		</control>
		<!--  Small label -->
		<control id="99" type="label">
			<left>20</left>
			<top>127</top>
			<width>1880</width>
			<height>40</height>
			<align>center</align>
			<font>Light26</font>
			<textcolor>fffe8e8e8</textcolor>
			<shadowcolor>ff000000</shadowcolor>
			<label>$VAR[PlayerSmallLabel]</label>
		</control>
	</include>
</includes>