<?xml version="1.0" encoding="UTF-8" standalone="yes"?>
<addon id="script.pinsentry" name="PinSentry" version="0.9.1" provider-name="robwebset">
	<requires>
		<import addon="xbmc.python" version="2.1.0"/>
		<import addon="script.module.simplejson" version="3.3.0"/>
	</requires>
	<extension point="xbmc.python.pluginsource" library="plugin.py">
		<provides>video</provides>
	</extension>
	<extension point="xbmc.service" library="service.py" start="login">
		<provides>executable</provides>
	</extension>
	<extension point="xbmc.python.script" library="default.py">
		<provides>executable</provides>
	</extension>
	<extension point="xbmc.addon.metadata">
		<summary lang="en">Protect Kodi Content With A Pin Code</summary>
		<description lang="en">Force users to enter the correct pin code for given content.</description>
		<language></language>
		<platform>all</platform>
		<license>GNU GENERAL PUBLIC LICENSE. Version 2, June 1991</license>
		<forum>http://forum.kodi.tv/showthread.php?tid=228451</forum>
		<source>https://github.com/robwebset/script.pinsentry</source>
	</extension>
</addon>
