<?xml version="1.0" encoding="UTF-8" standalone="yes"?>
<addon id="script.imdbupdate" name="IMDB Update" version="0.8.11" provider-name="Jandalf">
	<requires>
		<import addon="xbmc.python" version="2.25.0"/>
		<import addon="xbmc.gui" version="5.12.0"/>
		<import addon="xbmc.addon" version="16.0.0"/>
	</requires>
	<extension point="xbmc.python.script" library="default.py"/>
	<extension point="xbmc.service" library="service.py"/>
	<extension point="xbmc.addon.metadata">
		<platform>all</platform>
		<summary lang="en">Updates movie ratings and Top250 from IMDB.</summary>
		<forum>http://forum.xbmc.org/showthread.php?tid=167754</forum>
		<source>https://github.com/Jandalf/script.imdbupdate</source>
		<license>GNU GENERAL PUBLIC LICENSE Version 3, 29 June 2007</license>
	</extension>
</addon>
