<?xml version="1.0" encoding="UTF-8"?>
<window  id="40">
	<defaultcontrol always="true">50</defaultcontrol>
	<allowoverlay>no</allowoverlay>
	<backgroundcolor>0</backgroundcolor>
	<views>50,56,560</views>
	<controls>
		<include>BackgroundItems</include>
		<include>AddonsViews</include>
		<include>CommonItems</include>
		<include condition="Skin.HasSetting(EnableAddonsNotifications)">AddonsNotifications</include>

		<!-- ==================== -->
		<!-- Top Options Controls -->
		<!-- ==================== -->
		<control type="group"  id="9000">
			<left>45</left>
			<top>-10</top>
			<include>TopOptionsSlideAnimations</include>
			<visible>!Skin.HasSetting(EnableKioskMode)</visible>
			<visible allowhiddenfocus="true">ControlGroup(9111).HasFocus + !Window.IsActive(ContextMenu) + !Window.IsActive(ShutdownMenu) + !Window.IsActive(favourites)</visible>
			<!-- Head Labels -->
			<control type="grouplist">
				<left>0</left>
				<top>0</top>
				<height>70</height>
				<width>1000</width>
				<align>left</align>
				<aligny>center</aligny>
				<itemgap>20</itemgap>
				<orientation>horizontal</orientation>
				<include>TopOptionsSlideAnimations</include>
				<control type="label">
					<include>TopBigLabel</include>
					<label>$LOCALIZE[33063] $LOCALIZE[33061]</label>
				</control>
				<control type="label">
					<include>TopZoomedSmallLabel</include>
					<label>$LOCALIZE[24001]</label>
				</control>
			</control>
			<!-- Main Options -->
			<control type="grouplist" id="9111">
				<left>0</left>
				<top>50</top>
				<width>460</width>
				<height max="520">auto</height>
				<itemgap>0</itemgap>
				<onleft>50</onleft>
				<onright>50</onright>
				<onup>9111</onup>
				<ondown>9111</ondown>
				<onback>50</onback>
				<include>TopOptionsSlideAnimations</include>
				<control type="button" id="2">
					<description>View as</description>
					<label>-</label>
					<include>TopLeftMenusButton</include>
				</control>
				<control type="togglebutton" id="294">
					<description>Change Thumbs Size (Thumbnails View)</description>
					<include>TopLeftMenusButton</include>
					<label>$LOCALIZE[31098]</label>
					<altlabel>$LOCALIZE[31099]</altlabel>
					<onclick>Skin.ToggleSetting(ShowSmallAddonsThumbs)</onclick>
					<selected>Skin.HasSetting(ShowSmallAddonsThumbs)</selected>
					<visible>Control.IsVisible(560)</visible>
				</control>
				<control type="button" id="3">
					<description>Sort by</description>
					<label>103</label>
					<include>TopLeftMenusButton</include>
				</control>
				<control type="togglebutton" id="4">
					<description>Sort Ascending/Descending</description>
					<label>$LOCALIZE[21429]: $LOCALIZE[21430]</label>
					<altlabel>$LOCALIZE[21429]: $LOCALIZE[21431]</altlabel>
					<include>TopLeftMenusButton</include>
				</control>
				<control type="button" id="9">
					<description>Check for Repo Updates</description>
					<label>24034</label>
					<include>TopLeftMenusButton</include>
				</control>
				<control type="button" id="5">
					<description>Auto Update</description>
					<include>TopLeftMenusButton</include>
				</control>
				<control type="togglebutton" id="6">
					<description>Notifications</description>
					<label>$LOCALIZE[25000]: $LOCALIZE[31012]</label>
					<altlabel>$LOCALIZE[25000]: $LOCALIZE[31011]</altlabel>
					<include>TopLeftMenusButton</include>
				</control>
				<control type="togglebutton" id="7">
					<description>Hide Foreign</description>
					<label>$LOCALIZE[25001]: $LOCALIZE[31012]</label>
					<altlabel>$LOCALIZE[25001]: $LOCALIZE[31011]</altlabel>
					<include>TopLeftMenusButton</include>
				</control>
			</control>
			<!-- Main Options Labels -->
			<control type="grouplist.">
				<visible allowhiddenfocus="true">ControlGroup(9111).HasFocus + !Window.IsActive(ContextMenu) + !Window.IsActive(ShutdownMenu) + !Window.IsActive(favourites)</visible>
				<animation type="Visible"  reversible="false">
					<effect type="fade" start="0" end="100" time="300" tween="sine" easing="in"  />
					<effect type="slide" start="0,-35" end="0,0" time="350" tween="cubic" easing="out" />
				</animation>
				<animation type="Hidden" reversible="false">
					<effect type="fade" start="100" end="0" time="500" tween="sine" easing="out" />
					<effect type="slide" start="0,0" end="0,-35" time="350" tween="sine" easing="out" />
				</animation>
				<left>0</left>
				<top>0</top>
				<height>55</height>
				<width>1190</width>
				<itemgap>5</itemgap>
				<align>left</align>
				<orientation>horizontal</orientation>
				<control type="label">
					<include>TopBigLabel</include>
					<label>$LOCALIZE[33063]:</label>
				</control>
				<control type="label">
					<description>View as</description>
					<include>TopSmallLabel</include>
					<label>$INFO[Control.GetLabel(2)]</label>
					<animation effect="fade" start="100" end="70" time="200" tween="cubic" easing="inout" condition="!ControlGroup(9111).HasFocus(2)" reversible="true">Conditional</animation>
					<animation effect="zoom" start="100" end="90" time="200" tween="cubic" easing="inout" center="auto" condition="!ControlGroup(9111).HasFocus(2)" reversible="true">Conditional</animation>
				</control>
				<control type="label">
					<description>Short by</description>
					<include>TopSmallLabel</include>
					<label>$INFO[Control.GetLabel(3)]</label>
					<animation effect="fade" start="100" end="70" time="200" tween="cubic" easing="in" condition="!ControlGroup(9111).HasFocus(3)" reversible="true">Conditional</animation>
					<animation effect="zoom"  start="100" end="90" time="200" tween="cubic" easing="in" center="auto" condition="!ControlGroup(9111).HasFocus(3)" reversible="true">Conditional</animation>
				</control>
				<control type="label">
					<description>Check for Repo Updates</description>
					<include>TopSmallLabel</include>
					<label>$INFO[Control.GetLabel(9)]</label>
					<animation effect="fade" start="100" end="70" time="200" tween="cubic" easing="in" condition="!ControlGroup(9111).HasFocus(9)" reversible="true">Conditional</animation>
					<animation effect="zoom"  start="100" end="90" time="200" tween="cubic" easing="in" center="auto" condition="!ControlGroup(9111).HasFocus(9)" reversible="true">Conditional</animation>
				</control>
				<control type="label">
					<description>Short asc</description>
					<include>TopSmallLabel</include>
					<label>$INFO[Control.GetLabel(4)]</label>
					<animation effect="fade" start="100" end="70" time="200" tween="cubic" easing="in" condition="!ControlGroup(9111).HasFocus(4)" reversible="true">Conditional</animation>
					<animation effect="zoom"  start="100" end="90" time="200" tween="cubic" easing="in" center="auto" condition="!ControlGroup(9111).HasFocus(4)" reversible="true">Conditional</animation>
				</control>
				<control type="label">
					<description>Auto-Updates ON</description>
					<include>TopSmallLabel</include>
					<label>$LOCALIZE[24063]: $LOCALIZE[31011]</label>
					<animation effect="fade" start="100" end="70" time="200" tween="cubic" easing="in" condition="!ControlGroup(9111).HasFocus(5)" reversible="true">Conditional</animation>
					<animation effect="zoom"  start="100" end="90" time="200" tween="cubic" easing="in" center="auto" condition="!ControlGroup(9111).HasFocus(5)" reversible="true">Conditional</animation>
					<visible>SubString(Control.GetLabel(5),*)</visible>
				</control>
				<control type="label">
					<description>Auto-Updates OFF</description>
					<include>TopSmallLabel</include>
					<label>$LOCALIZE[24063]: $LOCALIZE[31012]</label>
					<animation effect="fade" start="100" end="70" time="200" tween="cubic" easing="in" condition="!ControlGroup(9111).HasFocus(5)" reversible="true">Conditional</animation>
					<animation effect="zoom"  start="100" end="90" time="200" tween="cubic" easing="in" center="auto" condition="!ControlGroup(9111).HasFocus(5)" reversible="true">Conditional</animation>
					<visible>!SubString(Control.GetLabel(5),*)</visible>
				</control>
				<control type="label">
					<description>Notifications ON</description>
					<include>TopSmallLabel</include>
					<label>$LOCALIZE[25000]: $LOCALIZE[31011]</label>
					<animation effect="fade" start="100" end="70" time="200" tween="cubic" easing="in" condition="!ControlGroup(9111).HasFocus(6)" reversible="true">Conditional</animation>
					<animation effect="zoom"  start="100" end="90" time="200" tween="cubic" easing="in" center="auto" condition="!ControlGroup(9111).HasFocus(6)" reversible="true">Conditional</animation>
					<visible>SubString(Control.GetLabel(6),*)</visible>
				</control>
				<control type="label">
					<description>Notifications OFF</description>
					<include>TopSmallLabel</include>
					<label>$LOCALIZE[25000]: $LOCALIZE[31012]</label>
					<animation effect="fade" start="100" end="70" time="200" tween="cubic" easing="in" condition="!ControlGroup(9111).HasFocus(6)" reversible="true">Conditional</animation>
					<animation effect="zoom"  start="100" end="90" time="200" tween="cubic" easing="in" center="auto" condition="!ControlGroup(9111).HasFocus(6)" reversible="true">Conditional</animation>
					<visible>!SubString(Control.GetLabel(6),*)</visible>
				</control>
			</control>
		</control>		


		<!-- ================ -->
		<!-- Top Content Info -->
		<!-- ================ -->		
		<control type="group">
			<left>45</left>
			<top>25</top>
			<include>CommonSlideAnimations</include>
			<include>ShutdownMenuAnimation</include>
			<visible>!ControlGroup(9000).HasFocus + !Window.IsActive(AddonInformation)</visible>
			<control type="grouplist">
				<left>0</left>
				<top>0</top>
				<width>1000</width>
				<align>left</align>
				<itemgap>20</itemgap>
				<orientation>horizontal</orientation>
				<include>CommonSlideAnimations</include>				
				<control type="label">
					<include>TopBigLabel</include>
					<label>$LOCALIZE[24001]</label>
				</control>
				<control type="label">
					<include>TopZoomedSmallLabel</include>
					<label>$INFO[Container.Property(RepoName)]</label>
					<visible>!IsEmpty(Container.Property(RepoName))</visible>
				</control>
				<control type="label">
					<include>TopZoomedSmallLabel</include>
					<label>$INFO[Container.Property(AddonCategory)]</label>
					<visible>!IsEmpty(Container.Property(AddonCategory))</visible>
				</control>
			</control>
		</control>

		<include>CommonWeatherAndClock</include>
	</controls>
</window>
