<?xml version="1.0" encoding="UTF-8"?>
<window>
	<!-- eventlog -->
	<menucontrol>5000</menucontrol>
	<backgroundcolor>0xff12161b</backgroundcolor>
	<defaultcontrol always="true">570</defaultcontrol>
	<onload condition="!String.Contains(Control.GetLabel(22),*) | String.IsEmpty(Skin.String(HigherLevels))">Skin.SetString(HigherLevels,off)</onload>
	<onload condition="Window.Previous(home) + system.getbool(filelists.showparentdiritems)">Control.Move(570,1)</onload>
	<onunload condition="Window.Next(home)">Control.Move(570,$INFO[Container.CurrentItem,-])</onunload>
	<onunload condition="Window.Next(home) + !system.getbool(filelists.showparentdiritems)">Control.Move(570,1)</onunload>
	<views>570</views>
	<controls>
		<!-- Hidden Button -->
		<control id="22" type="radiobutton">
			<include>HiddenControl</include>
			<visible>Control.IsEnabled(22)</visible>
		</control>
		<!-- List -->
		<control id="570" type="fixedlist">
			<left>-238</left>
			<top>242</top>
			<width>2200</width>
			<height>576</height>
			<onup>Back</onup>
			<ondown>1001</ondown>
			<onleft>Back</onleft>
			<onright>noop</onright>
			<onright condition="!Window.IsVisible(1103)">SetProperty(BounceRight,1,Home)</onright>
			<preloaditems>2</preloaditems>
			<focusposition>1</focusposition>
			<viewtype label="">list</viewtype>
			<orientation>horizontal</orientation>
			<defaultcontrol always="true">0</defaultcontrol>
			<scrolltime easing="inout" tween="sine">300</scrolltime>
			<animation condition="Window.IsVisible(1103)" reversible="false" type="Conditional">
				<effect easing="out" end="-20,0" start="0,0" time="60" tween="sine" type="slide" />
				<effect delay="80" easing="out" end="20,0" start="0,0" time="120" tween="sine" type="slide" />
			</animation>
			<animation condition="String.IsEmpty(Window(home).Property(MainMenuFocus)) + String.IsEmpty(Window(home).Property(FocusRow)) + Window.Previous(home)" easing="inout" effect="slide" end="0,0" start="193,10" time="540" tween="sine">WindowOpen</animation>
			<animation condition="String.IsEmpty(Window(home).Property(MainMenuFocus)) + String.IsEqual(Window(home).Property(FocusRow),1_2) + Window.Previous(home)" easing="inout" effect="slide" end="0,0" start="497,-175" time="540" tween="sine">WindowOpen</animation>
			<animation condition="String.IsEmpty(Window(home).Property(MainMenuFocus)) + String.IsEqual(Window(home).Property(FocusRow),2_2) + Window.Previous(home)" easing="inout" effect="slide" end="0,0" start="497,195" time="540" tween="sine">WindowOpen</animation>
			<animation condition="String.IsEmpty(Window(home).Property(MainMenuFocus)) + String.IsEqual(Window(home).Property(FocusRow),1_3) + Window.Previous(home)" easing="inout" effect="slide" end="0,0" start="497,-246" time="540" tween="sine">WindowOpen</animation>
			<animation condition="String.IsEmpty(Window(home).Property(MainMenuFocus)) + String.IsEqual(Window(home).Property(FocusRow),2_3) + Window.Previous(home)" easing="inout" effect="slide" end="0,0" start="497,10" time="540" tween="sine">WindowOpen</animation>
			<animation condition="String.IsEmpty(Window(home).Property(MainMenuFocus)) + String.IsEqual(Window(home).Property(FocusRow),3_3) + Window.Previous(home)" easing="inout" effect="slide" end="0,0" start="497,168" time="540" tween="sine">WindowOpen</animation>
			<itemlayout height="576" width="436">
				<control type="group">
					<animation center="250,288" condition="true" effect="zoom" end="85" start="85">Conditional</animation>
					<control type="image">
						<top>48</top>
						<width>480</width>
						<height>480</height>
						<aspectratio align="center">scale</aspectratio>
						<texture background="true">$INFO[ListItem.Icon]</texture>
					</control>
					<control type="image">
						<left>-48</left>
						<centertop>288</centertop>
						<width>576</width>
						<height>576</height>
						<texture border="66,66,51,51">views/shadow_nf.png</texture>
					</control>
					<control type="image">
						<top>48</top>
						<width>480</width>
						<height>480</height>
						<texture border="2">views/season_overlay.png</texture>
						<visible>!String.IsEqual(ListItem.Label,..) + !String.Contains(ListItem.Icon,Default)</visible>
					</control>
					<control type="label">
						<left>18</left>
						<top>447</top>
						<width>446</width>
						<height>42</height>
						<font>Bold44</font>
						<scroll>false</scroll>
						<textcolor>ffffffff</textcolor>
						<shadowcolor>88000000</shadowcolor>
						<label>$INFO[ListItem.Label]</label>
						<visible>!String.IsEqual(ListItem.Label,..)</visible>
					</control>
					<control type="image">
						<top>48</top>
						<width>480</width>
						<height>480</height>
						<texture>views/OverlayNF.png</texture>
					</control>
				</control>
			</itemlayout>
			<focusedlayout height="576" width="436">
				<control type="group">
					<animation center="250,288" easing="inout" effect="zoom" end="100" start="85" time="300" tween="sine">Focus</animation>
					<animation center="250,288" condition="Container(570).OnNext | Container(570).OnPrevious" easing="inout" effect="zoom" end="85" start="100" time="300" tween="sine">UnFocus</animation>
					<animation center="250,288" condition="Control.HasFocus(4000)" easing="inout" effect="zoom" end="85" start="100" time="300" tween="sine">Conditional</animation>
					<control type="image">
						<top>48</top>
						<width>480</width>
						<height>480</height>
						<aspectratio align="center">scale</aspectratio>
						<texture background="true">$INFO[ListItem.Icon]</texture>
					</control>
					<control type="image">
						<left>-48</left>
						<centertop>288</centertop>
						<width>576</width>
						<height>576</height>
						<texture border="51">views/shadow_fo.png</texture>
						<animation center="auto" condition="Control.HasFocus(570) | Container(570).OnNext | Container(570).OnPrevious" easing="inout" effect="fade" end="100" start="0" time="300" tween="sine">Focus</animation>
						<animation center="auto" condition="Container(570).OnNext | Container(570).OnPrevious" easing="inout" effect="fade" end="0" start="100" time="300" tween="sine">UnFocus</animation>
					</control>
					<control type="image">
						<left>-48</left>
						<centertop>288</centertop>
						<width>576</width>
						<height>576</height>
						<texture border="66,66,51,51">views/shadow_nf.png</texture>
						<animation center="auto" condition="Control.HasFocus(570)" easing="inout" effect="fade" end="0" start="100" time="300" tween="sine">Focus</animation>
						<animation center="auto" condition="Control.HasFocus(570)" easing="inout" effect="fade" end="100" start="0" time="300" tween="sine">UnFocus</animation>
					</control>
					<control type="image">
						<top>48</top>
						<width>480</width>
						<height>480</height>
						<texture border="2">views/season_overlay.png</texture>
						<visible>!String.IsEqual(ListItem.Label,..) + !String.Contains(ListItem.Icon,Default)</visible>
					</control>
					<control type="label">
						<left>18</left>
						<top>447</top>
						<width>446</width>
						<height>42</height>
						<font>Bold44</font>
						<scroll>false</scroll>
						<textcolor>ffffffff</textcolor>
						<shadowcolor>88000000</shadowcolor>
						<label>$INFO[ListItem.Label]</label>
						<visible>!String.IsEqual(ListItem.Label,..)</visible>
					</control>
					<control type="image">
						<top>48</top>
						<width>480</width>
						<height>480</height>
						<texture>views/OverlayNF.png</texture>
						<animation center="auto" condition="Control.HasFocus(570)" easing="inout" effect="fade" end="0" start="100" time="300" tween="sine">Focus</animation>
						<animation center="auto" condition="Control.HasFocus(570)" easing="inout" effect="fade" end="100" start="0" time="300" tween="sine">UnFocus</animation>
					</control>
				</control>
			</focusedlayout>
		</control>
		<control type="group">
			<animation delay="400" effect="fade" end="100" start="0" time="200">WindowOpen</animation>
			<!-- Heading / Current item / Total items -->
			<control type="grouplist">
				<left>198</left>
				<top>134</top>
				<height>80</height>
				<itemgap>10</itemgap>
				<orientation>horizontal</orientation>
				<usecontrolcoords>true</usecontrolcoords>
				<include>VisibleDelayFadeAnimation</include>
				<control type="label">
					<width>auto</width>
					<height>60</height>
					<font>Med48</font>
					<aligny>bottom</aligny>
					<textcolor>ffdadada</textcolor>
					<label>$LOCALIZE[14111]  </label>
				</control>
				<control type="label">
					<top>15</top>
					<width>auto</width>
					<height>60</height>
					<font>Med32</font>
					<aligny>bottom</aligny>
					<textcolor>ffdadada</textcolor>
					<label>$INFO[Container.CurrentItem]</label>
					<visible>Integer.IsGreater(Container.NumItems,0)</visible>
				</control>
				<control type="label">
					<top>14</top>
					<width>auto</width>
					<height>60</height>
					<font>Light36</font>
					<aligny>bottom</aligny>
					<textcolor>ff505050</textcolor>
					<label>|</label>
					<visible>Integer.IsGreater(Container.NumItems,0)</visible>
				</control>
				<control type="label">
					<top>15</top>
					<width>auto</width>
					<height>60</height>
					<font>Light32</font>
					<aligny>bottom</aligny>
					<textcolor>ff505050</textcolor>
					<label>$INFO[Container.NumItems]</label>
					<visible>Integer.IsGreater(Container.NumItems,0)</visible>
				</control>
			</control>
			<!-- Sort method -->
			<control type="grouplist">
				<left>1360</left>
				<top>153</top>
				<width>440</width>
				<height>60</height>
				<align>right</align>
				<itemgap>6</itemgap>
				<orientation>horizontal</orientation>
				<usecontrolcoords>true</usecontrolcoords>
				<include>VisibleDelayFadeAnimation</include>
				<control type="label">
					<width>auto</width>
					<height>30</height>
					<font>Light28</font>
					<align>right</align>
					<textcolor>ffa4a4a4</textcolor>
					<label>$LOCALIZE[31086]</label>
				</control>
				<control type="label">
					<top>1</top>
					<width>auto</width>
					<height>30</height>
					<align>right</align>
					<font>Med28</font>
					<textcolor>ffa4a4a4</textcolor>
					<label>$INFO[Container.SortMethod]</label>
				</control>
			</control>
			<!-- Lower group -->
			<control type="group">
				<left>196</left>
				<top>807</top>
				<include>VisibleDelayFadeAnimation</include>
				<!-- Controls -->
				<control id="1000" type="grouplist">
					<left>-10</left>
					<height>100</height>
					<itemgap>0</itemgap>
					<onleft>Setfocus(570)</onleft>
					<onright>Setfocus(570)</onright>
					<orientation>horizontal</orientation>
					<usecontrolcoords>true</usecontrolcoords>
					<defaultcontrol always="true">1001</defaultcontrol>
					<!-- Dummy to always set focus to first visible button -->
					<control id="1001" type="button">
						<width>0</width>
						<height>0</height>
						<label>-</label>
						<onfocus>Right</onfocus>
						<include>NoTextures</include>
						<visible>!Control.HasFocus(21) + !Control.HasFocus(30) + !Control.HasFocus(20)</visible>
					</control>
					<control id="21" type="button">
						<width min="104" max="224">auto</width>
						<wrapmultiline>true</wrapmultiline>
						<height>100</height>
						<onup>570</onup>
						<ondown>3000</ondown>
						<font>Med24</font>
						<label>-</label>
						<textoffsetx>28</textoffsetx>
						<textcolor>ffdadada</textcolor>
						<focusedcolor>ff222222</focusedcolor>
						<texturefocus border="13,5,6,8">views/button_fo.png</texturefocus>
						<texturenofocus border="13,3,6,6">views/button_nf.png</texturenofocus>
					</control>
					<control id="30" type="button">
						<width min="184" max="264">auto</width>
						<wrapmultiline>true</wrapmultiline>
						<height>100</height>
						<onup>570</onup>
						<ondown>3000</ondown>
						<onclick>SetFocus(22)</onclick>
						<onclick>Select</onclick>
						<onclick>SetFocus(30)</onclick>
						<onclick condition="String.Contains(Skin.String(HigherLevels),off)">Skin.SetString(HigherLevels,on)</onclick>
						<onclick condition="String.Contains(Skin.String(HigherLevels),on)">Skin.SetString(HigherLevels,off)</onclick>
						<font>Med24</font>
						<label>$VAR[HigherLevels]</label>
						<textoffsetx>28</textoffsetx>
						<textcolor>ffdadada</textcolor>
						<focusedcolor>ff222222</focusedcolor>
						<texturefocus border="13,5,6,8">views/button_fo.png</texturefocus>
						<texturenofocus border="13,3,6,6">views/button_nf.png</texturenofocus>
					</control>
					<control id="20" type="button">
						<width min="104" max="224">auto</width>
						<wrapmultiline>true</wrapmultiline>
						<height>100</height>
						<onup>570</onup>
						<ondown>3000</ondown>
						<font>Med24</font>
						<label>192</label>
						<textoffsetx>28</textoffsetx>
						<textcolor>ffdadada</textcolor>
						<focusedcolor>ff222222</focusedcolor>
						<texturefocus border="13,5,6,8">views/button_fo.png</texturefocus>
						<texturenofocus border="13,3,6,6">views/button_nf.png</texturenofocus>
					</control>
					<control id="1003" type="button">
						<width min="104" max="224">auto</width>
						<wrapmultiline>true</wrapmultiline>
						<height>100</height>
						<onup>570</onup>
						<ondown>3000</ondown>
						<onclick>SetFocus(5001)</onclick>
						<font>Med24</font>
						<label>$LOCALIZE[31089]</label>
						<textoffsetx>28</textoffsetx>
						<textcolor>ffdadada</textcolor>
						<focusedcolor>ff222222</focusedcolor>
						<texturefocus border="13,5,6,8">views/button_fo.png</texturefocus>
						<texturenofocus border="13,3,6,6">views/button_nf.png</texturenofocus>
					</control>
				</control>
				<!-- Details -->
				<control type="textbox">
					<top>107</top>
					<width>1192</width>
					<height>126</height>
					<align>left</align>
					<font>Reg30Spaced</font>
					<pagecontrol>96</pagecontrol>
					<autoscroll>false</autoscroll>
					<textcolor>ffbcbcbc</textcolor>
					<label>[B]$INFO[ListItem.Label2][/B] [LIGHT]$INFO[ListItem.Property(Event.Description)][/LIGHT]</label>
				</control>
				<control id="96" type="scrollbar">
					<top>105</top>
					<width>1192</width>
					<height>126</height>
					<showonepage>false</showonepage>
					<orientation>vertical</orientation>
				</control>
				<!-- More button -->
				<control id="3000" type="button">
					<left>1194</left>
					<top>196</top>
					<width>37</width>
					<height>23</height>
					<onup>1000</onup>
					<ondown>noop</ondown>
					<onleft>570</onleft>
					<onright>570</onright>
					<onclick>SetProperty(OpenTextViewer,1,home)</onclick>
					<onclick>RunScript(script.toolbox,info=textviewer,header=$INFO[ListItem.Label],text='$ESCINFO[ListItem.Property(Event.Description)]')</onclick>
					<visible>Control.IsVisible(96)</visible>
					<texturefocus>views/more_fo.png</texturefocus>
					<texturenofocus>views/more_nf.png</texturenofocus>
				</control>
			</control>
		</control>
		<!-- Background -->
		<control type="image">
			<include>FullscreenDimensions</include>
			<texture>dialogs/DialogBackground.png</texture>
			<visible>ControlGroup(5000).HasFocus</visible>
			<animation effect="fade" end="100" start="0" time="120" tween="sine" easing="inout">Visible</animation>
			<animation delay="100" effect="fade" end="0" start="100" time="200" tween="sine" easing="inout">Hidden</animation>
		</control>
		<control type="group">
			<visible>ControlGroup(5000).HasFocus</visible>
			<animation reversible="true" type="Visible">
				<effect center="auto" easing="inout" end="100" start="92" time="120" tween="sine" type="zoom" />
				<effect easing="inout" end="100" start="0" time="120" tween="sine" type="fade" />
			</animation>
			<animation reversible="true" type="Hidden">
				<effect center="auto" easing="inout" end="92" start="100" time="120" tween="sine" type="zoom" />
				<effect easing="inout" end="0" start="100" time="120" tween="sine" type="fade" />
			</animation>
			<!-- Controls -->
			<control type="grouplist" id="5000">
				<centerleft>50%</centerleft>
				<centertop>50%</centertop>
				<width>640</width>
				<height>620</height>
				<onup>noop</onup>
				<ondown>noop</ondown>
				<onleft>570</onleft>
				<onright>570</onright>
				<itemgap>0</itemgap>
				<align>center</align>
				<orientation>vertical</orientation>
				<usecontrolcoords>true</usecontrolcoords>
				<defaultcontrol always="true">5001</defaultcontrol>
				<control type="button" id="5001">
					<width>-8</width>
					<height>0</height>
					<label>-</label>
					<onfocus>SetFocus(4)</onfocus>
					<include>NoTextures</include>
					<visible>!Control.HasFocus(4) + !Control.HasFocus(5013)</visible>
				</control>
				<control type="image" id="5005">
					<width>640</width>
					<height>60</height>
					<texture border="2">dialogs/OptionsBackgroundHeading.png</texture>
					<visible>Control.IsEnabled(4)</visible>
				</control>
				<control type="label" id="5006">
					<left>40</left>
					<top>-60</top>
					<width>560</width>
					<height>60</height>
					<font>Bold30</font>
					<textcolor>ffdadada</textcolor>
					<label>$LOCALIZE[21429]:</label>
					<visible>Control.IsEnabled(4)</visible>
				</control>
				<control type="togglebutton" id="4">
					<height>110</height>
					<width>640</width>
					<textoffsetx>40</textoffsetx>
					<textwidth>560</textwidth>
					<aligny>center</aligny>
					<font>Light30Spaced</font>
					<label>584</label>
					<altlabel>585</altlabel>
					<onback>570</onback>
					<textcolor>ff505153</textcolor>
					<focusedcolor>ffffaf37</focusedcolor>
					<texturefocus border="3">dialogs/OptionsBackgroundButtonFO.png</texturefocus>
					<texturenofocus border="3">dialogs/OptionsBackgroundButtonNF.png</texturenofocus>
					<alttexturefocus border="3">dialogs/OptionsBackgroundButtonFO.png</alttexturefocus>
					<alttexturenofocus border="3">dialogs/OptionsBackgroundButtonNF.png</alttexturenofocus>
					<usealttexture>Container.SortDirection(Descending)</usealttexture>
					<visible>Control.IsEnabled(4)</visible>
				</control>
				<control type="image" id="5012">
					<width>640</width>
					<height>110</height>
					<texture border="2">dialogs/OptionsBackgroundButtonDone.png</texture>
				</control>
				<control type="button" id="5013">
					<centerleft>50%</centerleft>
					<top>-97</top>
					<bottom>0</bottom>
					<width>412</width>
					<height>84</height>
					<align>center</align>
					<aligny>top</aligny>
					<onback>570</onback>
					<onclick>SetFocus(570)</onclick>
					<font>Med24</font>
					<label>20177</label>
					<textoffsety>27</textoffsety>
				</control>
			</control>
		</control>
	</controls>
</window>