<?xml version="1.0" encoding="UTF-8"?>
<fonts>
	<fontset id="Default" idloc="15109">
		<font>
			<name>ClockFont</name>
			<filename>OpenSans-Regular.ttf</filename>
			<size>10</size>
			<style>bold</style>
		</font>
		<font>
			<name>NotificationsFont</name>
			<filename>OpenSans-Regular.ttf</filename>
			<size>20</size>
		</font>
		<font>
			<name>TextboxFont_18</name>
			<filename>OpenSans-Regular.ttf</filename>
			<size>18</size>
			<linespacing>0.85</linespacing>
		</font>
		<font>
			<name>TextboxFont_20</name>
			<filename>OpenSans-Regular.ttf</filename>
			<size>20</size>
			<linespacing>0.85</linespacing>
		</font>
		<font>
			<name>FontSize_12</name>
			<filename>OpenSans-Regular.ttf</filename>
			<size>12</size>
		</font>
		<font>
			<name>FontSize_12B</name>
			<filename>OpenSans-Regular.ttf</filename>
			<size>12</size>
			<style>bold</style>
		</font>
		<font>
			<name>FontSize_14</name>
			<filename>OpenSans-Regular.ttf</filename>
			<size>14</size>
		</font>
		<font>
			<name>FontSize_14B</name>
			<filename>OpenSans-Regular.ttf</filename>
			<size>14</size>
			<style>bold</style>
		</font>
		<font>
			<name>FontSize_15B</name>
			<filename>OpenSans-Regular.ttf</filename>
			<size>15</size>
			<style>bold</style>
		</font>
		<font>
			<name>FontSize_16</name>
			<filename>OpenSans-Regular.ttf</filename>
			<size>16</size>
		</font>
		<font>
			<name>FontSize_16B</name>
			<filename>OpenSans-Regular.ttf</filename>
			<size>16</size>
			<style>bold</style>
		</font>
		<font>
			<name>FontSize_18</name>
			<filename>OpenSans-Regular.ttf</filename>
			<size>18</size>
		</font>
		<font>
			<name>FontSize_18B</name>
			<filename>OpenSans-Regular.ttf</filename>
			<size>18</size>
			<style>bold</style>
		</font>
		<font>
			<name>FontSize_20</name>
			<filename>OpenSans-Regular.ttf</filename>
			<size>20</size>
		</font>
		<font>
			<name>FontSize_20B</name>
			<filename>OpenSans-Regular.ttf</filename>
			<size>20</size>
			<style>bold</style>
		</font>
		<font>
			<name>FontSize_22B</name>
			<filename>OpenSans-Regular.ttf</filename>
			<size>22</size>
			<style>bold</style>
		</font>
		<font>
			<name>FontSize_22</name>
			<filename>OpenSans-Regular.ttf</filename>
			<size>22</size>
		</font>
		<font>
			<name>FontSize_24B</name>
			<filename>OpenSans-Regular.ttf</filename>
			<size>24</size>
			<style>bold</style>
		</font>		
		<font>
			<name>FontSize_24</name>
			<filename>OpenSans-Regular.ttf</filename>
			<size>24</size>
		</font>
		<font>
			<name>FontSize_26</name>
			<filename>OpenSans-Regular.ttf</filename>
			<size>26</size>
		</font>
		<font>
			<name>FontSize_26B</name>
			<filename>OpenSans-Regular.ttf</filename>
			<size>26</size>
			<style>bold</style>
		</font>
		<font>
			<name>FontSize_28</name>
			<filename>OpenSans-Regular.ttf</filename>
			<size>28</size>
		</font>
		<font>
			<name>FontSize_28B</name>
			<filename>OpenSans-Regular.ttf</filename>
			<size>28</size>
			<style>bold</style>
		</font>
		<font>
			<name>FontSize_30</name>
			<filename>OpenSans-Light.ttf</filename>
			<size>30</size>
		</font>
		<font>
			<name>FontSize_30B</name>
			<filename>OpenSans-Light.ttf</filename>
			<size>30</size>
			<style>bold</style>
		</font>
		<font>
			<name>FontSize_32</name>
			<filename>OpenSans-Light.ttf</filename>
			<size>32</size>
		</font>
		<font>
			<name>FontSize_32B</name>
			<filename>OpenSans-Light.ttf</filename>
			<size>32</size>
			<style>bold</style>
		</font>
		<font>
			<name>FontSize_34</name>
			<filename>OpenSans-Light.ttf</filename>
			<size>34</size>
		</font>
		<font>
			<name>FontSize_34B</name>
			<filename>OpenSans-Light.ttf</filename>
			<size>34</size>
			<style>bold</style>
		</font>
		<font>
			<name>FontSize_36</name>
			<filename>OpenSans-Light.ttf</filename>
			<size>36</size>
		</font>
		<font>
			<name>FontSize_36B</name>
			<filename>OpenSans-Light.ttf</filename>
			<size>36</size>
			<style>bold</style>
		</font>
		<font>
			<name>FontSize_38</name>
			<filename>OpenSans-Light.ttf</filename>
			<size>38</size>
		</font>
		<font>
			<name>FontSize_38B</name>
			<filename>OpenSans-Light.ttf</filename>
			<size>38</size>
			<style>bold</style>
		</font>
		<font>
			<name>FontSize_40</name>
			<filename>OpenSans-Light.ttf</filename>
			<size>40</size>
		</font>
		<font>
			<name>FontSize_40B</name>
			<filename>OpenSans-Light.ttf</filename>
			<size>40</size>
			<style>bold</style>
		</font>
		<font>
			<name>FontSize_42</name>
			<filename>OpenSans-Light.ttf</filename>
			<size>42</size>
		</font>
		<font>
			<name>FontSize_44</name>
			<filename>OpenSans-Light.ttf</filename>
			<size>44</size>
		</font>
		<font>
			<name>FontSize_46</name>
			<filename>OpenSans-Light.ttf</filename>
			<size>46</size>
		</font>
		<font>
			<name>FontSize_48</name>
			<filename>OpenSans-Light.ttf</filename>
			<size>48</size>
		</font>
		<font>
			<name>FontSize_50</name>
			<filename>OpenSans-Light.ttf</filename>
			<size>50</size>
		</font>
		<font>
			<name>FontSize_50B</name>
			<filename>OpenSans-Light.ttf</filename>
			<size>50</size>
			<style>bold</style>
		</font>
		<font>
			<name>FontSize_60</name>
			<filename>OpenSans-Light.ttf</filename>
			<size>60</size>
		</font>
		<font>
			<name>FontSize_65</name>
			<filename>OpenSans-Light.ttf</filename>
			<size>65</size>
		</font>
		<font>
			<name>FontSize_70</name>
			<filename>OpenSans-Light.ttf</filename>
			<size>70</size>
		</font>
		<font>
			<name>FontSize_75</name>
			<filename>OpenSans-Light.ttf</filename>
			<size>75</size>
		</font>
		<font>
			<name>FontSize_80</name>
			<filename>OpenSans-Light.ttf</filename>
			<size>80</size>
		</font>
		<font>
			<name>FontSize_85</name>
			<filename>OpenSans-Light.ttf</filename>
			<size>85</size>
		</font>
		<font>
			<name>FontSize_90</name>
			<filename>OpenSans-Light.ttf</filename>
			<size>90</size>
		</font>
		<font>
			<name>FontSize_100</name>
			<filename>OpenSans-Light.ttf</filename>
			<size>100</size>
		</font>
		<font>
			<name>FontSize_100B</name>
			<filename>OpenSans-Light.ttf</filename>
			<size>100</size>
			<style>bold</style>
		</font>
		<font>
			<name>FontSize_110</name>
			<filename>OpenSans-Light.ttf</filename>
			<size>110</size>
		</font>
		<font>
			<name>FontSize_120</name>
			<filename>OpenSans-Light.ttf</filename>
			<size>120</size>
		</font>
		<font>
			<name>FontSize_130</name>
			<filename>OpenSans-Light.ttf</filename>
			<size>130</size>
		</font>
		<font>
			<name>FontSize_140</name>
			<filename>OpenSans-Light.ttf</filename>
			<size>140</size>
		</font>
		<font>
			<name>FontSize_150</name>
			<filename>OpenSans-Light.ttf</filename>
			<size>150</size>
		</font>
		<font>
			<name>FontSize_180</name>
			<filename>OpenSans-Light.ttf</filename>
			<size>180</size>
		</font>
		<font>
			<name>FontSize_230</name>
			<filename>OpenSans-Light.ttf</filename>
			<size>230</size>
		</font>

		<!-- Confluence Fonts (For Add-On Compatibility) -->
		<font>
			<name>font10</name>
			<filename>Roboto-Regular.ttf</filename>
			<size>14</size>
		</font>
		<font>
			<name>font12</name>
			<filename>Roboto-Regular.ttf</filename>
			<size>17</size>
		</font>
		<font>
			<name>font13</name>
			<filename>Roboto-Regular.ttf</filename>
			<size>20</size>
		</font>
		<font>
			<name>font14</name>
			<filename>Roboto-Regular.ttf</filename>
			<size>22</size>
		</font>
		<font>
			<name>font16</name>
			<filename>Roboto-Regular.ttf</filename>
			<size>25</size>
		</font>
		<font>
			<name>font30</name>
			<filename>Roboto-Regular.ttf</filename>
			<size>30</size>
		</font>
		<font>
			<name>fontContextMenu</name>
			<filename>Roboto-Regular.ttf</filename>
			<size>18</size>
		</font>
		<font>
			<name>font10_title</name>
			<filename>Roboto-Bold.ttf</filename>
			<size>12</size>
		</font>
		<font>
			<name>font11_title</name>
			<filename>Roboto-Bold.ttf</filename>
			<size>15</size>
		</font>
		<font>
			<name>font12_title</name>
			<filename>Roboto-Bold.ttf</filename>
			<size>17</size>
		</font>
		<font>
			<name>font13_title</name>
			<filename>Roboto-Bold.ttf</filename>
			<size>20</size>
		</font>
		<font>
			<name>font24_title</name>
			<filename>Roboto-Bold.ttf</filename>
			<size>24</size>
		</font>
		<font>
			<name>font28_title</name>
			<filename>Roboto-Bold.ttf</filename>
			<size>28</size>
		</font>
		<font>
			<name>font30_title</name>
			<filename>Roboto-Bold.ttf</filename>
			<size>30</size>
		</font>
		<font>
			<name>font35_title</name>
			<filename>Roboto-Bold.ttf</filename>
			<size>35</size>
		</font>
		<font>
			<name>font45caps_title</name>
			<filename>Roboto-Bold.ttf</filename>
			<size>45</size>
		</font>
		<font>
			<name>font_MainMenu</name>
			<filename>DejaVuSans-Bold-Caps.ttf</filename>
			<size>35</size>
		</font>
		<font>
			<name>WeatherTemp</name>
			<filename>Roboto-Bold.ttf</filename>
			<size>80</size>
		</font>
	</fontset>	
</fonts>