<?xml version="1.0" encoding="UTF-8"?>
<includes>
	<!-- Visualisation animation -->
	<include name="VisAnimation">
		<animation effect="zoom" start="110" end="130" center="auto" time="14000" pulse="true" condition="Skin.HasSetting(VisAnimation)" reversible="false">Conditional</animation>
		<animation effect="slide" start="-20,-20" end="40,40" time="15000" pulse="true" condition="Skin.HasSetting(VisAnimation)" reversible="false">Conditional</animation>
		<animation effect="zoom" end="100" center="auto" time="0" condition="!Skin.HasSetting(VisAnimation)" reversible="false">Conditional</animation>
		<animation effect="slide" end="0,0" time="0" condition="!Skin.HasSetting(VisAnimation)" reversible="false">Conditional</animation>
	</include>
	<!--ViewType bounce animation-->
	<include name="ViewTypeBounceAnimation">
		<animation condition="Window.IsVisible(1103)" reversible="false" type="Conditional">
			<effect easing="out" end="-20,0" start="0,0" time="60" tween="sine" type="slide" />
			<effect delay="80" easing="out" end="20,0" start="0,0" time="120" tween="sine" type="slide" />
		</animation>
	</include>
	<!-- PVR Fake Progress Animation -->	
	<include name="FakeProgressAnimation">
		<animation reversible="false" effect="zoom" start="0,100" end="0,100" center="$PARAM[posx],0" time="0" condition="!IntegerGreaterThan(ListItem.Progress,2)">Conditional</animation>
		<animation reversible="false" effect="zoom" start="0,100" end="1,100" center="$PARAM[posx],0" time="0" condition="!IntegerGreaterThan(ListItem.Progress,3) + IntegerGreaterThan(ListItem.Progress,2)">Conditional</animation>
		<animation reversible="false" effect="zoom" start="0,100" end="2,100" center="$PARAM[posx],0" time="0" condition="!IntegerGreaterThan(ListItem.Progress,4) + IntegerGreaterThan(ListItem.Progress,3)">Conditional</animation>
		<animation reversible="false" effect="zoom" start="0,100" end="3,100" center="$PARAM[posx],0" time="0" condition="!IntegerGreaterThan(ListItem.Progress,5) + IntegerGreaterThan(ListItem.Progress,4)">Conditional</animation>
		<animation reversible="false" effect="zoom" start="0,100" end="4,100" center="$PARAM[posx],0" time="0" condition="!IntegerGreaterThan(ListItem.Progress,6) + IntegerGreaterThan(ListItem.Progress,5)">Conditional</animation>
		<animation reversible="false" effect="zoom" start="0,100" end="5,100" center="$PARAM[posx],0" time="0" condition="!IntegerGreaterThan(ListItem.Progress,7) + IntegerGreaterThan(ListItem.Progress,6)">Conditional</animation>
		<animation reversible="false" effect="zoom" start="0,100" end="6,100" center="$PARAM[posx],0" time="0" condition="!IntegerGreaterThan(ListItem.Progress,8) + IntegerGreaterThan(ListItem.Progress,7)">Conditional</animation>
		<animation reversible="false" effect="zoom" start="0,100" end="7,100" center="$PARAM[posx],0" time="0" condition="!IntegerGreaterThan(ListItem.Progress,9) + IntegerGreaterThan(ListItem.Progress,8)">Conditional</animation>
		<animation reversible="false" effect="zoom" start="0,100" end="8,100" center="$PARAM[posx],0" time="0" condition="!IntegerGreaterThan(ListItem.Progress,10) + IntegerGreaterThan(ListItem.Progress,9)">Conditional</animation>
		<animation reversible="false" effect="zoom" start="0,100" end="9,100" center="$PARAM[posx],0" time="0" condition="!IntegerGreaterThan(ListItem.Progress,11) + IntegerGreaterThan(ListItem.Progress,10)">Conditional</animation>
		<animation reversible="false" effect="zoom" start="0,100" end="10,100" center="$PARAM[posx],0" time="0" condition="!IntegerGreaterThan(ListItem.Progress,12) + IntegerGreaterThan(ListItem.Progress,11)">Conditional</animation>
		<animation reversible="false" effect="zoom" start="0,100" end="11,100" center="$PARAM[posx],0" time="0" condition="!IntegerGreaterThan(ListItem.Progress,13) + IntegerGreaterThan(ListItem.Progress,12)">Conditional</animation>
		<animation reversible="false" effect="zoom" start="0,100" end="12,100" center="$PARAM[posx],0" time="0" condition="!IntegerGreaterThan(ListItem.Progress,14) + IntegerGreaterThan(ListItem.Progress,13)">Conditional</animation>
		<animation reversible="false" effect="zoom" start="0,100" end="13,100" center="$PARAM[posx],0" time="0" condition="!IntegerGreaterThan(ListItem.Progress,15) + IntegerGreaterThan(ListItem.Progress,14)">Conditional</animation>
		<animation reversible="false" effect="zoom" start="0,100" end="14,100" center="$PARAM[posx],0" time="0" condition="!IntegerGreaterThan(ListItem.Progress,16) + IntegerGreaterThan(ListItem.Progress,15)">Conditional</animation>
		<animation reversible="false" effect="zoom" start="0,100" end="15,100" center="$PARAM[posx],0" time="0" condition="!IntegerGreaterThan(ListItem.Progress,17) + IntegerGreaterThan(ListItem.Progress,16)">Conditional</animation>
		<animation reversible="false" effect="zoom" start="0,100" end="16,100" center="$PARAM[posx],0" time="0" condition="!IntegerGreaterThan(ListItem.Progress,18) + IntegerGreaterThan(ListItem.Progress,17)">Conditional</animation>
		<animation reversible="false" effect="zoom" start="0,100" end="17,100" center="$PARAM[posx],0" time="0" condition="!IntegerGreaterThan(ListItem.Progress,19) + IntegerGreaterThan(ListItem.Progress,18)">Conditional</animation>
		<animation reversible="false" effect="zoom" start="0,100" end="18,100" center="$PARAM[posx],0" time="0" condition="!IntegerGreaterThan(ListItem.Progress,20) + IntegerGreaterThan(ListItem.Progress,19)">Conditional</animation>
		<animation reversible="false" effect="zoom" start="0,100" end="19,100" center="$PARAM[posx],0" time="0" condition="!IntegerGreaterThan(ListItem.Progress,21) + IntegerGreaterThan(ListItem.Progress,20)">Conditional</animation>
		<animation reversible="false" effect="zoom" start="0,100" end="20,100" center="$PARAM[posx],0" time="0" condition="!IntegerGreaterThan(ListItem.Progress,22) + IntegerGreaterThan(ListItem.Progress,21)">Conditional</animation>
		<animation reversible="false" effect="zoom" start="0,100" end="21,100" center="$PARAM[posx],0" time="0" condition="!IntegerGreaterThan(ListItem.Progress,23) + IntegerGreaterThan(ListItem.Progress,22)">Conditional</animation>
		<animation reversible="false" effect="zoom" start="0,100" end="22,100" center="$PARAM[posx],0" time="0" condition="!IntegerGreaterThan(ListItem.Progress,24) + IntegerGreaterThan(ListItem.Progress,23)">Conditional</animation>
		<animation reversible="false" effect="zoom" start="0,100" end="23,100" center="$PARAM[posx],0" time="0" condition="!IntegerGreaterThan(ListItem.Progress,25) + IntegerGreaterThan(ListItem.Progress,24)">Conditional</animation>
		<animation reversible="false" effect="zoom" start="0,100" end="24,100" center="$PARAM[posx],0" time="0" condition="!IntegerGreaterThan(ListItem.Progress,26) + IntegerGreaterThan(ListItem.Progress,25)">Conditional</animation>
		<animation reversible="false" effect="zoom" start="0,100" end="25,100" center="$PARAM[posx],0" time="0" condition="!IntegerGreaterThan(ListItem.Progress,27) + IntegerGreaterThan(ListItem.Progress,26)">Conditional</animation>
		<animation reversible="false" effect="zoom" start="0,100" end="26,100" center="$PARAM[posx],0" time="0" condition="!IntegerGreaterThan(ListItem.Progress,28) + IntegerGreaterThan(ListItem.Progress,27)">Conditional</animation>
		<animation reversible="false" effect="zoom" start="0,100" end="27,100" center="$PARAM[posx],0" time="0" condition="!IntegerGreaterThan(ListItem.Progress,29) + IntegerGreaterThan(ListItem.Progress,28)">Conditional</animation>
		<animation reversible="false" effect="zoom" start="0,100" end="28,100" center="$PARAM[posx],0" time="0" condition="!IntegerGreaterThan(ListItem.Progress,30) + IntegerGreaterThan(ListItem.Progress,29)">Conditional</animation>
		<animation reversible="false" effect="zoom" start="0,100" end="29,100" center="$PARAM[posx],0" time="0" condition="!IntegerGreaterThan(ListItem.Progress,31) + IntegerGreaterThan(ListItem.Progress,30)">Conditional</animation>
		<animation reversible="false" effect="zoom" start="0,100" end="30,100" center="$PARAM[posx],0" time="0" condition="!IntegerGreaterThan(ListItem.Progress,32) + IntegerGreaterThan(ListItem.Progress,31)">Conditional</animation>
		<animation reversible="false" effect="zoom" start="0,100" end="31,100" center="$PARAM[posx],0" time="0" condition="!IntegerGreaterThan(ListItem.Progress,33) + IntegerGreaterThan(ListItem.Progress,32)">Conditional</animation>
		<animation reversible="false" effect="zoom" start="0,100" end="32,100" center="$PARAM[posx],0" time="0" condition="!IntegerGreaterThan(ListItem.Progress,34) + IntegerGreaterThan(ListItem.Progress,33)">Conditional</animation>
		<animation reversible="false" effect="zoom" start="0,100" end="33,100" center="$PARAM[posx],0" time="0" condition="!IntegerGreaterThan(ListItem.Progress,35) + IntegerGreaterThan(ListItem.Progress,34)">Conditional</animation>
		<animation reversible="false" effect="zoom" start="0,100" end="34,100" center="$PARAM[posx],0" time="0" condition="!IntegerGreaterThan(ListItem.Progress,36) + IntegerGreaterThan(ListItem.Progress,35)">Conditional</animation>
		<animation reversible="false" effect="zoom" start="0,100" end="35,100" center="$PARAM[posx],0" time="0" condition="!IntegerGreaterThan(ListItem.Progress,37) + IntegerGreaterThan(ListItem.Progress,36)">Conditional</animation>
		<animation reversible="false" effect="zoom" start="0,100" end="36,100" center="$PARAM[posx],0" time="0" condition="!IntegerGreaterThan(ListItem.Progress,38) + IntegerGreaterThan(ListItem.Progress,37)">Conditional</animation>
		<animation reversible="false" effect="zoom" start="0,100" end="37,100" center="$PARAM[posx],0" time="0" condition="!IntegerGreaterThan(ListItem.Progress,39) + IntegerGreaterThan(ListItem.Progress,38)">Conditional</animation>
		<animation reversible="false" effect="zoom" start="0,100" end="38,100" center="$PARAM[posx],0" time="0" condition="!IntegerGreaterThan(ListItem.Progress,40) + IntegerGreaterThan(ListItem.Progress,39)">Conditional</animation>
		<animation reversible="false" effect="zoom" start="0,100" end="39,100" center="$PARAM[posx],0" time="0" condition="!IntegerGreaterThan(ListItem.Progress,41) + IntegerGreaterThan(ListItem.Progress,40)">Conditional</animation>
		<animation reversible="false" effect="zoom" start="0,100" end="40,100" center="$PARAM[posx],0" time="0" condition="!IntegerGreaterThan(ListItem.Progress,42) + IntegerGreaterThan(ListItem.Progress,41)">Conditional</animation>
		<animation reversible="false" effect="zoom" start="0,100" end="41,100" center="$PARAM[posx],0" time="0" condition="!IntegerGreaterThan(ListItem.Progress,43) + IntegerGreaterThan(ListItem.Progress,42)">Conditional</animation>
		<animation reversible="false" effect="zoom" start="0,100" end="42,100" center="$PARAM[posx],0" time="0" condition="!IntegerGreaterThan(ListItem.Progress,44) + IntegerGreaterThan(ListItem.Progress,43)">Conditional</animation>
		<animation reversible="false" effect="zoom" start="0,100" end="43,100" center="$PARAM[posx],0" time="0" condition="!IntegerGreaterThan(ListItem.Progress,45) + IntegerGreaterThan(ListItem.Progress,44)">Conditional</animation>
		<animation reversible="false" effect="zoom" start="0,100" end="44,100" center="$PARAM[posx],0" time="0" condition="!IntegerGreaterThan(ListItem.Progress,46) + IntegerGreaterThan(ListItem.Progress,45)">Conditional</animation>
		<animation reversible="false" effect="zoom" start="0,100" end="45,100" center="$PARAM[posx],0" time="0" condition="!IntegerGreaterThan(ListItem.Progress,47) + IntegerGreaterThan(ListItem.Progress,46)">Conditional</animation>
		<animation reversible="false" effect="zoom" start="0,100" end="46,100" center="$PARAM[posx],0" time="0" condition="!IntegerGreaterThan(ListItem.Progress,48) + IntegerGreaterThan(ListItem.Progress,47)">Conditional</animation>
		<animation reversible="false" effect="zoom" start="0,100" end="47,100" center="$PARAM[posx],0" time="0" condition="!IntegerGreaterThan(ListItem.Progress,49) + IntegerGreaterThan(ListItem.Progress,48)">Conditional</animation>
		<animation reversible="false" effect="zoom" start="0,100" end="48,100" center="$PARAM[posx],0" time="0" condition="!IntegerGreaterThan(ListItem.Progress,50) + IntegerGreaterThan(ListItem.Progress,49)">Conditional</animation>
		<animation reversible="false" effect="zoom" start="0,100" end="49,100" center="$PARAM[posx],0" time="0" condition="!IntegerGreaterThan(ListItem.Progress,51) + IntegerGreaterThan(ListItem.Progress,50)">Conditional</animation>
		<animation reversible="false" effect="zoom" start="0,100" end="50,100" center="$PARAM[posx],0" time="0" condition="!IntegerGreaterThan(ListItem.Progress,52) + IntegerGreaterThan(ListItem.Progress,51)">Conditional</animation>
		<animation reversible="false" effect="zoom" start="0,100" end="51,100" center="$PARAM[posx],0" time="0" condition="!IntegerGreaterThan(ListItem.Progress,53) + IntegerGreaterThan(ListItem.Progress,52)">Conditional</animation>
		<animation reversible="false" effect="zoom" start="0,100" end="52,100" center="$PARAM[posx],0" time="0" condition="!IntegerGreaterThan(ListItem.Progress,54) + IntegerGreaterThan(ListItem.Progress,53)">Conditional</animation>
		<animation reversible="false" effect="zoom" start="0,100" end="53,100" center="$PARAM[posx],0" time="0" condition="!IntegerGreaterThan(ListItem.Progress,55) + IntegerGreaterThan(ListItem.Progress,54)">Conditional</animation>
		<animation reversible="false" effect="zoom" start="0,100" end="54,100" center="$PARAM[posx],0" time="0" condition="!IntegerGreaterThan(ListItem.Progress,56) + IntegerGreaterThan(ListItem.Progress,55)">Conditional</animation>
		<animation reversible="false" effect="zoom" start="0,100" end="55,100" center="$PARAM[posx],0" time="0" condition="!IntegerGreaterThan(ListItem.Progress,57) + IntegerGreaterThan(ListItem.Progress,56)">Conditional</animation>
		<animation reversible="false" effect="zoom" start="0,100" end="56,100" center="$PARAM[posx],0" time="0" condition="!IntegerGreaterThan(ListItem.Progress,58) + IntegerGreaterThan(ListItem.Progress,57)">Conditional</animation>
		<animation reversible="false" effect="zoom" start="0,100" end="57,100" center="$PARAM[posx],0" time="0" condition="!IntegerGreaterThan(ListItem.Progress,59) + IntegerGreaterThan(ListItem.Progress,58)">Conditional</animation>
		<animation reversible="false" effect="zoom" start="0,100" end="58,100" center="$PARAM[posx],0" time="0" condition="!IntegerGreaterThan(ListItem.Progress,60) + IntegerGreaterThan(ListItem.Progress,59)">Conditional</animation>
		<animation reversible="false" effect="zoom" start="0,100" end="59,100" center="$PARAM[posx],0" time="0" condition="!IntegerGreaterThan(ListItem.Progress,61) + IntegerGreaterThan(ListItem.Progress,60)">Conditional</animation>
		<animation reversible="false" effect="zoom" start="0,100" end="60,100" center="$PARAM[posx],0" time="0" condition="!IntegerGreaterThan(ListItem.Progress,62) + IntegerGreaterThan(ListItem.Progress,61)">Conditional</animation>
		<animation reversible="false" effect="zoom" start="0,100" end="61,100" center="$PARAM[posx],0" time="0" condition="!IntegerGreaterThan(ListItem.Progress,63) + IntegerGreaterThan(ListItem.Progress,62)">Conditional</animation>
		<animation reversible="false" effect="zoom" start="0,100" end="62,100" center="$PARAM[posx],0" time="0" condition="!IntegerGreaterThan(ListItem.Progress,64) + IntegerGreaterThan(ListItem.Progress,63)">Conditional</animation>
		<animation reversible="false" effect="zoom" start="0,100" end="63,100" center="$PARAM[posx],0" time="0" condition="!IntegerGreaterThan(ListItem.Progress,65) + IntegerGreaterThan(ListItem.Progress,64)">Conditional</animation>
		<animation reversible="false" effect="zoom" start="0,100" end="64,100" center="$PARAM[posx],0" time="0" condition="!IntegerGreaterThan(ListItem.Progress,66) + IntegerGreaterThan(ListItem.Progress,65)">Conditional</animation>
		<animation reversible="false" effect="zoom" start="0,100" end="65,100" center="$PARAM[posx],0" time="0" condition="!IntegerGreaterThan(ListItem.Progress,67) + IntegerGreaterThan(ListItem.Progress,66)">Conditional</animation>
		<animation reversible="false" effect="zoom" start="0,100" end="66,100" center="$PARAM[posx],0" time="0" condition="!IntegerGreaterThan(ListItem.Progress,68) + IntegerGreaterThan(ListItem.Progress,67)">Conditional</animation>
		<animation reversible="false" effect="zoom" start="0,100" end="67,100" center="$PARAM[posx],0" time="0" condition="!IntegerGreaterThan(ListItem.Progress,69) + IntegerGreaterThan(ListItem.Progress,68)">Conditional</animation>
		<animation reversible="false" effect="zoom" start="0,100" end="68,100" center="$PARAM[posx],0" time="0" condition="!IntegerGreaterThan(ListItem.Progress,70) + IntegerGreaterThan(ListItem.Progress,69)">Conditional</animation>
		<animation reversible="false" effect="zoom" start="0,100" end="69,100" center="$PARAM[posx],0" time="0" condition="!IntegerGreaterThan(ListItem.Progress,71) + IntegerGreaterThan(ListItem.Progress,70)">Conditional</animation>
		<animation reversible="false" effect="zoom" start="0,100" end="70,100" center="$PARAM[posx],0" time="0" condition="!IntegerGreaterThan(ListItem.Progress,72) + IntegerGreaterThan(ListItem.Progress,71)">Conditional</animation>
		<animation reversible="false" effect="zoom" start="0,100" end="71,100" center="$PARAM[posx],0" time="0" condition="!IntegerGreaterThan(ListItem.Progress,73) + IntegerGreaterThan(ListItem.Progress,72)">Conditional</animation>
		<animation reversible="false" effect="zoom" start="0,100" end="72,100" center="$PARAM[posx],0" time="0" condition="!IntegerGreaterThan(ListItem.Progress,74) + IntegerGreaterThan(ListItem.Progress,73)">Conditional</animation>
		<animation reversible="false" effect="zoom" start="0,100" end="73,100" center="$PARAM[posx],0" time="0" condition="!IntegerGreaterThan(ListItem.Progress,75) + IntegerGreaterThan(ListItem.Progress,74)">Conditional</animation>
		<animation reversible="false" effect="zoom" start="0,100" end="74,100" center="$PARAM[posx],0" time="0" condition="!IntegerGreaterThan(ListItem.Progress,76) + IntegerGreaterThan(ListItem.Progress,75)">Conditional</animation>
		<animation reversible="false" effect="zoom" start="0,100" end="75,100" center="$PARAM[posx],0" time="0" condition="!IntegerGreaterThan(ListItem.Progress,77) + IntegerGreaterThan(ListItem.Progress,76)">Conditional</animation>
		<animation reversible="false" effect="zoom" start="0,100" end="76,100" center="$PARAM[posx],0" time="0" condition="!IntegerGreaterThan(ListItem.Progress,78) + IntegerGreaterThan(ListItem.Progress,77)">Conditional</animation>
		<animation reversible="false" effect="zoom" start="0,100" end="77,100" center="$PARAM[posx],0" time="0" condition="!IntegerGreaterThan(ListItem.Progress,79) + IntegerGreaterThan(ListItem.Progress,78)">Conditional</animation>
		<animation reversible="false" effect="zoom" start="0,100" end="78,100" center="$PARAM[posx],0" time="0" condition="!IntegerGreaterThan(ListItem.Progress,80) + IntegerGreaterThan(ListItem.Progress,79)">Conditional</animation>
		<animation reversible="false" effect="zoom" start="0,100" end="79,100" center="$PARAM[posx],0" time="0" condition="!IntegerGreaterThan(ListItem.Progress,81) + IntegerGreaterThan(ListItem.Progress,80)">Conditional</animation>
		<animation reversible="false" effect="zoom" start="0,100" end="80,100" center="$PARAM[posx],0" time="0" condition="!IntegerGreaterThan(ListItem.Progress,82) + IntegerGreaterThan(ListItem.Progress,81)">Conditional</animation>
		<animation reversible="false" effect="zoom" start="0,100" end="81,100" center="$PARAM[posx],0" time="0" condition="!IntegerGreaterThan(ListItem.Progress,83) + IntegerGreaterThan(ListItem.Progress,82)">Conditional</animation>
		<animation reversible="false" effect="zoom" start="0,100" end="82,100" center="$PARAM[posx],0" time="0" condition="!IntegerGreaterThan(ListItem.Progress,84) + IntegerGreaterThan(ListItem.Progress,83)">Conditional</animation>
		<animation reversible="false" effect="zoom" start="0,100" end="83,100" center="$PARAM[posx],0" time="0" condition="!IntegerGreaterThan(ListItem.Progress,85) + IntegerGreaterThan(ListItem.Progress,84)">Conditional</animation>
		<animation reversible="false" effect="zoom" start="0,100" end="84,100" center="$PARAM[posx],0" time="0" condition="!IntegerGreaterThan(ListItem.Progress,86) + IntegerGreaterThan(ListItem.Progress,85)">Conditional</animation>
		<animation reversible="false" effect="zoom" start="0,100" end="85,100" center="$PARAM[posx],0" time="0" condition="!IntegerGreaterThan(ListItem.Progress,87) + IntegerGreaterThan(ListItem.Progress,86)">Conditional</animation>
		<animation reversible="false" effect="zoom" start="0,100" end="86,100" center="$PARAM[posx],0" time="0" condition="!IntegerGreaterThan(ListItem.Progress,88) + IntegerGreaterThan(ListItem.Progress,87)">Conditional</animation>
		<animation reversible="false" effect="zoom" start="0,100" end="89,100" center="$PARAM[posx],0" time="0" condition="!IntegerGreaterThan(ListItem.Progress,89) + IntegerGreaterThan(ListItem.Progress,88)">Conditional</animation>
		<animation reversible="false" effect="zoom" start="0,100" end="90,100" center="$PARAM[posx],0" time="0" condition="!IntegerGreaterThan(ListItem.Progress,90) + IntegerGreaterThan(ListItem.Progress,89)">Conditional</animation>
		<animation reversible="false" effect="zoom" start="0,100" end="91,100" center="$PARAM[posx],0" time="0" condition="!IntegerGreaterThan(ListItem.Progress,91) + IntegerGreaterThan(ListItem.Progress,90)">Conditional</animation>
		<animation reversible="false" effect="zoom" start="0,100" end="92,100" center="$PARAM[posx],0" time="0" condition="!IntegerGreaterThan(ListItem.Progress,92) + IntegerGreaterThan(ListItem.Progress,91)">Conditional</animation>
		<animation reversible="false" effect="zoom" start="0,100" end="93,100" center="$PARAM[posx],0" time="0" condition="!IntegerGreaterThan(ListItem.Progress,93) + IntegerGreaterThan(ListItem.Progress,92)">Conditional</animation>
		<animation reversible="false" effect="zoom" start="0,100" end="94,100" center="$PARAM[posx],0" time="0" condition="!IntegerGreaterThan(ListItem.Progress,94) + IntegerGreaterThan(ListItem.Progress,93)">Conditional</animation>
		<animation reversible="false" effect="zoom" start="0,100" end="95,100" center="$PARAM[posx],0" time="0" condition="!IntegerGreaterThan(ListItem.Progress,95) + IntegerGreaterThan(ListItem.Progress,94)">Conditional</animation>
		<animation reversible="false" effect="zoom" start="0,100" end="96,100" center="$PARAM[posx],0" time="0" condition="!IntegerGreaterThan(ListItem.Progress,96) + IntegerGreaterThan(ListItem.Progress,95)">Conditional</animation>
		<animation reversible="false" effect="zoom" start="0,100" end="97,100" center="$PARAM[posx],0" time="0" condition="!IntegerGreaterThan(ListItem.Progress,97) + IntegerGreaterThan(ListItem.Progress,96)">Conditional</animation>
		<animation reversible="false" effect="zoom" start="0,100" end="98,100" center="$PARAM[posx],0" time="0" condition="!IntegerGreaterThan(ListItem.Progress,98) + IntegerGreaterThan(ListItem.Progress,97)">Conditional</animation>
		<animation reversible="false" effect="zoom" start="0,100" end="99,100" center="$PARAM[posx],0" time="0" condition="!IntegerGreaterThan(ListItem.Progress,99) + IntegerGreaterThan(ListItem.Progress,98)">Conditional</animation>
		<animation reversible="false" effect="zoom" start="0,100" end="100,100" center="$PARAM[posx],0" time="0" condition="!IntegerGreaterThan(ListItem.Progress,100) + IntegerGreaterThan(ListItem.Progress,99)">Conditional</animation>
	</include>
	<!-- Home fade animation -->
	<include name="WindowHomeFadeAnimation">
		<animation effect="fade" end="100" start="0" time="200">WindowOpen</animation>
		<animation effect="fade" end="100" start="100" time="0">WindowClose</animation>
		<animation effect="fade" end="100" start="0" time="200" condition="!Window.IsActive(favourites)">Conditional</animation>
		<animation effect="fade" end="0" start="100" time="0" condition="Window.IsActive(favourites)">Conditional</animation>
		<animation effect="fade" end="100" start="0" time="200" condition="!Window.IsActive(shutdownmenu)">Conditional</animation>
		<animation effect="fade" end="0" start="100" time="0" condition="Window.IsActive(shutdownmenu)">Conditional</animation>
	</include>
	<!-- Visible fade animation -->
	<include name="VisibleFadeAnimation">
		<animation effect="fade" end="100" start="0" time="200">Visible</animation>
		<animation effect="fade" end="0" start="100" time="200">Hidden</animation>
	</include>
	<!-- Visible delayed fade animation -->
	<include name="VisibleDelayFadeAnimation">
		<animation delay="200" easing="inout" effect="fade" end="100" start="0" time="120" tween="sine">Visible</animation>
		<animation effect="fade" end="0" start="100" time="0">Hidden</animation>
	</include>
	<!-- Notification fade animation -->
	<include name="NotificationAnimation">
		<animation easing="inout" effect="slide" end="0,0" start="0,-111" time="120" tween="sine">WindowOpen</animation>
		<animation easing="inout" effect="slide" end="0,-111" start="0,0" time="120" tween="sine">WindowClose</animation>
	</include>
	<!-- Keyboard fade animation -->
	<include name="KeyboardAnimation">
		<animation easing="inout" effect="slide" end="0,0" start="0,-700" time="120" tween="sine" condition="!IsEmpty(Window(Home).Property(DisableSuggestions)) | !IntegerGreaterThan(Container(9091).NumItems,0)">WindowOpen</animation>
		<animation easing="inout" effect="slide" end="0,0" start="0,-1145" time="120" tween="sine" condition="IsEmpty(Window(Home).Property(DisableSuggestions)) + IntegerGreaterThan(Container(9091).NumItems,0)">WindowOpen</animation>
		<animation easing="inout" effect="slide" end="0,-700" start="0,0" time="120" tween="sine" condition="!IsEmpty(Window(Home).Property(DisableSuggestions)) | !IntegerGreaterThan(Container(9091).NumItems,0)">WindowClose</animation>
		<animation easing="inout" effect="slide" end="0,-1145" start="0,0" time="120" tween="sine" condition="IsEmpty(Window(Home).Property(DisableSuggestions)) + IntegerGreaterThan(Container(9091).NumItems,0)">WindowClose</animation>
		<animation easing="inout" effect="slide" end="0,-700" start="0,0" time="120" tween="sine" condition="[!IsEmpty(Window(Home).Property(DisableSuggestions)) | !IntegerGreaterThan(Container(9091).NumItems,0)] + Window.IsVisible(numericinput)">Conditional</animation>
		<animation easing="inout" effect="slide" end="0,-1145" start="0,0" time="120" tween="sine" condition="IsEmpty(Window(Home).Property(DisableSuggestions)) + IntegerGreaterThan(Container(9091).NumItems,0) + Window.IsVisible(numericinput)">Conditional</animation>
	</include>
	<!-- Dialog fade animation -->
	<include name="DialogAnimation">
		<animation easing="inout" effect="fade" end="100" start="0" time="120" tween="sine">WindowOpen</animation>
		<animation easing="inout" effect="fade" end="0" start="100" time="120" tween="sine">WindowClose</animation>
	</include>
	<!-- Dialog fade and zoom animation -->
	<include name="DialogZoomAnimation">
		<animation type="WindowOpen">
			<effect center="auto" end="100" start="90" time="120" type="zoom" />
			<effect easing="inout" end="100" start="0" time="120" tween="sine" type="fade" />
		</animation>
		<animation type="WindowClose">
			<effect center="auto" end="90" start="100" time="120" type="zoom" />
			<effect easing="inout" end="0" start="100" time="120" tween="sine" type="fade" />
		</animation>
	</include>
	<!-- Dialog video info animation -->
	<include name="DialogVideoInfoAnimation">
		<animation condition="Control.HasFocus(50) | Control.HasFocus(150) | Control.HasFocus(250) | Control.HasFocus(1000) | Control.HasFocus(5000)" effect="fade" end="6" start="100" time="200">Conditional</animation>
	</include>
	<!-- Home Widgets Animation -->
	<include name="HomeWidgetsAnimation">
		<animation condition="Container(99).OnNext" reversible="false" type="Visible">
			<effect center="960,540" delay="280" easing="in" end="100" start="98" time="180" tween="sine" type="zoom" />
			<effect delay="280" easing="in" end="0,0" start="0,-40" time="180" tween="sine" type="slide" />
			<effect delay="280" easing="in" end="100" start="0" time="180" tween="sine" type="fade" />
		</animation>
		<animation condition="Container(99).OnPrevious" reversible="false" type="Visible">
			<effect center="960,540" delay="280" easing="in" end="100" start="98" time="180" tween="sine" type="zoom" />
			<effect delay="280" easing="in" end="0,0" start="0,40" time="180" tween="sine" type="slide" />
			<effect delay="280" easing="in" end="100" start="0" time="180" tween="sine" type="fade" />
		</animation>
		<animation reversible="false" type="Hidden">
			<effect center="960,540" easing="out" end="98" start="100" time="180" tween="linear" type="zoom" />
			<effect easing="out" end="0" start="100" time="180" tween="linear" type="fade" />
		</animation>
		<animation condition="Window.IsVisible(1101)" reversible="false" type="Conditional">
			<effect easing="out" end="0,30" start="0,0" time="60" tween="sine" type="slide" />
			<effect delay="80" easing="out" end="0,-30" start="0,0" time="120" tween="sine" type="slide" />
		</animation>
		<animation condition="Window.IsVisible(1102)" reversible="false" type="Conditional">
			<effect easing="out" end="0,-30" start="0,0" time="60" tween="sine" type="slide" />
			<effect delay="80" easing="out" end="0,30" start="0,0" time="120" tween="sine" type="slide" />
		</animation>
	</include>
	<!-- Home Message Widget Animation -->
	<include name="HomeMessageAnimation">
		<animation condition="Container(99).OnNext" reversible="false" type="Visible">
			<effect center="1133,540" delay="280" easing="in" end="100" start="98" time="180" tween="sine" type="zoom" />
			<effect delay="280" easing="in" end="0,0" start="0,-40" time="180" tween="sine" type="slide" />
			<effect delay="280" easing="in" end="100" start="0" time="180" tween="sine" type="fade" />
		</animation>
		<animation condition="Container(99).OnPrevious" reversible="false" type="Visible">
			<effect center="1133,540" delay="280" easing="in" end="100" start="98" time="180" tween="sine" type="zoom" />
			<effect delay="280" easing="in" end="0,0" start="0,40" time="180" tween="sine" type="slide" />
			<effect delay="280" easing="in" end="100" start="0" time="180" tween="sine" type="fade" />
		</animation>
		<animation reversible="false" type="Hidden">
			<effect center="1133,540" easing="out" end="98" start="100" time="180" tween="linear" type="zoom" />
			<effect easing="out" end="0" start="100" time="180" tween="linear" type="fade" />
		</animation>
		<animation condition="Window.IsVisible(1101)" reversible="false" type="Conditional">
			<effect easing="out" end="0,30" start="0,0" time="60" tween="sine" type="slide" />
			<effect delay="80" easing="out" end="0,-30" start="0,0" time="120" tween="sine" type="slide" />
		</animation>
		<animation condition="Window.IsVisible(1102)" reversible="false" type="Conditional">
			<effect easing="out" end="0,-30" start="0,0" time="60" tween="sine" type="slide" />
			<effect delay="80" easing="out" end="0,30" start="0,0" time="120" tween="sine" type="slide" />
		</animation>
	</include>
	<!-- OnRight Bounce -->
	<include name="HomeWidgetBounceAnimation">
		<animation condition="Window.IsVisible(1101)" reversible="false" type="Conditional">
			<effect easing="out" end="0,30" start="0,0" time="60" tween="sine" type="slide" />
			<effect delay="80" easing="out" end="0,-30" start="0,0" time="120" tween="sine" type="slide" />
		</animation>
		<animation condition="Window.IsVisible(1102)" reversible="false" type="Conditional">
			<effect easing="out" end="0,-30" start="0,0" time="60" tween="sine" type="slide" />
			<effect delay="80" easing="out" end="0,30" start="0,0" time="120" tween="sine" type="slide" />
		</animation>
	</include>
	<!-- Home menu slide animations -->
	<include name="HomeMenuSlideAnimation">
		<animation condition="IntegerGreaterThan(Container(99).NumItems,12)" effect="slide" end="0,50" time="0">Conditional</animation>
		<animation condition="StringCompare(Container(99).NumItems,12)" effect="slide" end="0,18" time="0">Conditional</animation>
		<animation condition="StringCompare(Container(99).NumItems,11)" effect="slide" end="0,50" time="0">Conditional</animation>
		<animation condition="StringCompare(Container(99).NumItems,10)" effect="slide" end="0,82" time="0">Conditional</animation>
		<animation condition="StringCompare(Container(99).NumItems,9)" effect="slide" end="0,114" time="0">Conditional</animation>
		<animation condition="StringCompare(Container(99).NumItems,8)" effect="slide" end="0,146" time="0">Conditional</animation>
		<animation condition="StringCompare(Container(99).NumItems,7)" effect="slide" end="0,178" time="0">Conditional</animation>
		<animation condition="StringCompare(Container(99).NumItems,6)" effect="slide" end="0,210" time="0">Conditional</animation>
		<animation condition="StringCompare(Container(99).NumItems,5)" effect="slide" end="0,242" time="0">Conditional</animation>
		<animation condition="StringCompare(Container(99).NumItems,4)" effect="slide" end="0,274" time="0">Conditional</animation>
		<animation condition="StringCompare(Container(99).NumItems,3)" effect="slide" end="0,306" time="0">Conditional</animation>
		<animation condition="StringCompare(Container(99).NumItems,2)" effect="slide" end="0,338" time="0">Conditional</animation>
		<animation condition="StringCompare(Container(99).NumItems,1)" effect="slide" end="0,370" time="0">Conditional</animation>
		<animation condition="Container(99).Row(0)" effect="slide" end="0,0" time="200">Conditional</animation>
		<animation condition="Container(99).Row(1)" effect="slide" end="0,-11" time="200">Conditional</animation>
		<animation condition="Container(99).Row(2)" effect="slide" end="0,-22" time="200">Conditional</animation>
		<animation condition="Container(99).Row(3)" effect="slide" end="0,-33" time="200">Conditional</animation>
		<animation condition="Container(99).Row(4)" effect="slide" end="0,-44" time="200">Conditional</animation>
		<animation condition="Container(99).Row(5)" effect="slide" end="0,-55" time="200">Conditional</animation>
		<animation condition="Container(99).Row(6)" effect="slide" end="0,-66" time="200">Conditional</animation>
		<animation condition="Container(99).Row(7)" effect="slide" end="0,-77" time="200">Conditional</animation>
		<animation condition="Container(99).Row(8)" effect="slide" end="0,-88" time="200">Conditional</animation>
		<animation condition="Container(99).Row(9)" effect="slide" end="0,-99" time="200">Conditional</animation>
		<animation condition="Container(99).Row(10)" effect="slide" end="0,-110" time="200">Conditional</animation>
		<animation condition="Container(99).Row(11)" effect="slide" end="0,-122" time="200">Conditional</animation>
	</include>
</includes>