<?xml version="1.0" encoding="UTF-8"?>
<window  id="0">
	<defaultcontrol always="true">20</defaultcontrol>	
	<onload condition="!Skin.HasSetting(BelloFredoFirstRun)">ActivateWindow(startup)</onload>
	<onload>Dialog.Close(movieinformation)</onload>
	<onload>Dialog.Close(musicinformation)</onload>
	<onload>Dialog.Close(pvrguideinfo)</onload>
	<onload>Dialog.Close(pvrrecordinginfo)</onload>
	<onload>Dialog.Close(addoninformation)</onload>
	<onload>Dialog.Close(songinformation)</onload>
	<onload>Dialog.Close(pictureinfo)</onload>
	<onload>SetProperty(RefreshList,1,Home)</onload>
	<onload>ClearProperty(closeworkaround,Home)</onload>
	<onunload>ClearProperty(WidgetHasFocus,Home)</onunload>
	<onunload>ClearProperty(TopMenuHasFocus,Home)</onunload>
	<onload>ClearProperty(WidgetHasFocus,Home)</onload>
	<onload>ClearProperty(TopMenuHasFocus,Home)</onload>
	<onload>RunScript(script.skinshortcuts,type=buildxml&amp;mainmenuID=20&amp;group=mainmenu|widgetgroup1|widgetgroup2|widgetgroup3|widgetgroup4|shutdownmenu)</onload>	
	<allowoverlay>yes</allowoverlay>
	<backgroundcolor>0</backgroundcolor>
	<controls>		
		<include>BackgroundContent</include>
		<include>BackgroundVignette</include>	
		<include>HiddenLibraryStats</include>

		<control type="group">
			<visible>!SubString(Player.Filenameandpath,extras/intro/intro.mp4) + !SubString(Player.Filenameandpath,extras\intro\intro.mp4)</visible>

			<control type="group">	

				<control type="group" id="2013">
					<animation reversible="false" effect="slide" start="0,0" end="0,-242" time="300" tween="quadratic" easing="out">Hidden</animation>
					<visible>Container(20).OnNext + IntegerGreaterThan(Container(20).NumItems,1)</visible>					
				</control>
				<control type="group" id="2014">
					<animation reversible="false" effect="slide" start="0,0" end="0,242" time="300" tween="quadratic" easing="out">Hidden</animation>
					<visible>Container(20).OnPrevious + IntegerGreaterThan(Container(20).NumItems,1)</visible>
				</control>

				<animation effect="slide" time="0" start="0,0" end="0,100" condition="StringCompare(Skin.String(MainMenuStyle),textbottom)">Conditional</animation>
				<animation effect="slide" time="0" start="0,0" end="0,15" condition="!StringCompare(Skin.String(MainMenuStyle),vertical) + !StringCompare(Skin.String(MainMenuStyle),textbottom) + !SubString(Skin.String(MainMenuStyle),icon)">Conditional</animation>

				<include condition="!StringCompare(Skin.String(MainMenuStyle),vertical)">HomeMenuWraplist</include>
				<include condition="StringCompare(Skin.String(MainMenuStyle),vertical)">HomeMenuWraplist_Vertical</include>
				
			</control>
			
			<include condition="!Skin.HasSetting(HideHomeNPCovers) + !StringCompare(Skin.String(MainMenuStyle),vertical)">CoversNowPlaying</include>
			<include condition="Skin.HasSetting(HideHomeNPCovers) | StringCompare(Skin.String(MainMenuStyle),vertical)">CommonNowPlaying</include>
			<include>TopHomeMenu</include>
			<include>HomeWeatherAndClock</include>
			<include>PVRRecordingInfo</include>			
		</control>	

	</controls>	
</window>
