<?xml version="1.0" encoding="UTF-8"?>
<window >
	<defaultcontrol always="true">10</defaultcontrol>
	<allowoverlay>no</allowoverlay>
	<backgroundcolor>0</backgroundcolor>
	<onload condition="System.HasAddon(script.skin.info.service)">RunScript(script.skin.info.service)</onload>
	<onload condition="System.HasAddon(script.bellofredo.extrapack) + Skin.HasSetting(AutoRunExtrapack)">RunScript(script.bellofredo.extrapack)</onload>
	<onload condition="IsEmpty(Window(Visualisation).Property(ArtistSlideshowRunning))">RunScript(script.artistslideshow, daemon=True)</onload>
	<onload condition="[System.HasAddon(script.extendedinfo) + stringcompare(Skin.String(QuickNavWidgetMoviesType),4)]">RunScript(script.extendedinfo,info=incinemas)</onload>
	<onload condition="[System.HasAddon(script.extendedinfo) + stringcompare(Skin.String(QuickNavWidgetMoviesType),5)]">RunScript(script.extendedinfo,info=trendingmovies)</onload>
	<onload condition="[System.HasAddon(script.extendedinfo) + stringcompare(Skin.String(QuickNavWidgetTVShowsType),4)]">RunScript(script.extendedinfo,info=trendingshows)</onload>
	<onload condition="[System.HasAddon(script.extendedinfo) + stringcompare(Skin.String(QuickNavWidgetMusicType),4)]">RunScript(script.extendedinfo,info=topartists)</onload>
	<onload condition="IsEmpty(Skin.String(WatchedFlag))">Skin.SetString(WatchedFlag,unwatched)</onload>
	<onload condition="IsEmpty(Skin.String(QuickNavWidgetMoviesType))">Skin.SetString(QuickNavWidgetMoviesType,1)</onload>
	<onload condition="IsEmpty(Skin.String(QuickNavWidgetTVShowsType))">Skin.SetString(QuickNavWidgetTVShowsType,1)</onload>
	<onload condition="IsEmpty(Skin.String(QuickNavWidgetMusicType))">Skin.SetString(QuickNavWidgetMusicType,1)</onload>
	<onload condition="IsEmpty(Skin.String(QuickNavWidgetTuneInType))">Skin.SetString(QuickNavWidgetTuneInType,3)</onload>
	<onload condition="IsEmpty(Skin.String(QuickNavWidgetYouTubeType))">Skin.SetString(QuickNavWidgetYouTubeType,1)</onload>
	<onload condition="IsEmpty(Skin.String(widgetgroup1))">Skin.SetString(widgetgroup1,$LOCALIZE[31172])</onload>
	<onload condition="IsEmpty(Skin.String(widgetgroup2))">Skin.SetString(widgetgroup2,$LOCALIZE[31172])</onload>
	<onload condition="IsEmpty(Skin.String(widgetgroup3))">Skin.SetString(widgetgroup3,$LOCALIZE[31172])</onload>
	<onload condition="IsEmpty(Skin.String(widgetgroup4))">Skin.SetString(widgetgroup4,$LOCALIZE[31172])</onload>
	<onload condition="IsEmpty(Skin.String(QuickNavWidgetAmazonType))">Skin.SetString(QuickNavWidgetAmazonName,$LOCALIZE[31257])</onload>
	<onload condition="IsEmpty(Skin.String(QuickNavWidgetAmazonType))">Skin.SetString(QuickNavWidgetAmazonType,5)</onload>
	<onload condition="IsEmpty(Skin.String(QuickNavWidgetAmazonDBType))">Skin.SetString(QuickNavWidgetAmazonDBName,$LOCALIZE[31257])</onload>
	<onload condition="IsEmpty(Skin.String(QuickNavWidgetAmazonDBType))">Skin.SetString(QuickNavWidgetAmazonDBType,4)</onload>
	<onload condition="[System.HasAddon(script.extendedinfo) + IsEmpty(Skin.String(RSSVideoFeedName))]">Skin.SetString(RSSVideoFeedName,Euronews)</onload>
	<onload condition="[System.HasAddon(script.extendedinfo) + IsEmpty(Skin.String(RSSVideoFeedURL))]">Skin.SetString(RSSVideoFeedURL,Euronews)</onload>
	<!--disable debug stuff-->
	<onload condition="Skin.HasSetting(DebugGrid)">Skin.ToggleSetting(DebugGrid)</onload>
	<onload condition="Skin.HasSetting(BelloFredoDebug)">Skin.ToggleSetting(BelloFredoDebug)</onload>
	<!--first run skin settings setup-->
	<onload condition="!Skin.HasSetting(BelloFredoFirstRun) + !Skin.HasSetting(HomeMenuArrowAnimation)">Skin.ToggleSetting(HomeMenuArrowAnimation)</onload>
	<onload condition="!Skin.HasSetting(BelloFredoFirstRun) + !Skin.HasSetting(HomeMenuAnimation)">Skin.ToggleSetting(HomeMenuAnimation)</onload>
	<onload condition="!Skin.HasSetting(BelloFredoFirstRun) + !Skin.HasSetting(ShowLibraryTotals)">Skin.ToggleSetting(ShowLibraryTotals)</onload>
	<onload condition="!Skin.HasSetting(BelloFredoFirstRun) + !Skin.HasSetting(AutoScroll)">Skin.ToggleSetting(AutoScroll)</onload>
	<onload condition="!Skin.HasSetting(BelloFredoFirstRun) + !Skin.HasSetting(EnableAddonsNotifications)">Skin.ToggleSetting(EnableAddonsNotifications)</onload>
	<onload condition="!Skin.HasSetting(BelloFredoFirstRun) + !Skin.HasSetting(EnableWeatherAlertsNotifications)">Skin.ToggleSetting(EnableWeatherAlertsNotifications)</onload>
	<onload condition="!Skin.HasSetting(BelloFredoFirstRun) + Skin.HasSetting(EnableGlobalRSS)">Skin.ToggleSetting(EnableGlobalRSS)</onload>
	<onload condition="!Skin.HasSetting(BelloFredoFirstRun) + !Skin.HasSetting(ShowVideoInfo)">Skin.ToggleSetting(ShowVideoInfo)</onload>
	<onload condition="!Skin.HasSetting(BelloFredoFirstRun) + !Skin.HasSetting(HomeWidgetArrowAnimation)">Skin.ToggleSetting(HomeWidgetArrowAnimation)</onload>
	<onload condition="!Skin.HasSetting(BelloFredoFirstRun) + !Skin.HasSetting(HideOSDDiffuseColors)">Skin.ToggleSetting(HideOSDDiffuseColors)</onload>
	<onload condition="!Skin.HasSetting(BelloFredoFirstRun) + !Skin.HasSetting(AmbilightMode)">Skin.ToggleSetting(AmbilightMode)</onload>
	<onload condition="!Skin.HasSetting(BelloFredoFirstRun)">Skin.ToggleSetting(BelloFredoFirstRun)</onload>
	<controls>
		<control type="button" id="10">
			<description>trigger</description>
			<onfocus>ReplaceWindow($INFO[System.StartupWindow])</onfocus>
			<onfocus condition="system.getbool(input.enablemouse)">ActivateWindow(1110)</onfocus>
			<texturenofocus>-</texturenofocus>
			<texturefocus>-</texturefocus>
			<visible>!Skin.HasSetting(Use_Startup_Playlist) + !Skin.HasSetting(UseIntro)</visible>
		</control>
		<control type="button" id="10">
			<description>trigger with startup Playlist</description>
			<onfocus>XBMC.PlayMedia($INFO[Skin.String(Startup_Playlist_Path)])</onfocus>
			<onfocus>ReplaceWindow($INFO[System.StartupWindow])</onfocus>
			<texturenofocus>-</texturenofocus>
			<texturefocus>-</texturefocus>
			<visible>Skin.HasSetting(Use_Startup_Playlist) + !Skin.HasSetting(UseIntro)</visible>
		</control>
		<control type="button" id="10">
			<description>trigger with startup intro</description>
			<onfocus>XBMC.PlayMedia(special://skin/extras/intro/intro.mp4,1)</onfocus>
			<onfocus>AlarmClock(IntroDelay,ReplaceWindow($INFO[System.StartupWindow]),00:05,silent)</onfocus>
			<texturenofocus>-</texturenofocus>
			<texturefocus>-</texturefocus>
			<visible>!Skin.HasSetting(Use_Startup_Playlist) + Skin.HasSetting(UseIntro)</visible>
		</control>
		<include>BackgroundContent</include>
		<include>BackgroundVignette</include>
		<control type="label">
			<include>FullscreenDimensions</include>
			<align>center</align>
			<aligny>center</aligny>
			<textcolor>55white</textcolor>
			<shadowcolor>55000000</shadowcolor>
			<font>FontSize_40B</font>
			<label>$LOCALIZE[31128]</label>
			<animation type="Conditional" condition="true" pulse="true">
				<effect type="fade" start="0" end="100" delay="0" time="1000"  />
			</animation>
			<visible>!Skin.HasSetting(Use_Startup_Playlist) + !Skin.HasSetting(UseIntro)</visible>
		</control>
	</controls>
</window>