<?xml version="1.0" encoding="UTF-8"?>
<includes>

	<!--===========-->
	<!--Pulse Bar -->
	<!--===========-->

	<include name="PulseBar">
		<control type="group">
			<control type="image">
				<top>0</top>
				<include>FullscreenDimensions</include>		
				<texture background="true">windows/bg/shine.png</texture>
				<visible>!Window.IsActive(playercontrols)</visible>		
				<animation effect="fade" time="0" start="100" end="0" condition="StringCompare(Skin.String(BGColorDiffuse),0)" reversible="false">Conditional</animation>
				<animation effect="fade" time="0" start="100" end="25" condition="StringCompare(Skin.String(BGColorDiffuse),25)" reversible="false">Conditional</animation>
				<animation effect="fade" time="0" start="100" end="50" condition="StringCompare(Skin.String(BGColorDiffuse),50)" reversible="false">Conditional</animation>
				<animation effect="fade" time="0" start="100" end="75" condition="StringCompare(Skin.String(BGColorDiffuse),75) | IsEmpty(Skin.String(BGColorDiffuse))" reversible="false">Conditional</animation>
				<animation effect="fade" time="0" start="100" end="100" condition="StringCompare(Skin.String(BGColorDiffuse),100)" reversible="false">Conditional</animation>
			</control>		
			<control type="image">
				<include>FullscreenDimensions</include>
				<texture background="true">windows/bg/colors_pulse.png</texture>
				<visible>!Skin.HasSetting(HomeMenuAnimation) + !Skin.HasSetting(DisablePurpleBar)</visible>
			</control>
			<control type="image">
				<height>720</height>
				<width>3280</width>
				<texture>windows/bg/colors_pulse.png</texture>
				<animation type="Conditional" condition="true" loop="true" reversible="false">
					<effect type="slide" start="0,0" end="-2000,0" time="20350" />
					<effect type="slide" start="0,0" end="2000,0" time="20350" delay="20350"/>
				</animation>
				<visible>Skin.HasSetting(HomeMenuAnimation) + !Skin.HasSetting(DisablePurpleBar)</visible>
			</control>
		</control>
	</include>





	<!--======================-->
	<!--Main Home List Buttons-->
	<!--======================-->
	<include name="HomeMenuWraplist">

		<control type="group">					
			<visible>!StringCompare(Skin.String(MainMenuStyle),vertical)</visible>

			<visible allowhiddenfocus="true">!SubString(Player.Filenameandpath,extras/intro/intro.mp4) + !SubString(Player.Filenameandpath,extras\intro\intro.mp4) + !Window.IsActive(1110) + !Window.IsActive(1113) + !Window.IsActive(1114) + !Window.IsActive(1115) + !Window.IsActive(selectdialog) + !Window.IsActive(virtualkeyboard) + !Window.IsActive(ShutdownMenu) + !Window.IsActive(Favourites) + !Window.IsActive(ProgressDialog) + !Window.IsActive(PlayerControls) + !Window.IsActive(script-globalsearch-main.xml) + !Window.IsActive(script-ExtendedInfo Script-DialogInfo.xml) + !Window.IsActive(script-ExtendedInfo Script-DialogVideoInfo.xml) + !Window.IsActive(script-skinshortcuts.xml)</visible>

			<include>HomeSlideAnimations</include>
			<!--pulse bar -->
			<include>PulseBar</include>
			<!-- main group -->
			<control type="group">
				<include>HomeSlideAnimations</include>
				
				<!-- main menu -->
				<control type="wraplist" id="20">
					<include>WidgetMainMenuSlideAnimations</include>
					<description>Home Container</description>
					<left>-10</left>
					<animation effect="slide" start="0,0" end="-225.5,0" time="0" condition="StringCompare(Skin.String(MainMenuStyle),5icons)">Conditional</animation>
					<animation effect="slide" start="0,0" end="-26,0" time="0" condition="StringCompare(Skin.String(MainMenuStyle),3icons)">Conditional</animation>
					<top>110</top>
					<width>1600</width>
					<height>720</height>
					<align>center</align>					
					<onup condition="!IsEmpty(Container(20).ListItem.Property(widget)) | !IsEmpty(Container(20).ListItem.Property(widgetPlaylist))">SetProperty(WidgetHasFocus,1,Home)</onup>
					<onup condition="StringCompare(Container(20).ListItem.Property(widget),movies)">SetFocus(90501)</onup>
					<onup condition="StringCompare(Container(20).ListItem.Property(widget),tvshows)">SetFocus(90601)</onup>
					<onup condition="StringCompare(Container(20).ListItem.Property(widget),music)">SetFocus(45)</onup>
					<onup condition="StringCompare(Container(20).ListItem.Property(widget),tunein)">SetFocus(90801)</onup>
					<onup condition="StringCompare(Container(20).ListItem.Property(widget),widgetgroup1)">SetFocus(90901)</onup>
					<onup condition="StringCompare(Container(20).ListItem.Property(widget),widgetgroup2)">SetFocus(90911)</onup>
					<onup condition="StringCompare(Container(20).ListItem.Property(widget),widgetgroup3)">SetFocus(90931)</onup>
					<onup condition="StringCompare(Container(20).ListItem.Property(widget),widgetgroup4)">SetFocus(90941)</onup>
					<onup condition="StringCompare(Container(20).ListItem.Property(widget),rssvideowidget)">SetFocus(90991)</onup>					
					<onup condition="StringCompare(Container(20).ListItem.Property(widget),amazondb)">SetFocus(90731)</onup>
					<onup condition="StringCompare(Container(20).ListItem.Property(widget),amazon)">SetFocus(90741)</onup>					
					<onup condition="StringCompare(Container(20).ListItem.Property(widget),youtube)">SetFocus(90981)</onup>					
					<onup condition="StringCompare(Container(20).ListItem.Property(widget),tvchannels)">SetFocus(90641)</onup>					
					<onup condition="SubString(Container(20).ListItem.Property(widgetPlaylist),playlists/music)">SetFocus(90711)</onup>
					<onup condition="SubString(Container(20).ListItem.Property(widgetPlaylist),playlists/video)">SetFocus(90721)</onup>
					<onup condition="IsEmpty(Container(20).ListItem.Property(widget))">SetFocus(21)</onup>
					<ondown condition="IntegerGreaterThan(Container(23).NumItems,0)">SetFocus(23)</ondown>					
					<onleft>20</onleft>
					<onright>20</onright>
					<itemgap>0</itemgap>
					<orientation>horizontal</orientation>
					<include condition="StringCompare(Skin.String(MainMenuStyle),5icons)" name="MainMenuFocusPosition">
						<param name="position">2</param>						
					</include>
					<include condition="!StringCompare(Skin.String(MainMenuStyle),5icons)" name="MainMenuFocusPosition" >
						<param name="position">1</param>						
					</include>						
					<scrolltime tween="Quadratic" easing="out">400</scrolltime>
					<itemlayout width="400" condition="!StringCompare(Skin.String(MainMenuStyle),3icons) + !StringCompare(Skin.String(MainMenuStyle),5icons)">
						<control type="label">
							<left>0</left>
							<top>200</top>
							<width>400</width>
							<textcolor>55white</textcolor>
							<shadowcolor>55000000</shadowcolor>
							<font>FontSize_65</font>
							<align>center</align>
							<label>$INFO[ListItem.Label]</label>
						</control>
					</itemlayout>
					<focusedlayout width="500" condition="!StringCompare(Skin.String(MainMenuStyle),3icons) + !StringCompare(Skin.String(MainMenuStyle),5icons)">	
						<control type="group">
							<animation type="Focus" reversible="false" condition="Container(20).OnNext | Container(20).OnPrevious">
								<effect type="fade" start="35" end="100" time="700"/>
								<effect type="zoom" center="100,217" easing="inout" effect="zoom" end="100" start="66" time="300" tween="sine"/>
							</animation>
							<animation type="UnFocus" reversible="false" condition="Container(20).OnNext | Container(20).OnPrevious">
								<effect type="fade" start="100" end="35" time="170"/>
								<effect type="zoom" center="100,217" easing="inout" effect="zoom" end="66" start="100" time="300" tween="sine"/>
							</animation>
							<animation type="Conditional" condition="!ControlGroup(21).HasFocus + !Window.IsVisible(Selectdialog) + !Window.IsVisible(favourites) + !Window.IsVisible(virtualkeyboard) + IsEmpty(Window(home).Property(TopMenuHasFocus))">
								<effect type="zoom" start="66" end="100" time="250" tween="sine" easing="inout" center="255,217"  />
								<effect type="fade" start="35" end="100" time="250" tween="sine" />
							</animation>
							<control type="label">
								<left>-15</left>
								<top>200</top>
								<width>530</width>
								<textcolor>white</textcolor>
								<shadowcolor>55000000</shadowcolor>
								<font>FontSize_100</font>
								<align>center</align>
								<label>$INFO[ListItem.Label]</label>
							</control>			
							<control type="fadelabel">
								<visible>Control.HasFocus(20) + !Skin.HasSetting(HideLibraryStats) + !IsEmpty(Control.GetLabel(17))</visible>
								<animation effect="fade" time="250" delay="50">Visible</animation>
								<animation effect="fade" time="0">Hidden</animation>
								<left>-15</left>
								<top>264</top>		
								<width>530</width>
								<height>18</height>
								<textcolor>77white</textcolor>
								<shadowcolor>55000000</shadowcolor>
								<font>FontSize_16</font>
								<align>center</align>			
								<label>$INFO[Control.GetLabel(17)]</label>						
								<label>$INFO[Control.GetLabel(18)]</label>						
								<label>$INFO[Control.GetLabel(19)]</label>
								<scroll>false</scroll>
								<scrollout>false</scrollout>
								<scrollspeed>100</scrollspeed>
								<pauseatend>4000</pauseatend>						
							</control>
							<control type="grouplist">
								<visible>Control.HasFocus(20) + !Container(20).OnNext + !Container(20).OnPrevious</visible>
								<animation effect="slide" time="0" start="0,0" end="0,27" condition="Control.IsVisible(16) + !IsEmpty(Control.GetLabel(17))">Conditional</animation>
								<itemgap>0</itemgap>
								<orientation>horizontal</orientation>
								<width>530</width>
								<height>21</height>
								<left>-15</left>	
								<top>265</top>							
								<align>center</align>
								<animation effect="fade" time="250" delay="50">Visible</animation>
								<animation effect="fade" time="0">Hidden</animation>
								<control type="image" id="201">									
									<width>21</width>
									<height>18</height>
									<texture background="true">buttons/arrow.png</texture>
									<colordiffuse>CCFFFFFF</colordiffuse>
									<visible>IntegerGreaterThan(Container(23).NumItems,0)</visible>
									<animation type="Conditional" condition="Skin.HasSetting(HomeMenuArrowAnimation)" pulse="true">
										<effect type="fade" start="0" end="100" delay="900" time="900"  />
										<effect type="slide" start="0,-2" end="0,4" tween="sine" easing="inout" delay="900" time="900" />
									</animation>
								</control>
								<control type="image" id="202">
									<width>21</width>
									<height>18</height>
									<texture background="true">buttons/arrow_top.png</texture>
									<colordiffuse>CCFFFFFF</colordiffuse>
									<visible>!IsEmpty(Container(20).ListItem.Property(widget))</visible>
									<animation type="Conditional" condition="Skin.HasSetting(HomeMenuArrowAnimation)" pulse="true">
										<effect type="fade" start="0" end="100" delay="900" time="900"  />
										<effect type="slide" start="0,2" end="0,-4" tween="sine" easing="inout" delay="900" time="900" />
									</animation>
								</control>
							</control>
						</control>
					</focusedlayout>
					<!-- 3 icon menu style -->
					<itemlayout width="400" condition="StringCompare(Skin.String(MainMenuStyle),3icons)">
						<control type="image">
							<left>192</left>
							<top>170</top>
							<width>115</width>
							<height>115</height>
							<align>center</align>
							<aligny>bottom</aligny>
							<texture diffuse="icons/icon_diffuse_big.png">$INFO[ListItem.Icon]</texture>
							<aspectratio align="center" aligny="bottom">keep</aspectratio>
							<animation effect="fade" end="35" condition="true" time="0">Conditional</animation>
						</control>
					</itemlayout>
					<focusedlayout width="455" condition="StringCompare(Skin.String(MainMenuStyle),3icons)">
						<control type="group">
							<animation type="Focus" reversible="false" condition="Container(20).OnNext | Container(20).OnPrevious">
								<effect type="fade" start="35" end="100" time="700"/>
								<effect type="zoom" center="250,228" easing="inout" effect="zoom" end="100" start="66" time="300" tween="sine"/>
							</animation>
							<animation type="UnFocus" reversible="false" condition="Container(20).OnNext | Container(20).OnPrevious">
								<effect type="fade" start="100" end="35" time="170"/>
								<effect type="zoom" center="200,228" easing="inout" effect="zoom" end="66" start="100" time="300" tween="sine"/>
							</animation>
							<animation type="Conditional" condition="!ControlGroup(21).HasFocus + !Window.IsVisible(Selectdialog) + !Window.IsVisible(favourites) + !Window.IsVisible(virtualkeyboard) + IsEmpty(Window(home).Property(TopMenuHasFocus))">
								<effect type="zoom" start="66" end="100" time="200" tween="sine" easing="out" center="275,228"  />
								<effect type="fade" start="35" end="100" time="200" tween="sine" easing="out" />
							</animation>
							<control type="image">
								<left>188</left>
								<top>140</top>
								<width>175</width>
								<height>175</height>
								<align>center</align>
								<aligny>bottom</aligny>
								<texture diffuse="icons/icon_diffuse_big.png">$INFO[ListItem.Icon]</texture>
								<aspectratio align="center" aligny="bottom">keep</aspectratio>
							</control>

							<control type="group">								
								<animation type="UnFocus" reversible="false" condition="!Control.HasFocus(23) + !ControlGroup(21).HasFocus + !Window.IsVisible(Selectdialog)">
									<effect type="fade" start="100" end="0" time="0"/>								
								</animation>
								<control type="label">							
									<visible>Control.HasFocus(20) + !Skin.HasSetting(HideIconMenuLabels)</visible>
									<include condition="!Skin.HasSetting(HideIconMenuLabels)">FocusVisibleFadeEffect</include>
									<left>10</left>
									<top>325</top>
									<width>530</width>
									<textcolor>ddwhite</textcolor>
									<shadowcolor>55000000</shadowcolor>
									<font>FontSize_24</font>
									<align>center</align>
									<label>$INFO[ListItem.Label]</label>
								</control>		
								<control type="fadelabel">							
									<animation effect="slide" start="0,0" end="0,-24" time="0" condition="Skin.HasSetting(HideIconMenuLabels)">Conditional</animation>
									<visible>Control.HasFocus(20) + !Skin.HasSetting(HideLibraryStats) + !IsEmpty(Control.GetLabel(17))</visible>
									<include>FocusVisibleFadeEffect</include>
									<left>10</left>
									<top>355</top>		
									<width>530</width>
									<height>18</height>
									<textcolor>77white</textcolor>
									<shadowcolor>55000000</shadowcolor>
									<font>FontSize_16</font>
									<align>center</align>			
									<label>$INFO[Control.GetLabel(17)]</label>						
									<label>$INFO[Control.GetLabel(18)]</label>						
									<label>$INFO[Control.GetLabel(19)]</label>
									<scroll>false</scroll>
									<scrollout>false</scrollout>
									<scrollspeed>100</scrollspeed>
									<pauseatend>4000</pauseatend>						
								</control>
								<control type="grouplist">							
									<animation effect="slide" start="0,0" end="0,-24" time="0" condition="Skin.HasSetting(HideIconMenuLabels)">Conditional</animation>
									<animation effect="slide" time="0" start="0,0" end="0,24" condition="Control.IsVisible(16) + !IsEmpty(Control.GetLabel(17))">Conditional</animation>
									<visible>Control.HasFocus(20) + !Container(20).OnNext + !Container(20).OnPrevious</visible>
									<itemgap>0</itemgap>
									<orientation>horizontal</orientation>
									<width>530</width>
									<height>21</height>
									<left>10</left>	
									<top>360</top>							
									<align>center</align>
									<animation effect="fade" time="250" delay="50">Visible</animation>
									<animation effect="fade" time="0">Hidden</animation>
									<control type="image" id="201">									
										<width>21</width>
										<height>18</height>
										<texture background="true">buttons/arrow.png</texture>
										<colordiffuse>CCFFFFFF</colordiffuse>
										<visible>IntegerGreaterThan(Container(23).NumItems,0)</visible>
										<animation type="Conditional" condition="Skin.HasSetting(HomeMenuArrowAnimation)" pulse="true">
											<effect type="fade" start="0" end="100" delay="900" time="900"  />
											<effect type="slide" start="0,-2" end="0,4" tween="sine" easing="inout" delay="900" time="900" />
										</animation>
									</control>
									<control type="image" id="202">
										<width>21</width>
										<height>18</height>
										<texture background="true">buttons/arrow_top.png</texture>
										<colordiffuse>CCFFFFFF</colordiffuse>
										<visible>!IsEmpty(Container(20).ListItem.Property(widget))</visible>
										<animation type="Conditional" condition="Skin.HasSetting(HomeMenuArrowAnimation)" pulse="true">
											<effect type="fade" start="0" end="100" delay="900" time="900"  />
											<effect type="slide" start="0,2" end="0,-4" tween="sine" easing="inout" delay="900" time="900" />
										</animation>
									</control>
								</control>
							</control>
						</control>
					</focusedlayout>
					<!-- 5 icon menu style -->
					<itemlayout width="300" conditiion="StringCompare(Skin.String(MainMenuStyle),5icons)">
						<control type="image">
							<left>192</left>
							<top>170</top>
							<width>115</width>
							<height>115</height>
							<align>center</align>
							<aligny>bottom</aligny>
							<texture diffuse="icons/icon_diffuse_big.png">$INFO[ListItem.Icon]</texture>
							<aspectratio align="center" aligny="bottom">keep</aspectratio>
							<animation effect="fade" end="35" condition="true" time="0">Conditional</animation>
						</control>
					</itemlayout>
					<focusedlayout width="350" condition="StringCompare(Skin.String(MainMenuStyle),5icons)">
						<control type="group">
							<animation type="Focus" reversible="false" condition="Container(20).OnNext | Container(20).OnPrevious">
								<effect type="fade" start="35" end="100" time="700"/>
								<effect type="zoom" center="250,228" easing="inout" effect="zoom" end="100" start="66" time="300" tween="sine"/>
							</animation>
							<animation type="UnFocus" reversible="false" condition="Container(20).OnNext | Container(20).OnPrevious">
								<effect type="fade" start="100" end="35" time="170"/>
								<effect type="zoom" center="200,228" easing="inout" effect="zoom" end="66" start="100" time="300" tween="sine"/>
							</animation>
							<animation type="Conditional" condition="!ControlGroup(21).HasFocus + !Window.IsVisible(Selectdialog) + !Window.IsVisible(favourites) + !Window.IsVisible(virtualkeyboard) + IsEmpty(Window(home).Property(TopMenuHasFocus))">
								<effect type="zoom" start="66" end="100" time="200" tween="sine" easing="out" center="275,228"  />
								<effect type="fade" start="35" end="100" time="200" tween="sine" easing="out" />
							</animation>
							<control type="image">
								<left>188</left>
								<top>140</top>
								<width>175</width>
								<height>175</height>
								<align>center</align>
								<aligny>bottom</aligny>
								<texture diffuse="icons/icon_diffuse_big.png">$INFO[ListItem.Icon]</texture>
								<aspectratio align="center" aligny="bottom">keep</aspectratio>
							</control>
							<control type="group">								
								<animation type="UnFocus" reversible="false" condition="!Control.HasFocus(23) + !ControlGroup(21).HasFocus + !Window.IsVisible(Selectdialog)">
									<effect type="fade" start="100" end="0" time="0"/>								
								</animation>
								<control type="label">							
									<visible>Control.HasFocus(20) + !Skin.HasSetting(HideIconMenuLabels)</visible>
									<left>10</left>
									<top>325</top>
									<width>530</width>
									<textcolor>ddwhite</textcolor>
									<shadowcolor>55000000</shadowcolor>
									<font>FontSize_24</font>
									<align>center</align>
									<label>$INFO[ListItem.Label]</label>
								</control>	
								<control type="fadelabel">
									<visible>Control.HasFocus(20) + !Skin.HasSetting(HideLibraryStats) + !IsEmpty(Control.GetLabel(17))</visible>
									<animation effect="slide" start="0,0" end="0,-24" time="0" condition="Skin.HasSetting(HideIconMenuLabels)">Conditional</animation>
									<left>10</left>
									<top>355</top>		
									<width>530</width>
									<height>18</height>
									<textcolor>77white</textcolor>
									<shadowcolor>55000000</shadowcolor>
									<font>FontSize_16</font>
									<align>center</align>			
									<label>$INFO[Control.GetLabel(17)]</label>						
									<label>$INFO[Control.GetLabel(18)]</label>						
									<label>$INFO[Control.GetLabel(19)]</label>
									<scroll>false</scroll>
									<scrollout>false</scrollout>
									<scrollspeed>100</scrollspeed>
									<pauseatend>4000</pauseatend>						
								</control>
								<control type="grouplist">							
									<animation effect="slide" start="0,0" end="0,-24" time="0" condition="Skin.HasSetting(HideIconMenuLabels)">Conditional</animation>
									<animation effect="slide" time="0" start="0,0" end="0,24" condition="Control.IsVisible(16) + !IsEmpty(Control.GetLabel(17))">Conditional</animation>
									<visible>Control.HasFocus(20) + !Container(20).OnNext + !Container(20).OnPrevious</visible>
									<itemgap>0</itemgap>
									<orientation>horizontal</orientation>
									<width>530</width>
									<height>21</height>
									<left>10</left>	
									<top>360</top>							
									<align>center</align>
									<animation effect="fade" time="250" delay="50">Visible</animation>
									<animation effect="fade" time="0">Hidden</animation>
									<control type="image" id="201">									
										<width>21</width>
										<height>18</height>
										<texture background="true">buttons/arrow.png</texture>
										<colordiffuse>CCFFFFFF</colordiffuse>
										<visible>IntegerGreaterThan(Container(23).NumItems,0)</visible>
										<animation type="Conditional" condition="Skin.HasSetting(HomeMenuArrowAnimation)" pulse="true">
											<effect type="fade" start="0" end="100" delay="900" time="900"  />
											<effect type="slide" start="0,-2" end="0,4" tween="sine" easing="inout" delay="900" time="900" />
										</animation>
									</control>
									<control type="image" id="202">
										<width>21</width>
										<height>18</height>
										<texture background="true">buttons/arrow_top.png</texture>
										<colordiffuse>CCFFFFFF</colordiffuse>
										<visible>!IsEmpty(Container(20).ListItem.Property(widget))</visible>
										<animation type="Conditional" condition="Skin.HasSetting(HomeMenuArrowAnimation)" pulse="true">
											<effect type="fade" start="0" end="100" delay="900" time="900"  />
											<effect type="slide" start="0,2" end="0,-4" tween="sine" easing="inout" delay="900" time="900" />
										</animation>
									</control>
								</control>
							</control>
						</control>
					</focusedlayout>
					<content>
						<include>skinshortcuts-mainmenu</include>
					</content>
				</control>

				<!--widgets-->
				<control type="group">	
					<!-- widget position change -->
					<animation effect="slide" time="0" start="0,0" end="0,100" condition="StringCompare(Skin.String(MainMenuStyle),textbottom)">Conditional</animation>
					<!-- move widgets if context menu is visible -->
					<animation type="Conditional" condition="Window.IsVisible(contextmenu)" reversible="false">
						<effect type="slide" end="0,-25" time="350" tween="cubic" easing="out" />			
					</animation>
					<animation type="Conditional" condition="!Window.IsVisible(contextmenu)" reversible="false">
						<effect type="slide" start="0,-25" end="0,0" time="350" tween="sine" easing="out" />			
					</animation>
					<include>HomeWidgetsContainer</include>					
				</control>

				<!-- sub menu -->
				<include>HomeSubMenus</include>
			</control>
		</control>
	</include>

	<!--===========-->
	<!--Vertical Menu List Buttons-->
	<!--===========-->
	<include name="HomeMenuWraplist_Vertical">		
		<visible>StringCompare(Skin.String(MainMenuStyle),vertical)</visible>		
		
		<!-- main group -->
		<control type="group">
			<visible allowhiddenfocus="true">!SubString(Player.Filenameandpath,extras/intro/intro.mp4) + !SubString(Player.Filenameandpath,extras\intro\intro.mp4) + !Window.IsActive(1110) + !Window.IsActive(1113) + !Window.IsActive(1114) + !Window.IsActive(1115) + !Window.IsActive(selectdialog) + !Window.IsActive(virtualkeyboard) + !Window.IsActive(ShutdownMenu) + !Window.IsActive(Favourites) + !Window.IsActive(ProgressDialog) + !Window.IsActive(PlayerControls) + !Window.IsActive(script-globalsearch-main.xml) + !Window.IsActive(script-ExtendedInfo Script-DialogInfo.xml) + !Window.IsActive(script-ExtendedInfo Script-DialogVideoInfo.xml) + !Window.IsActive(script-skinshortcuts.xml)</visible>
			<include>HomeSlideAnimations</include>
			<!--pulse bar -->
			<include>PulseBar</include>

			<!-- background diffuse -->
			<control type="image">
				<animation type="Conditional" condition="!IsEmpty(Window(Home).Property(WidgetHasFocus))" reversible="false">   
					<effect type="fade" start="90" end="45" time="1000" tween="sine" easing="inout" />
				</animation>	
				<animation type="Conditional" condition="IsEmpty(Window(Home).Property(WidgetHasFocus))" reversible="false">
					<effect type="fade" delay="0" start="45" end="90" time="500" tween="sine" easing="inout"  />
				</animation>	
				<include>FullscreenDimensions</include>
				<texture background="true">views/other/menus_overlay.png</texture>
			</control>
			<!--seperator-->
			<control type="image">
				<left>405</left>
				<top>130</top>
				<texture>info/seperator_fade.png</texture>
				<colordiffuse>33white</colordiffuse>
				<width>1</width>
				<height>500</height>
				<include>WidgetMainMenuSlideAnimations_Vertical</include>
				<include>HomeSlideAnimations</include>
				<animation type="Visible" tween="sine" easing="out">
					<effect type="zoom" start="0" end="100" center="auto" time="450" delay="200" />
					<effect type="fade" start="0" end="80" time="450" delay="200" />
				</animation>
				<animation type="Hidden" tween="sine" easing="out">
					<effect type="zoom" start="100" end="0" center="auto" time="350" delay="0"/>
					<effect type="fade" start="80" end="0" time="350" delay="0"/>
				</animation>
				<visible>!Skin.HasSetting(HideVerticalMenuSeperator)</visible>
			</control>
			
			<!-- main menu -->
			<control type="group">
				<control type="fixedlist" id="20">
					<animation effect="slide" time="0" start="0,0" end="48,0" condition="Skin.HasSetting(HideVerticalMenuIcons)">Conditional</animation>
					<include>WidgetMainMenuSlideAnimations_Vertical</include>
					<include>HomeSlideAnimations</include>
					<visible allowhiddenfocus="true">!Control.HasFocus(23)</visible>
					<description>Home Container</description>		
					<left>45</left>
					<top>140</top>
					<width>1600</width>
					<height>480</height>
					<align>right</align>
					<onright condition="!IsEmpty(Container(20).ListItem.Property(widget)) | !IsEmpty(Container(20).ListItem.Property(widgetPlaylist))">SetProperty(WidgetHasFocus,1,Home)</onright>
					<!--<onright condition="IsEmpty(Container(20).ListItem.Property(widget)) + IsEmpty(Container(20).ListItem.Property(widgetPlaylist))">Select</onright>-->
					<onright condition="StringCompare(Container(20).ListItem.Property(widget),movies)">SetFocus(90501)</onright>
					<onright condition="StringCompare(Container(20).ListItem.Property(widget),tvshows)">SetFocus(90601)</onright>
					<onright condition="StringCompare(Container(20).ListItem.Property(widget),music)">SetFocus(45)</onright>
					<onright condition="StringCompare(Container(20).ListItem.Property(widget),tunein)">SetFocus(90801)</onright>
					<onright condition="StringCompare(Container(20).ListItem.Property(widget),widgetgroup1)">SetFocus(90901)</onright>
					<onright condition="StringCompare(Container(20).ListItem.Property(widget),widgetgroup2)">SetFocus(90911)</onright>
					<onright condition="StringCompare(Container(20).ListItem.Property(widget),widgetgroup3)">SetFocus(90931)</onright>
					<onright condition="StringCompare(Container(20).ListItem.Property(widget),widgetgroup4)">SetFocus(90941)</onright>
					<onright condition="StringCompare(Container(20).ListItem.Property(widget),rssvideowidget)">SetFocus(90991)</onright>					
					<onright condition="StringCompare(Container(20).ListItem.Property(widget),amazondb)">SetFocus(90731)</onright>
					<onright condition="StringCompare(Container(20).ListItem.Property(widget),amazon)">SetFocus(90741)</onright>					
					<onright condition="StringCompare(Container(20).ListItem.Property(widget),youtube)">SetFocus(90981)</onright>					
					<onright condition="SubString(Container(20).ListItem.Property(widgetPlaylist),playlists/music)">SetFocus(90711)</onright>
					<onright condition="SubString(Container(20).ListItem.Property(widgetPlaylist),playlists/video)">SetFocus(90721)</onright>
					<onright condition="StringCompare(Container(20).ListItem.Property(widget),tvchannels)">SetFocus(90641)</onright>
					<onup condition="[Control.IsVisible(210) | Control.IsVisible(211) | Control.IsVisible(212) | Control.IsVisible(214)]">SetFocus(21)</onup>
					<onleft condition="IntegerGreaterThan(Container(23).NumItems,0)">SetFocus(23)</onleft>					
					<itemgap>0</itemgap>
					<orientation>vertical</orientation>
					<focusposition>1</focusposition>
					<movement>8</movement>						
					<scrolltime tween="Quadratic" easing="out">400</scrolltime>
					<itemlayout width="335" height="55">
						<control type="label">
							<width>290</width>
							<textcolor>55white</textcolor>
							<shadowcolor>55000000</shadowcolor>
							<font>FontSize_36</font>
							<align>right</align>
							<label>$INFO[ListItem.Label]</label>
						</control>
						<control type="image">
							<top>5</top>
							<left>310</left>
							<width>25</width>
							<height>25</height>
							<aspectratio align="center" aligny="center">keep</aspectratio>
							<texture background="true">$INFO[ListItem.Icon]</texture>
							<colordiffuse>55white</colordiffuse>
							<visible>!Skin.HasSetting(HideVerticalMenuIcons)</visible>
						</control>
					</itemlayout>

					<focusedlayout width="label" height="55">	
						<control type="group">

							<animation type="Focus" reversible="false" condition="Container(20).OnPrevious">
								<effect type="fade" start="20" end="100" time="500"/>
								<effect type="slide" start="0,45" end="0,0" time="400" tween="back" easing="out"/>
							</animation>
							<animation type="Focus" reversible="false" condition="Container(20).OnNext">
								<effect type="fade" start="20" end="100" time="500"/>
								<effect type="slide" start="0,-45" end="0,0" time="400" tween="back" easing="out"/>
							</animation>

							<control type="label">
								<width>290</width>
								<textcolor>white</textcolor>
								<shadowcolor>55000000</shadowcolor>
								<font>FontSize_40B</font>
								<align>right</align>
								<label>$INFO[ListItem.Label]</label>
								<visible>Control.HasFocus(20)</visible>
							</control>
							<control type="label">
								<width>290</width>
								<textcolor>55white</textcolor>
								<shadowcolor>55000000</shadowcolor>
								<font>FontSize_40</font>
								<align>right</align>
								<label>$INFO[ListItem.Label]</label>
								<visible>!Control.HasFocus(20)</visible>
							</control>
							<control type="image">
								<top>5</top>
								<left>310</left>
								<width>25</width>
								<height>25</height>
								<aspectratio align="center" aligny="center">keep</aspectratio>
								<texture background="true">$INFO[ListItem.Icon]</texture>
								<colordiffuse>white</colordiffuse>
								<visible>!Skin.HasSetting(HideVerticalMenuIcons)</visible>
								<visible>Control.HasFocus(20)</visible>
							</control>
							<control type="image">
								<top>5</top>
								<left>310</left>
								<width>25</width>
								<height>25</height>
								<aspectratio align="center" aligny="center">keep</aspectratio>
								<texture background="true">$INFO[ListItem.Icon]</texture>
								<colordiffuse>55white</colordiffuse>
								<visible>!Skin.HasSetting(HideVerticalMenuIcons)</visible>
								<visible>!Control.HasFocus(20)</visible>
							</control>
						</control>
					</focusedlayout>
					<content>
						<include>skinshortcuts-mainmenu</include>
					</content>
				</control>
				<!--widgets-->
				<control type="group">
					<left>-10</left>
					<!-- move widgets if context menu is visible -->			
					<animation type="Conditional" condition="Window.IsVisible(contextmenu)" reversible="false">
						<effect type="slide" end="0,-35" time="350" tween="cubic" easing="out" />			
					</animation>
					<animation type="Conditional" condition="!Window.IsVisible(contextmenu)" reversible="false">
						<effect type="slide" start="0,-35" end="0,0" time="350" tween="sine" easing="out" />			
					</animation>	
					<include condition="StringCompare(Skin.String(MainMenuStyle),vertical)">HomeWidgetsContainer_Vertical</include>			
				</control>
			</control>
			<!-- sub menu -->
			<include>VerticalHomeSubMenus</include>			
		</control>
	</include>

	<!--===========-->
	<!--Recording Info-->
	<!--===========-->
	<include name="PVRRecordingInfo">	
		<control type="group">
			<include>HomeNowPlayingCoversSlideAnimations</include>
			<include>WidgetMainMenuSlideAnimations</include>
			<visible>!StringCompare(Skin.String(MainMenuStyle),vertical)</visible>
			<visible>StringCompare(Skin.String(RecordingBox),global) | [IsEmpty(Skin.String(RecordingBox)) + StringCompare(Container(20).ListItem.Property(defaultID),livetv)]</visible>
			<visible>![Window.IsActive(shutdownmenu) | Window.IsActive(playercontrols) | Window.IsActive(selectdialog) | Window.IsActive(virtualkeyboard) | Window.IsActive(favourites) | Window.IsActive(progressdialog) | Window.IsActive(InfoDialog) | Window.IsActive(extendedprogressdialog) | Window.IsActive(ContextMenu) | Window.IsActive(script-globalsearch-main.xml) | Player.HasMedia] + [PVR.IsRecording | PVR.HasNonRecordingTimer]</visible>
			<!--currently recording -->
			<control type="group">
				<include name="FakeFadeSlowLabel">
					<param name="condition">PVR.HasNonRecordingTimer</param>
				</include>
				<visible>PVR.IsRecording</visible>
				<!-- channel icon -->
				<control type="group" id="28">
					<left>45</left>
					<top>527</top>
					<control type="image">
						<left>-110</left>
						<top>-100</top>
						<width>370</width>
						<height>400</height>
						<aspectratio align="center" aligny="center">stretch</aspectratio>
						<texture background="true">views/list/shine.png</texture>
						<animation effect="fade" end="40" reversible="false" condition="true" time="0">Conditional</animation>
					</control>
					<control type="image">
						<left>0</left>
						<top>0</top>
						<width>160</width>
						<height>160</height>
						<aspectratio align="center" aligny="center" scalediffuse="false">stretch</aspectratio>
						<texture background="true" diffuse="thumbs/music_diffuse.png">thumbs/thumb_back.png</texture>
						<fadetime>800</fadetime>
					</control>
					<control type="image">
						<left>0</left>
						<top>0</top>
						<width>160</width>
						<height>160</height>
						<aspectratio align="center" aligny="center" scalediffuse="false">keep</aspectratio>
						<texture background="true" fallback="thumbs/fallback_square.png" diffuse="thumbs/music_diffuse.png">$INFO[PVR.NowRecordingChannelIcon]</texture>
						<fadetime>800</fadetime>
					</control>
					<control type="image">
						<left>-7</left>
						<top>-7</top>
						<width>174</width>
						<height>174</height>
						<aspectratio align="center" aligny="center">stretch</aspectratio>
						<texture background="true">thumbs/music_overlay.png</texture>
						<fadetime>800</fadetime>
					</control>
					<control type="image">
						<left>0</left>
						<top>162</top>
						<width>160</width>
						<height>160</height>
						<aspectratio align="center" aligny="center" scalediffuse="false">keep</aspectratio>
						<texture background="true" fallback="thumbs/fallback_square.png" flipy="true" diffuse="thumbs/music_reflection_diffuse.png">thumbs/thumb_back.png</texture>
						<fadetime>800</fadetime>
						<colordiffuse>a0ffffff</colordiffuse>
					</control>
					<control type="image">
						<left>0</left>
						<top>162</top>
						<width>160</width>
						<height>160</height>
						<aspectratio align="center" aligny="center" scalediffuse="false">keep</aspectratio>
						<texture background="true" fallback="thumbs/fallback_square.png" flipy="true" diffuse="thumbs/music_reflection_diffuse.png">$INFO[PVR.NowRecordingChannelIcon]</texture>
						<fadetime>800</fadetime>
						<colordiffuse>a0ffffff</colordiffuse>
					</control>
				</control>
				<!-- labels -->
				<control type="group" id="30">
					<left>220</left>
					<top>600</top>
					<control type="label">
						<left>0</left>
						<top>0</top>
						<width>300</width>
						<height>33</height>
						<label>$LOCALIZE[19158] ...</label>
						<align>left</align>
						<aligny>center</aligny>
						<font>NotificationsFont</font>
						<textcolor>blue</textcolor>
						<shadowcolor>77000000</shadowcolor>
					</control>
					<control type="label">
						<left>-2</left>
						<top>20</top>
						<width>500</width>
						<height>53</height>
						<label>$INFO[PVR.NowRecordingChannel]</label>
						<align>left</align>
						<aligny>center</aligny>
						<font>FontSize_40</font>
						<textcolor>white</textcolor>
						<shadowcolor>77000000</shadowcolor>
					</control>
					<control type="label">
						<left>0</left>
						<top>60</top>
						<width>480</width>
						<height>35</height>
						<label>$INFO[PVR.NowRecordingTitle]</label>
						<align>left</align>
						<aligny>center</aligny>
						<font>NotificationsFont</font>
						<textcolor>99white</textcolor>
						<shadowcolor>77000000</shadowcolor>
					</control>
				</control>	
			</control>
			<control type="group">
				<visible>PVR.HasNonRecordingTimer</visible>
				<include name="FakeFadeSlowLabel2">
					<param name="condition">PVR.IsRecording</param>
				</include>
				<!-- channel icon -->
				<control type="group" id="28">
					<left>45</left>
					<top>527</top>
					<control type="image">
						<left>-110</left>
						<top>-100</top>
						<width>370</width>
						<height>400</height>
						<aspectratio align="center" aligny="center">stretch</aspectratio>
						<texture background="true">views/list/shine.png</texture>
						<animation effect="fade" end="40" reversible="false" condition="true" time="0">Conditional</animation>
					</control>
					<control type="image">
						<left>0</left>
						<top>0</top>
						<width>160</width>
						<height>160</height>
						<aspectratio align="center" aligny="center" scalediffuse="false">stretch</aspectratio>
						<texture background="true" diffuse="thumbs/music_diffuse.png">thumbs/thumb_back.png</texture>
						<fadetime>800</fadetime>
					</control>
					<control type="image">
						<left>0</left>
						<top>0</top>
						<width>160</width>
						<height>160</height>
						<aspectratio align="center" aligny="center" scalediffuse="false">keep</aspectratio>
						<texture background="true" fallback="thumbs/fallback_square.png" diffuse="thumbs/music_diffuse.png">$INFO[PVR.NextRecordingChannelIcon]</texture>
						<fadetime>800</fadetime>
					</control>
					<control type="image">
						<left>-7</left>
						<top>-7</top>
						<width>174</width>
						<height>174</height>
						<aspectratio align="center" aligny="center">stretch</aspectratio>
						<texture background="true">thumbs/music_overlay.png</texture>
						<fadetime>800</fadetime>
					</control>
					<control type="image">
						<left>0</left>
						<top>162</top>
						<width>160</width>
						<height>160</height>
						<aspectratio align="center" aligny="center" scalediffuse="false">keep</aspectratio>
						<texture background="true" fallback="thumbs/fallback_square.png" flipy="true" diffuse="thumbs/music_reflection_diffuse.png">thumbs/thumb_back.png</texture>
						<fadetime>800</fadetime>
						<colordiffuse>a0ffffff</colordiffuse>
					</control>
					<control type="image">
						<left>0</left>
						<top>162</top>
						<width>160</width>
						<height>160</height>
						<aspectratio align="center" aligny="center" scalediffuse="false">keep</aspectratio>
						<texture background="true" fallback="thumbs/fallback_square.png" flipy="true" diffuse="thumbs/music_reflection_diffuse.png">$INFO[PVR.NextRecordingChannelIcon]</texture>
						<fadetime>800</fadetime>
						<colordiffuse>a0ffffff</colordiffuse>
					</control>
				</control>
				<!-- labels -->
				<control type="group" id="30">
					<left>220</left>
					<top>600</top>
					<control type="label">
						<left>0</left>
						<top>0</top>
						<width>300</width>
						<height>33</height>
						<label>$LOCALIZE[19157] ...</label>
						<align>left</align>
						<aligny>center</aligny>
						<font>NotificationsFont</font>
						<textcolor>blue</textcolor>
						<shadowcolor>77000000</shadowcolor>
					</control>
					<control type="label">
						<left>-2</left>
						<top>20</top>
						<width>500</width>
						<height>53</height>
						<label>$INFO[PVR.NextRecordingChannel]</label>
						<align>left</align>
						<aligny>center</aligny>
						<font>FontSize_40</font>
						<textcolor>white</textcolor>
						<shadowcolor>77000000</shadowcolor>
					</control>
					<control type="label">
						<left>0</left>
						<top>60</top>
						<width>480</width>
						<height>35</height>
						<label>$INFO[PVR.NextRecordingTitle]</label>
						<align>left</align>
						<aligny>center</aligny>
						<font>NotificationsFont</font>
						<textcolor>99white</textcolor>
						<shadowcolor>77000000</shadowcolor>
					</control>
				</control>	
			</control>
		</control>
	</include>

	<!--===========-->
	<!--TopHomeMenu-->
	<!--===========-->
	<include name="TopHomeMenu">
		
		<control type="group">
			<left>45</left>
			<top>25</top>
			<height>50</height>
			<visible>!SubString(Player.Filenameandpath,extras/intro/intro.mp4) + !SubString(Player.Filenameandpath,extras\intro\intro.mp4) + ![Window.IsActive(1113) | Window.IsActive(1114) | Window.IsActive(1115) | Window.IsActive(ShutdownMenu) | [Window.IsActive(ContextMenu) + [Window.IsVisible(Favourites) | Window.IsVisible(playercontrols)]] | Window.IsActive(script-globalsearch-main.xml) | Window.IsActive(Favourites)]</visible>
			<include>HomeSlideAnimations</include>
			<animation effect="slide" time="0" start="0,0" end="50,0" condition="!Skin.HasSetting(HideKodiSymbol)">Conditional</animation>
			<!-- kodi logo -->
			<control type="image">
				<width>50</width>
				<top>2</top>
				<left>-53</left>
				<texture background="true" colordiffuse="blue">kodo-symbol-white.png</texture>
				<aspectratio>keep</aspectratio>
				<visible>!Skin.HasSetting(HideKodiSymbol)</visible>
				<include>HomeSlideAnimations</include>
			</control>
			<!-- top menu -->
			<control type="group">
				<visible>!Skin.HasSetting(DisableTopMenu)</visible>
				<visible>!IsEmpty(Window(home).Property(TopMenuHasFocus)) | Skin.HasSetting(HideLibraryTotals)</visible>
				<animation type="Visible" condition="!Skin.HasSetting(HideLibraryTotals)">
					<effect type="fade" start="0" end="100" time="300" tween="sine" easing="in"  />
					<effect type="slide" start="0,-35" end="0,0" time="350" tween="cubic" easing="out" />
				</animation>
				<animation type="Hidden" condition="!Skin.HasSetting(HideLibraryTotals)">
					<effect type="fade" start="100" end="0" time="300" tween="sine" easing="out" />
					<effect type="slide" start="0,0" end="0,-35" time="350" tween="sine" easing="out" />
				</animation>
				<!-- invisible button controls -->
				<control type="grouplist" id="21">				
					<left>0</left>
					<top>0</top>
					<height>0</height>
					<width>0</width>
					<itemgap>0</itemgap>
					<onleft>21</onleft>
					<onright>21</onright>
					<onup>21</onup>					
					<ondown>21</ondown>
					<align>left</align>
					<orientation>horizontal</orientation>
					<control type="button" id="210">
						<description>Favorites</description>
						<include>TopButton</include>
						<onfocus>ClearProperty(WidgetHasFocus,Home)</onfocus>
						<onfocus>SetProperty(TopMenuHasFocus,1,Home)</onfocus>
						<onclick>SetFocus(20)</onclick>
						<onclick>AlarmClock(TopMenuHasFocus,ClearProperty(TopMenuHasFocus,Home),00:01,silent)</onclick>
						<ondown>ClearProperty(TopMenuHasFocus,Home)</ondown>						
						<ondown>SetFocus(20)</ondown>
						<onback>SetFocus(20)</onback>
						<onback>ClearProperty(TopMenuHasFocus,Home)</onback>
						<onclick>ActivateWindow(favourites)</onclick>
						<visible>!Skin.HasSetting(DisableTopMenu)</visible>
						<visible>!Skin.HasSetting(DisableFavouritesButton)</visible>
					</control>
					<control type="button" id="211">
						<description>Search</description>
						<include>TopButton</include>
						<onfocus>ClearProperty(WidgetHasFocus,Home)</onfocus>
						<onfocus>SetProperty(TopMenuHasFocus,1,Home)</onfocus>
						<ondown>ClearProperty(TopMenuHasFocus,Home)</ondown>
						<onback>ClearProperty(TopMenuHasFocus,Home)</onback>
						<ondown>SetFocus(20)</ondown>
						<onback>SetFocus(20)</onback>
						<onclick>RunScript(script.globalsearch)</onclick>
						<visible>!Skin.HasSetting(DisableTopMenu)</visible>
						<visible>!Skin.HasSetting(DisableSearchButton)</visible>
					</control>
					<control type="button" id="212">
						<description>Refresh Library</description>
						<include>TopButton</include>
						<onfocus>ClearProperty(WidgetHasFocus,Home)</onfocus>
						<onfocus>SetProperty(TopMenuHasFocus,1,Home)</onfocus>
						<ondown>ClearProperty(TopMenuHasFocus,Home)</ondown>
						<onback>ClearProperty(TopMenuHasFocus,Home)</onback>
						<ondown>SetFocus(20)</ondown>
						<onback>SetFocus(20)</onback>
						<onclick>SetProperty(Dialog.1.Label,$LOCALIZE[31059])</onclick>
						<onclick>SetProperty(Dialog.1.BuiltIn,UpdateLibrary(video)||SetFocus(20))</onclick>
						<onclick>SetProperty(Dialog.2.Label,$LOCALIZE[31060])</onclick>
						<onclick>SetProperty(Dialog.2.BuiltIn,UpdateLibrary(music)||SetFocus(20))</onclick>
						<onclick>SetProperty(Dialog.3.Label,$LOCALIZE[31061])</onclick>
						<onclick>SetProperty(Dialog.3.BuiltIn,CleanLibrary(video)||SetFocus(20))</onclick>
						<onclick>SetProperty(Dialog.4.Label,$LOCALIZE[31062])</onclick>
						<onclick>SetProperty(Dialog.4.BuiltIn,CleanLibrary(music)||SetFocus(20))</onclick>
						<onclick>SetProperty(Dialog.5.Label,$LOCALIZE[31093])</onclick>
						<onclick>SetProperty(Dialog.5.BuiltIn,RunScript(script.imdbupdate,movies|top250,hidden)||SetFocus(20))</onclick>
						<onclick>SetProperty(Dialog.6.Label,$LOCALIZE[31190])</onclick>
						<onclick>SetProperty(Dialog.6.BuiltIn,RunScript(script.imdbupdate,mpaa,hidden)||SetFocus(20))</onclick>	
						<onclick>RunScript(script.toolbox,info=selectdialog,header=$LOCALIZE[799])</onclick>
						<visible>!Skin.HasSetting(DisableTopMenu)</visible>
						<visible>!Skin.HasSetting(DisableLibraryRefreshButton)</visible>
					</control>
					<control type="button" id="214">
						<description>Power</description>
						<include>TopButton</include>
						<onfocus>ClearProperty(WidgetHasFocus,Home)</onfocus>
						<onfocus>SetProperty(TopMenuHasFocus,1,Home)</onfocus>
						<ondown>ClearProperty(TopMenuHasFocus,Home)</ondown>
						<onback>ClearProperty(TopMenuHasFocus,Home)</onback>
						<ondown>SetFocus(20)</ondown>
						<onback>SetFocus(20)</onback>
						<onclick>ActivateWindow(shutdownmenu)</onclick>
						<visible>!Skin.HasSetting(DisableTopMenu)</visible>
						<visible>!Skin.HasSetting(DisablePowerButton)</visible>
					</control>
				</control>
				<!-- top menu labels -->
				<control type="grouplist">					
					<left>0</left>
					<top>0</top>
					<height>70</height>
					<width>1190</width>
					<itemgap>20</itemgap>
					<align>left</align>
					<orientation>horizontal</orientation>
					<include>HomeSlideAnimations</include>		
					<control type="label">
						<include>TopBigLabel</include>
						<label>10000</label>
					</control>
					<!--favourite -->
					<control type="label">
						<include>TopSmallLabel</include>
						<label>$LOCALIZE[1036]</label>
						<animation effect="fade" start="100" end="70" time="100" tween="sine" easing="in" condition="!Control.HasFocus(210)" reversible="true">Conditional</animation>
						<animation effect="zoom"  start="100" end="95" time="100" tween="sine" easing="in" center="auto" condition="!Control.HasFocus(210)" reversible="true">Conditional</animation>
						<visible>!Skin.HasSetting(DisableFavouritesButton) + !Skin.HasSetting(IconTopMenuStyle)</visible>
					</control>
					<control type="image">
						<include>TopSmallIcon</include>
						<texture background="true">icons/fav_small.png</texture>
						<animation effect="fade" start="100" end="60" time="100" tween="sine" easing="in" condition="!Control.HasFocus(210)" reversible="true">Conditional</animation>
						<animation effect="zoom"  start="100" end="95" time="100" tween="sine" easing="in" center="auto" condition="!Control.HasFocus(210)" reversible="true">Conditional</animation>
						<visible>!Skin.HasSetting(DisableFavouritesButton) + Skin.HasSetting(IconTopMenuStyle)</visible>
					</control>
					<!--search -->
					<control type="label">
						<include>TopSmallLabel</include>
						<label>$LOCALIZE[137]</label>
						<animation effect="fade" start="100" end="70" time="100" tween="sine" easing="in" condition="!Control.HasFocus(211)" reversible="true">Conditional</animation>
						<animation effect="zoom"  start="100" end="95" time="100" tween="sine" easing="in" center="auto" condition="!Control.HasFocus(211)" reversible="true">Conditional</animation>
						<visible>!Skin.HasSetting(DisableSearchButton) + !Skin.HasSetting(IconTopMenuStyle)</visible>
					</control>
					<control type="image">
						<include>TopSmallIcon</include>
						<texture background="true">icons/search_small.png</texture>
						<animation effect="fade" start="100" end="60" time="100" tween="sine" easing="in" condition="!Control.HasFocus(211)" reversible="true">Conditional</animation>
						<animation effect="zoom"  start="100" end="95" time="100" tween="sine" easing="in" center="auto" condition="!Control.HasFocus(211)" reversible="true">Conditional</animation>
						<visible>!Skin.HasSetting(DisableSearchButton) + Skin.HasSetting(IconTopMenuStyle)</visible>
					</control>
					<!--library update -->
					<control type="label">
						<include>TopSmallLabel</include>
						<label>$LOCALIZE[31385]</label>
						<animation effect="fade" start="100" end="70" time="100" tween="sine" easing="in" condition="!Control.HasFocus(212)" reversible="true">Conditional</animation>
						<animation effect="zoom"  start="100" end="95" time="100" tween="sine" easing="in" center="auto" condition="!Control.HasFocus(212)" reversible="true">Conditional</animation>
						<visible>!Skin.HasSetting(DisableLibraryRefreshButton) + !Skin.HasSetting(IconTopMenuStyle)</visible>
					</control>
					<control type="image">
						<include>TopSmallIcon</include>
						<texture background="true">icons/update_small.png</texture>
						<animation effect="fade" start="100" end="60" time="100" tween="sine" easing="in" condition="!Control.HasFocus(212)" reversible="true">Conditional</animation>
						<animation effect="zoom"  start="100" end="95" time="100" tween="sine" easing="in" center="auto" condition="!Control.HasFocus(212)" reversible="true">Conditional</animation>
						<visible>!Skin.HasSetting(DisableLibraryRefreshButton) + Skin.HasSetting(IconTopMenuStyle)</visible>
					</control>
					<!--power -->
					<control type="label">
						<include>TopSmallLabel</include>
						<label>$LOCALIZE[33060]</label>
						<animation effect="fade" start="100" end="70" time="100" tween="sine" easing="in" condition="!Control.HasFocus(214)" reversible="true">Conditional</animation>
						<animation effect="zoom"  start="100" end="95" time="100" tween="sine" easing="in" center="auto" condition="!Control.HasFocus(214)" reversible="true">Conditional</animation>
						<visible>!Skin.HasSetting(DisablePowerButton) + !Skin.HasSetting(IconTopMenuStyle)</visible>
					</control>				
					<control type="image">
						<include>TopSmallIcon</include>
						<texture background="true">icons/power_small.png</texture>
						<animation effect="fade" start="100" end="60" time="100" tween="sine" easing="in" condition="!Control.HasFocus(214)" reversible="true">Conditional</animation>
						<animation effect="zoom"  start="100" end="95" time="100" tween="sine" easing="in" center="auto" condition="!Control.HasFocus(214)" reversible="true">Conditional</animation>
						<visible>!Skin.HasSetting(DisablePowerButton) + Skin.HasSetting(IconTopMenuStyle)</visible>
					</control>
				</control>
			</control>
			<!-- library stats -->
			<control type="group">
				<visible>!Skin.HasSetting(HideLibraryTotals)</visible>
				<visible>IsEmpty(Window(home).Property(TopMenuHasFocus))</visible>
				<include>HomeSlideAnimations</include>
				<control type="group">
					<left>3</left>
					<top>7</top>
					<width>500</width>
					<animation type="Visible">
						<effect type="fade" start="0" end="100" time="300" tween="sine" easing="in"  />
						<effect type="slide" start="0,35" end="0,0" time="350" tween="cubic" easing="out" />
					</animation>
					<animation type="Hidden">
						<effect type="fade" start="100" end="0" time="300" tween="sine" easing="out" />
						<effect type="slide" start="0,0" end="0,35" time="350" tween="sine" easing="out" />
					</animation>	
					<control type="group">
						<animation type="Conditional" reversible="false" condition="true" loop="true">
							<effect type="fade" start="0" end="100" time="500" delay="0" />
							<effect type="fade" start="100" end="0" time="500" delay="10000" />
							<effect type="fade" start="100" end="0" time="500" delay="20000" />
							<effect type="fade" start="100" end="0" time="500" delay="30000" />
							<effect type="fade" start="100" end="0" time="500" delay="40000" />
						</animation>
						<include name="ParamTopMenuLibraryStats">
							<param name="Label1">$INFO[Window(Home).Property(Movies.Count),$LOCALIZE[20342]: ]</param>
							<param name="Label2">$INFO[Window.Property(LatestMovie.1.Title),[B]$LOCALIZE[31388]:[/B] ] $INFO[Window.Property(LatestMovie.1.Year),(,)]</param>
						</include>							
					</control>
					<control type="group">
						<animation type="Conditional" reversible="false" condition="true" loop="true">
							<effect type="fade" start="0" end="100" time="500" delay="10500" />
							<effect type="fade" start="100" end="0" time="500" delay="20000" />
							<effect type="fade" start="100" end="0" time="500" delay="30000" />
							<effect type="fade" start="100" end="0" time="500" delay="40000" />
						</animation>
						<include name="ParamTopMenuLibraryStats">
							<param name="Label1">$INFO[Window(Home).Property(TVShows.Count),$LOCALIZE[31002]: ]</param>
							<param name="Label2">$INFO[Window.Property(LatestEpisode.1.ShowTitle),[B]$LOCALIZE[31389]:[/B] , - ]$INFO[Window.Property(LatestEpisode.1.EpisodeSeason),,x]$INFO[Window.Property(LatestEpisode.1.EpisodeNumber),,. ]$INFO[Window.Property(LatestEpisode.1.EpisodeTitle)]</param>
						</include>			
					</control>
					<control type="group">
						<animation type="Conditional" reversible="false" condition="true" loop="true">
							<effect type="fade" start="0" end="100" time="500" delay="20500" />
							<effect type="fade" start="100" end="0" time="500" delay="30000" />
							<effect type="fade" start="100" end="0" time="500" delay="40000" />
						</animation>
						<include name="ParamTopMenuLibraryStats">
							<param name="Label1">$INFO[Window(Home).Property(Music.AlbumsCount),$LOCALIZE[132]: ]</param>
							<param name="Label2">$INFO[Window.Property(LatestAlbum.1.Title),[B]$LOCALIZE[31390]:[/B] ,]$INFO[Window.Property(LatestAlbum.1.Artist), - ]</param>
						</include>			
					</control>
					<control type="group">
						<animation type="Conditional" reversible="false" condition="true" loop="true">
							<effect type="fade" start="0" end="100" time="500" delay="30500" />
							<effect type="fade" start="100" end="0" time="500" delay="40000" />
						</animation>
						<include name="ParamTopMenuLibraryStats">
							<param name="Label1">$INFO[Window(Home).Property(Music.SongsCount),$LOCALIZE[134]: ]</param>
							<param name="Label2">$INFO[Window.Property(LatestSong.1.Artist),[B]$LOCALIZE[31391]:[/B] , - ]$INFO[Window.Property(LatestSong.1.Title)]</param>
						</include>			
					</control>			
				</control>		
			</control>
		</control>

		
	</include>

	<include name="ParamTopMenuLibraryStats">
		<control type="label">
			<width>500</width>
			<height>20</height>
			<font>FontSize_18</font>
			<textcolor>blue</textcolor>
			<shadowcolor>55000000</shadowcolor>
			<align>left</align>
			<aligny>center</aligny>
			<label fallback="195">$PARAM[Label1]</label>
		</control>
		<control type="label">
			<top>20</top>		
			<width>500</width>
			<height>20</height>
			<font>FontSize_14</font>
			<textcolor>white</textcolor>
			<shadowcolor>AA000000</shadowcolor>
			<shadowcolor>55000000</shadowcolor>
			<align>left</align>
			<aligny>center</aligny>
			<label fallback="195">$PARAM[Label2]</label>
		</control>
	</include>

</includes>