<?xml version="1.0" encoding="UTF-8"?>
<window>
	<defaultcontrol always="true">8000</defaultcontrol>
	<allowoverlay>no</allowoverlay>
	<backgroundcolor>0</backgroundcolor>
	<onload condition="IsEmpty(Skin.String(QuickNavWidgetMoviesType))">Skin.SetString(QuickNavWidgetMoviesType,1)</onload>
	<onload condition="IsEmpty(Skin.String(QuickNavWidgetMoviesName))">Skin.SetString(QuickNavWidgetMoviesName,$LOCALIZE[31241])</onload>
	<onload condition="IsEmpty(Skin.String(QuickNavWidgetTVShowsType))">Skin.SetString(QuickNavWidgetTVShowsType,1)</onload>
	<onload condition="IsEmpty(Skin.String(QuickNavWidgetTVShowsName))">Skin.SetString(QuickNavWidgetTVShowsName,$LOCALIZE[31242])</onload>
	<onload condition="IsEmpty(Skin.String(QuickNavWidgetMusicType))">Skin.SetString(QuickNavWidgetMusicType,1)</onload>
	<onload condition="IsEmpty(Skin.String(QuickNavWidgetMusicName))">Skin.SetString(QuickNavWidgetMusicName,$LOCALIZE[31243])</onload>
	<onload condition="[System.HasAddon(script.extendedinfo) + IsEmpty(Skin.String(RSSVideoFeedName))]">Skin.SetString(RSSVideoFeedName,Euronews)</onload>
	<onload condition="[System.HasAddon(script.extendedinfo) + IsEmpty(Skin.String(RSSVideoFeedURL))]">Skin.SetString(RSSVideoFeedURL,Euronews)</onload>
	<onunload condition="[stringcompare(Skin.String(RSSVideoFeedName),Custom) + IsEmpty(Skin.String(SearchStringName))]">Skin.SetString(RSSVideoFeedName,Euronews)</onunload>
	<onunload condition="[stringcompare(Skin.String(RSSVideoFeedName),Custom) + IsEmpty(Skin.String(SearchStringURL))]">Skin.SetString(RSSVideoFeedURL,Euronews)</onunload>
	<onunload>ClearProperty(ManageWidgets)</onunload>
	<controls>
		<include>BackgroundItems</include>
		<control type="group">
			<include>Window_OpenClose_Animation</include>
			<visible>![Window.IsActive(PlayerControls) + ![Skin.HasSetting(DisableQuickNav) + !Player.HasMedia]] + !Window.IsActive(virtualkeyboard) + !Window.IsActive(ShutdownMenu) + !Window.IsActive(favourites) + !Window.IsActive(addonsettings) + !Window.IsActive(filebrowser) + !Window.IsActive(yesnodialog) + !Window.IsActive(selectdialog) + !Window.IsActive(DialogSelect.xml) + !Window.IsActive(script-skinshortcuts.xml) + !Window.IsActive(1117) + !Window.IsActive(1118) + !Window.IsActive(1119) + !Window.IsActive(1120)</visible>
			<control type="group">
				<include>Window_OpenClose_Animation</include>
				<control type="image">
					<include>FullscreenDimensions</include>
					<texture background="true">windows/settings/bg_settings.png</texture>
				</control>
			</control>
			<!--========================-->
			<!--== Categories Buttons ==-->
			<!--========================-->
			<control type="group" id="8000">
				<left>100</left>
				<top>166</top>
				<include>Window_OpenClose_Animation</include>
				<control type="list" id="8800">
					<left>0</left>
					<top>0</top>
					<width>295</width>
					<height>420</height>
					<itemgap>2</itemgap>
					<onleft>9000</onleft>
					<onright>8900</onright>
					<onup>8800</onup>
					<ondown>8800</ondown>
					<pagecontrol>-</pagecontrol>
					<movement>8</movement>
					<scrolltime>300</scrolltime>
					<itemlayout height="52" width="295">
						<control type="image">
							<left>0</left>
							<top>0</top>
							<width>295</width>
							<height>50</height>
							<texture>buttons/catbullet_nf.png</texture>
						</control>
						<control type="label">
							<left>40</left>
							<top>0</top>
							<width>295</width>
							<height>50</height>
							<font>FontSize_20</font>
							<textcolor>77white</textcolor>
							<align>left</align>
							<aligny>center</aligny>
							<label>$INFO[ListItem.Label]</label>
						</control>
					</itemlayout>
					<focusedlayout height="52" width="295">
						<control type="image">
							<left>0</left>
							<top>0</top>
							<width>295</width>
							<height>50</height>
							<texture>buttons/catbullet_fo.png</texture>
							<animation effect="fade" start="100" end="50" time="100" condition="!Control.HasFocus(8800)">Conditional</animation>
						</control>
						<control type="label">
							<left>40</left>
							<top>0</top>
							<width>295</width>
							<height>50</height>
							<font>FontSize_20</font>
							<textcolor>white</textcolor>
							<align>left</align>
							<aligny>center</aligny>
							<label>$INFO[ListItem.Label]</label>
						</control>
					</focusedlayout>
					<content>
						<!--General-->
						<item id="1">
							<label>$LOCALIZE[128]</label>
							<onclick>noop</onclick>
						</item>
						<!--menu & widgets-->
						<item id="3">
							<label>$LOCALIZE[31379]</label>
							<onclick>noop</onclick>
						</item>
						<item id="8">
							<label>$LOCALIZE[31049]</label>
							<onclick>noop</onclick>
						</item>
						<!--Backgrounds-->
						<item id="4">
							<label>$LOCALIZE[33069]</label>
							<onclick>noop</onclick>
						</item>
						<!--Views-->
						<item id="5">
							<label>$LOCALIZE[31421]</label>
							<onclick>noop</onclick>
						</item>
						<!--Addons-->
						<item id="6">
							<label>$LOCALIZE[24001]</label>
							<onclick>noop</onclick>
						</item>
						<!--Quick Nav-->
						<item id="7">
							<label>$LOCALIZE[31374]</label>
							<onclick>noop</onclick>
						</item>
						<!--Music Visualisation-->
						<item id="2">
							<label>$LOCALIZE[31310]</label>
							<onclick>noop</onclick>
						</item>
					</content>
				</control>
				<control type="group" id="8900">
					<!--=============-->
					<!--== General ==-->
					<!--=============-->
					<control type="grouplist" id="8100">
						<include>CloseAnimation</include>
						<visible>Container(8800).Hasfocus(1)</visible>
						<left>297</left>
						<top>0</top>
						<width>782</width>
						<height>414</height>
						<itemgap>2</itemgap>
						<pagecontrol>60</pagecontrol>
						<onleft>8800</onleft>
						<onright>9000</onright>
						<onup>8100</onup>
						<ondown>8100</ondown>
						<control type="radiobutton" id="8109">
							<include>SettingsRadioButton</include>
							<label>31014</label>
							<onclick>Skin.Reset(Startup_Playlist_Path)</onclick>
							<onclick>Skin.ToggleSetting(UseIntro)</onclick>
							<selected>Skin.HasSetting(UseIntro)</selected>
						</control>						
						<control type="radiobutton" id="8102">
							<include>SettingsRadioButton</include>
							<label>21398</label>
							<onclick>Skin.Reset(UseIntro)</onclick>
							<onclick>Skin.Reset(Startup_Playlist_Path)</onclick>
							<onclick>Skin.ToggleSetting(Use_Startup_Playlist)</onclick>
							<selected>Skin.HasSetting(Use_Startup_Playlist)</selected>
						</control>						
						<control type="button" id="8103">
							<include>SettingsButton</include>
							<label>• $LOCALIZE[15311]</label>
							<label2>$INFO[Skin.String(Startup_Playlist_Path)]</label2>
							<onclick>Skin.SetFile(Startup_Playlist_Path,.m3u|.xsp,special://profile/playlists/)</onclick>
							<visible>Skin.HasSetting(Use_Startup_Playlist)</visible>
						</control>
						<control type="radiobutton" id="8101">
							<include>SettingsRadioButton</include>
							<label>20189</label>
							<onclick>Skin.ToggleSetting(AutoScroll)</onclick>
							<selected>Skin.HasSetting(AutoScroll)</selected>
						</control>
						<control type="radiobutton" id="8104">
							<include>SettingsRadioButton</include>
							<label>31139</label>
							<onclick>Skin.ToggleSetting(EnableAddonsNotifications)</onclick>
							<selected>Skin.HasSetting(EnableAddonsNotifications)</selected>
						</control>
						<control type="radiobutton" id="8105">
							<include>SettingsRadioButton</include>
							<label>31140</label>
							<onclick>Skin.ToggleSetting(EnableWeatherAlertsNotifications)</onclick>
							<selected>Skin.HasSetting(EnableWeatherAlertsNotifications)</selected>
						</control>
						<control type="radiobutton" id="8108">
							<include>SettingsRadioButton</include>
							<label>31162</label>
							<onclick>Skin.ToggleSetting(EnableKioskMode)</onclick>
							<selected>Skin.HasSetting(EnableKioskMode)</selected>
						</control>
						<control type="radiobutton" id="8106">
							<include>SettingsRadioButton</include>
							<label>31151</label>
							<onclick>Skin.ToggleSetting(EnableGlobalRSS)</onclick>
							<selected>Skin.HasSetting(EnableGlobalRSS)</selected>
							<enable>System.Getbool(lookandfeel.enablerssfeeds)</enable>
						</control>
						<control type="radiobutton" id="8107">
							<include>SettingsRadioButton</include>
							<label>31159</label>
							<onclick>Skin.ToggleSetting(ShowVideoInfo)</onclick>
							<selected>Skin.HasSetting(ShowVideoInfo)</selected>
						</control>
						<control type="radiobutton" id="8110">
							<include>SettingsRadioButton</include>
							<label>31291</label>
							<onclick>Skin.ToggleSetting(ShowSkinDebugTools)</onclick>
							<selected>Skin.HasSetting(ShowSkinDebugTools)</selected>
						</control>
					</control>
					<!--===========-->
					<!--== home ==-->
					<!--===========-->
					<control type="grouplist" id="8300">
						<include>CloseAnimation</include>
						<visible>Container(8800).Hasfocus(3)</visible>
						<left>297</left>
						<top>0</top>
						<width>782</width>
						<height>414</height>
						<itemgap>2</itemgap>
						<pagecontrol>60</pagecontrol>
						<onleft>8800</onleft>
						<onright>9000</onright>
						<onup>8300</onup>
						<ondown>8300</ondown>
						<control type="button" id="8301">
							<description>Home Menu Customizer</description>
							<include>SettingsRadioButton</include>
							<label>$ADDON[script.skinshortcuts 32071]</label>
							<label2>[COLOR=blue]$LOCALIZE[31109][/COLOR]</label2>
							<onclick>RunScript(script.skinshortcuts,type=manage&amp;nolabels=True&amp;group=mainmenu)</onclick>
						</control>
						<control type="radiobutton" id="8320">
							<description>Disable PurpleBar</description>
							<include>SettingsRadioButton</include>
							<label>- $LOCALIZE[31347]</label>
							<onclick>Skin.ToggleSetting(SymbolMainMenu)</onclick>
							<selected>Skin.HasSetting(SymbolMainMenu)</selected>
						</control>
						<control type="radiobutton" id="8302">
							<description>Disable PurpleBar</description>
							<include>SettingsRadioButton</include>
							<label>- $LOCALIZE[31067]</label>
							<onclick>Skin.ToggleSetting(DisablePurpleBar)</onclick>
							<selected>!Skin.HasSetting(DisablePurpleBar)</selected>
						</control>
						<control type="radiobutton" id="8303">
							<description>Lock widget content switch</description>
							<include>SettingsRadioButton</include>
							<label>- $LOCALIZE[31271]</label>
							<onclick>Skin.ToggleSetting(LockWidgetSwitch)</onclick>
							<selected>!Skin.HasSetting(LockWidgetSwitch)</selected>
						</control>
						<control type="radiobutton" id="8304">
							<description>widget counter</description>
							<include>SettingsRadioButton</include>
							<label>- $LOCALIZE[31192]</label>
							<onclick>Skin.ToggleSetting(HideWidgetCounter)</onclick>
							<selected>Skin.HasSetting(HideWidgetCounter)</selected>
						</control>
						<control type="button" id="8305">
							<description>menu position</description>
							<include>SettingsButton</include>
							<label>- $LOCALIZE[31279]</label>
							<label2>[COLOR=selected]$VAR[MenuPositionLabel][/COLOR]</label2>
							<onclick>Skin.ToggleSetting(MoveMenuPosition)</onclick>
							<selected>Skin.HasSetting(MoveMenuPosition)</selected>
						</control>
						<control type="button" id="8306">
							<disabledcolor>55white</disabledcolor>
							<include>SettingsButton</include>
							<label>$LOCALIZE[31110]</label>
							<enable>false</enable>
						</control>
						<control type="radiobutton" id="8307">
							<description>Enable HomeMenu Animation</description>
							<include>SettingsRadioButton</include>
							<label>- $LOCALIZE[31013]</label>
							<onclick>Skin.ToggleSetting(HomeMenuAnimation)</onclick>
							<selected>Skin.HasSetting(HomeMenuAnimation)</selected>
							<enable>!Skin.HasSetting(DisablePurpleBar)</enable>
						</control>
						<control type="radiobutton" id="8308">
							<description>Enable HomeMenu Arrow Animation</description>
							<include>SettingsRadioButton</include>
							<label>- $LOCALIZE[31045]</label>
							<onclick>Skin.ToggleSetting(HomeMenuArrowAnimation)</onclick>
							<selected>Skin.HasSetting(HomeMenuArrowAnimation)</selected>
						</control>
						<control type="radiobutton" id="8309">
							<description>Enable HomeWidget Arrow Animation</description>
							<include>SettingsRadioButton</include>
							<label>- $LOCALIZE[31046]</label>
							<onclick>Skin.ToggleSetting(HomeWidgetArrowAnimation)</onclick>
							<selected>Skin.HasSetting(HomeWidgetArrowAnimation)</selected>
						</control>
						<control type="button" id="8310">
							<disabledcolor>55white</disabledcolor>
							<include>SettingsButton</include>
							<label>$LOCALIZE[31069]</label>
							<enable>false</enable>
						</control>
						<control type="radiobutton" id="8311">
							<description>Hide Home NP VideoInfo</description>
							<include>SettingsRadioButton</include>
							<label>- $LOCALIZE[31104]</label>
							<onclick>Skin.ToggleSetting(HideHomeNPCovers)</onclick>
							<selected>Skin.HasSetting(HideHomeNPCovers)</selected>
						</control>
						<control type="radiobutton" id="8312">
							<description>Enable Kodi Icon</description>
							<include>SettingsRadioButton</include>
							<label>- $LOCALIZE[31108]</label>
							<onclick>Skin.ToggleSetting(ShowKodiSymbol)</onclick>
							<selected>!Skin.HasSetting(ShowKodiSymbol)</selected>
						</control>
						<control type="radiobutton" id="8313">
							<description>Hide Library Details</description>
							<include>SettingsRadioButton</include>
							<label>- $LOCALIZE[31127]</label>
							<onclick>Skin.ToggleSetting(HideLibraryStats)</onclick>
							<selected>!Skin.HasSetting(HideLibraryStats)</selected>
						</control>
						<control type="radiobutton" id="8314">
							<description>Hide Library Totals</description>
							<include>SettingsRadioButton</include>
							<label>- $LOCALIZE[31161]</label>
							<onclick>Skin.ToggleSetting(ShowLibraryTotals)</onclick>
							<selected>Skin.HasSetting(ShowLibraryTotals)</selected>
						</control>
						<control type="radiobutton" id="8315">
							<description>Disable libary refresh button</description>
							<include>SettingsRadioButton</include>
							<label>- $LOCALIZE[31064]</label>
							<onclick>Skin.ToggleSetting(DisableLibraryRefreshButton)</onclick>
							<selected>!Skin.HasSetting(DisableLibraryRefreshButton)</selected>
						</control>
						<control type="button" id="8316">
							<include>SettingsButton</include>
							<label>- $LOCALIZE[31297]</label>
							<label2>[COLOR=selected]$VAR[RecordingBoxLabel][/COLOR]</label2>
							<onclick>SetProperty(Dialog.1.Label,$LOCALIZE[34122])</onclick>
							<onclick>SetProperty(Dialog.1.BuiltIn,Skin.SetString(RecordingBox,global))</onclick>
							<onclick>SetProperty(Dialog.2.Label,$LOCALIZE[31298])</onclick>
							<onclick>SetProperty(Dialog.2.BuiltIn,Skin.Reset(RecordingBox))</onclick>
							<onclick>SetProperty(Dialog.3.Label,$LOCALIZE[13113])</onclick>
							<onclick>SetProperty(Dialog.3.BuiltIn,Skin.SetString(RecordingBox,disabled))</onclick>
							<onclick>RunScript(script.toolbox,info=selectdialog,header=$LOCALIZE[31297])</onclick>
						</control>
						<control type="radiobutton" id="8317">
							<description>Hide Small Rec Info</description>
							<include>SettingsRadioButton</include>
							<label>- $LOCALIZE[31336]</label>
							<onclick>Skin.ToggleSetting(HideSmallRecInfo)</onclick>
							<selected>!Skin.HasSetting(HideSmallRecInfo)</selected>
						</control>
					</control>
					<!--==============================-->
					<!--==== widget section  ====-->
					<!--==============================-->
					<control type="grouplist" id="8500">
						<include>CloseAnimation</include>
						<visible>Container(8800).Hasfocus(8)</visible>
						<left>297</left>
						<top>0</top>
						<width>782</width>
						<height>414</height>
						<itemgap>2</itemgap>
						<pagecontrol>60</pagecontrol>
						<onleft>8800</onleft>
						<onright>9000</onright>
						<onup>8500</onup>
						<ondown>8500</ondown>
						<!-- RunScript(script.favourites,property=CustomFavourite1) -->
						<!--custom widgets-->
						<control type="button" id="8500">
							<disabledcolor>55white</disabledcolor>
							<include>SettingsButton</include>
							<label>$LOCALIZE[31177]</label>
							<enable>false</enable>
						</control>
						<control type="button" id="8501">
							<include>SettingsButton</include>
							<label>- $LOCALIZE[31380] #1</label>
							<label2>[COLOR=selected]$VAR[CustomWidgetLabel1][/COLOR]</label2>
							<onclick>SetProperty(EditCustomWidgets,widgetgroup1,SkinSettings)</onclick>
							<onclick>ActivateWindow(1120)</onclick>
						</control>
						<control type="button" id="8502">
							<include>SettingsButton</include>
							<label>- $LOCALIZE[31380] #2</label>
							<label2>[COLOR=selected]$VAR[CustomWidgetLabel2][/COLOR]</label2>
							<onclick>SetProperty(EditCustomWidgets,widgetgroup2,SkinSettings)</onclick>
							<onclick>ActivateWindow(1120)</onclick>
						</control>
						<control type="button" id="8503">
							<include>SettingsButton</include>
							<label>- $LOCALIZE[31380] #3</label>
							<label2>[COLOR=selected]$VAR[CustomWidgetLabel3][/COLOR]</label2>
							<onclick>SetProperty(EditCustomWidgets,widgetgroup3,SkinSettings)</onclick>
							<onclick>ActivateWindow(1120)</onclick>
						</control>
						<control type="button" id="8504">
							<include>SettingsButton</include>
							<label>- $LOCALIZE[31380] #4</label>
							<label2>[COLOR=selected]$VAR[CustomWidgetLabel4][/COLOR]</label2>							
							<onclick>SetProperty(EditCustomWidgets,widgetgroup4,SkinSettings)</onclick>
							<onclick>ActivateWindow(1120)</onclick>
						</control>
						<!--common widgets-->
						<control type="button" id="8505">
							<disabledcolor>55white</disabledcolor>
							<include>SettingsButton</include>
							<label>$LOCALIZE[31178]</label>
							<enable>false</enable>
						</control>
						<control type="button" id="8506">
							<include>SettingsButton</include>
							<label>- $LOCALIZE[31094]</label>
							<label2>[COLOR=selected]$VAR[QuickNavSettingsMovieName][/COLOR]</label2>
							<onclick>SetProperty(Dialog.1.Label,$LOCALIZE[31241])</onclick>
							<onclick>SetProperty(Dialog.1.BuiltIn,Skin.SetString(QuickNavWidgetMoviesType,1))</onclick>
							<onclick>SetProperty(Dialog.2.Label,$LOCALIZE[342] $LOCALIZE[575])</onclick>
							<onclick>SetProperty(Dialog.2.BuiltIn,Skin.SetString(QuickNavWidgetMoviesType,2))</onclick>
							<onclick>SetProperty(Dialog.3.Label,$LOCALIZE[31248])</onclick>
							<onclick>SetProperty(Dialog.3.BuiltIn,Skin.SetString(QuickNavWidgetMoviesType,3))</onclick>
							<onclick>SetProperty(Dialog.4.Label,$LOCALIZE[31256])</onclick>
							<onclick>SetProperty(Dialog.4.BuiltIn,Skin.SetString(QuickNavWidgetMoviesType,4))</onclick>
							<onclick>SetProperty(Dialog.5.Label,$LOCALIZE[31257])</onclick>
							<onclick>SetProperty(Dialog.5.BuiltIn,Skin.SetString(QuickNavWidgetMoviesType,5))</onclick>
							<onclick>SetProperty(Dialog.6.Label,$LOCALIZE[31269])</onclick>
							<onclick>SetProperty(Dialog.6.BuiltIn,Skin.SetString(QuickNavWidgetMoviesType,6))</onclick>
							<onclick>SetProperty(Dialog.7.Label,$LOCALIZE[31263])</onclick>
							<onclick>SetProperty(Dialog.7.BuiltIn,Skin.SetString(QuickNavWidgetMoviesType,7))</onclick>
							<onclick>RunScript(script.toolbox,info=selectdialog,header=$LOCALIZE[31094])</onclick>
						</control>
						<control type="button" id="8507">
							<include>SettingsButton</include>
							<label>- $LOCALIZE[31095]</label>
							<label2>[COLOR=selected]$VAR[QuickNavSettingsTVShowName][/COLOR]</label2>
							<onclick>SetProperty(Dialog.1.Label,$LOCALIZE[31242])</onclick>
							<onclick>SetProperty(Dialog.1.BuiltIn,Skin.SetString(QuickNavWidgetTVShowsType,1))</onclick>
							<onclick>SetProperty(Dialog.2.Label,$LOCALIZE[31002] $LOCALIZE[575])</onclick>
							<onclick>SetProperty(Dialog.2.BuiltIn,Skin.SetString(QuickNavWidgetTVShowsType,2))</onclick>
							<onclick>SetProperty(Dialog.3.Label,$LOCALIZE[31248])</onclick>
							<onclick>SetProperty(Dialog.3.BuiltIn,Skin.SetString(QuickNavWidgetTVShowsType,3))</onclick>
							<onclick>SetProperty(Dialog.4.Label,$LOCALIZE[31258])</onclick>
							<onclick>SetProperty(Dialog.4.BuiltIn,Skin.SetString(QuickNavWidgetTVShowsType,4))</onclick>
							<onclick>SetProperty(Dialog.5.Label,$LOCALIZE[31270])</onclick>
							<onclick>SetProperty(Dialog.5.BuiltIn,Skin.SetString(QuickNavWidgetTVShowsType,5))</onclick>
							<onclick>RunScript(script.toolbox,info=selectdialog,header=$LOCALIZE[31095])</onclick>
						</control>
						<control type="button" id="8508">
							<include>SettingsButton</include>
							<label>- $LOCALIZE[31096]</label>
							<label2>[COLOR=selected]$VAR[QuickNavSettingsMusicName][/COLOR]</label2>
							<onclick>SetProperty(Dialog.1.Label,$LOCALIZE[31243])</onclick>
							<onclick>SetProperty(Dialog.1.BuiltIn,Skin.SetString(QuickNavWidgetMusicType,1))</onclick>
							<onclick>SetProperty(Dialog.2.Label,$LOCALIZE[2] $LOCALIZE[575])</onclick>
							<onclick>SetProperty(Dialog.2.BuiltIn,Skin.SetString(QuickNavWidgetMusicType,2))</onclick>
							<onclick>SetProperty(Dialog.3.Label,$LOCALIZE[31249])</onclick>
							<onclick>SetProperty(Dialog.3.BuiltIn,Skin.SetString(QuickNavWidgetMusicType,3))</onclick>
							<onclick>SetProperty(Dialog.4.Label,$LOCALIZE[31259])</onclick>
							<onclick>SetProperty(Dialog.4.BuiltIn,Skin.SetString(QuickNavWidgetMusicType,4))</onclick>
							<onclick>SetProperty(Dialog.5.Label,$LOCALIZE[517])</onclick>
							<onclick>SetProperty(Dialog.5.BuiltIn,Skin.SetString(QuickNavWidgetMusicType,5))</onclick>
							<onclick>RunScript(script.toolbox,info=selectdialog,header=$LOCALIZE[31096])</onclick>
						</control>
						<control type="button" id="8509">
							<include>SettingsButton</include>
							<label>- $LOCALIZE[31288]</label>
							<label2>[COLOR=selected]$VAR[QuickNavSettingsTuneInName][/COLOR]</label2>
							<onclick>SetProperty(Dialog.1.Label,$LOCALIZE[31286])</onclick>
							<onclick>SetProperty(Dialog.1.BuiltIn,Skin.SetString(QuickNavWidgetTuneInType,1))</onclick>
							<onclick>SetProperty(Dialog.2.Label,$LOCALIZE[31287])</onclick>
							<onclick>SetProperty(Dialog.2.BuiltIn,Skin.SetString(QuickNavWidgetTuneInType,2))</onclick>
							<onclick>SetProperty(Dialog.3.Label,$LOCALIZE[31292])</onclick>
							<onclick>SetProperty(Dialog.3.BuiltIn,Skin.SetString(QuickNavWidgetTuneInType,3))</onclick>
							<onclick>RunScript(script.toolbox,info=selectdialog,header=$LOCALIZE[31288])</onclick>
							<visible>System.HasAddon(plugin.audio.tuneinradio)</visible>
						</control>
						<control type="button" id="8510">
							<include>SettingsButton</include>
							<label>- $LOCALIZE[31105] $LOCALIZE[31058]</label>
							<label2>[COLOR=selected]$VAR[QuickNavSettingsAmazonDBName][/COLOR]</label2>
							<!--watchlist movies-->
							<onclick>SetProperty(Dialog.1.Label,$LOCALIZE[31055]: $LOCALIZE[36901])</onclick>
							<onclick>SetProperty(Dialog.1.BuiltIn,Skin.SetString(QuickNavWidgetAmazonDBType,1))</onclick>
							<!--watchlist tvshows-->
							<onclick>SetProperty(Dialog.2.Label,$LOCALIZE[31055]: $LOCALIZE[36903])</onclick>
							<onclick>SetProperty(Dialog.2.BuiltIn,Skin.SetString(QuickNavWidgetAmazonDBType,2))</onclick>
							<!--new movies-->
							<onclick>SetProperty(Dialog.3.Label,$LOCALIZE[31241])</onclick>
							<onclick>SetProperty(Dialog.3.BuiltIn,Skin.SetString(QuickNavWidgetAmazonDBType,3))</onclick>
							<!--new shows-->
							<onclick>SetProperty(Dialog.4.Label,$LOCALIZE[31242])</onclick>
							<onclick>SetProperty(Dialog.4.BuiltIn,Skin.SetString(QuickNavWidgetAmazonDBType,4))</onclick>
							<!--popular movies-->
							<onclick>SetProperty(Dialog.5.Label,$LOCALIZE[31257])</onclick>
							<onclick>SetProperty(Dialog.5.BuiltIn,Skin.SetString(QuickNavWidgetAmazonDBType,5)</onclick>
							<!--popular shows-->
							<onclick>SetProperty(Dialog.6.Label,$LOCALIZE[31258])</onclick>
							<onclick>SetProperty(Dialog.6.BuiltIn,Skin.SetString(QuickNavWidgetAmazonDBType,6))</onclick>
							<onclick>RunScript(script.toolbox,info=selectdialog,header=$LOCALIZE[31052] $LOCALIZE[31058])</onclick>
							<visible>System.HasAddon(plugin.video.amazon)</visible>
						</control>
						<control type="button" id="8511">
							<include>SettingsButton</include>
							<label>- $LOCALIZE[31106] $LOCALIZE[31058]</label>
							<label2>[COLOR=selected]$VAR[QuickNavSettingsAmazonName][/COLOR]</label2>
							<!--watchlist movies-->
							<onclick>SetProperty(Dialog.1.Label,$LOCALIZE[31055]: $LOCALIZE[36901])</onclick>
							<onclick>SetProperty(Dialog.1.BuiltIn,Skin.SetString(QuickNavWidgetAmazonType,1))</onclick>
							<!--watchlist shows-->
							<onclick>SetProperty(Dialog.2.Label,$LOCALIZE[31055]: $LOCALIZE[36903])</onclick>
							<onclick>SetProperty(Dialog.2.BuiltIn,Skin.SetString(QuickNavWidgetAmazonType,2))</onclick>
							<!--new movies-->
							<onclick>SetProperty(Dialog.3.Label,$LOCALIZE[31241])</onclick>
							<onclick>SetProperty(Dialog.3.BuiltIn,Skin.SetString(QuickNavWidgetAmazonType,3))</onclick>
							<!--new shows-->
							<onclick>SetProperty(Dialog.4.Label,$LOCALIZE[31242])</onclick>
							<onclick>SetProperty(Dialog.4.BuiltIn,Skin.SetString(QuickNavWidgetAmazonType,4))</onclick>
							<!--popular movies-->
							<onclick>SetProperty(Dialog.5.Label,$LOCALIZE[31257])</onclick>
							<onclick>SetProperty(Dialog.5.BuiltIn,Skin.SetString(QuickNavWidgetAmazonType,5))</onclick>
							<!--popular shows-->
							<onclick>SetProperty(Dialog.6.Label,$LOCALIZE[31258])</onclick>
							<onclick>SetProperty(Dialog.6.BuiltIn,Skin.SetString(QuickNavWidgetAmazonType,6))</onclick>
							<onclick>RunScript(script.toolbox,info=selectdialog,header=$LOCALIZE[31052] $LOCALIZE[31058])</onclick>
							<visible>System.HasAddon(plugin.video.prime_instant)</visible>
						</control>						
						<control type="button" id="8513">
							<include>SettingsButton</include>
							<label>- YouTube $LOCALIZE[31058]</label>
							<label2>[COLOR=selected]$VAR[QuickNavSettingsYouTubeName][/COLOR]</label2>
							<onclick>SetProperty(Dialog.1.Label,$LOCALIZE[31112])</onclick>
							<onclick>SetProperty(Dialog.1.BuiltIn,Skin.SetString(QuickNavWidgetYouTubeType,1))</onclick>
							<onclick>SetProperty(Dialog.2.Label,$LOCALIZE[31113])</onclick>
							<onclick>SetProperty(Dialog.2.BuiltIn,Skin.SetString(QuickNavWidgetYouTubeType,2))</onclick>
							<onclick>SetProperty(Dialog.3.Label,$LOCALIZE[31114])</onclick>
							<onclick>SetProperty(Dialog.3.BuiltIn,Skin.SetString(QuickNavWidgetYouTubeType,3))</onclick>
							<onclick>SetProperty(Dialog.4.Label,$LOCALIZE[31115])</onclick>
							<onclick>SetProperty(Dialog.4.BuiltIn,Skin.SetString(QuickNavWidgetYouTubeType,4)</onclick>
							<onclick>RunScript(script.toolbox,info=selectdialog,header=YouTube $LOCALIZE[31058])</onclick>
							<visible>System.HasAddon(plugin.video.youtube)</visible>
						</control>
						<control type="button" id="8512">
							<include>SettingsButton</include>
							<label>- $LOCALIZE[31097]</label>
							<label2>[COLOR=selected]$INFO[Skin.String(RSSVideoFeedURL)][/COLOR]</label2>
							<onclick>SetProperty(Dialog.1.Label,Custom)</onclick>
							<onclick>SetProperty(Dialog.1.BuiltIn,Skin.SetString(SearchStringURL)||Skin.SetString(RSSVideoFeedName,Custom)||Skin.SetString(RSSVideoFeedURL,Custom))</onclick>
							<onclick>SetProperty(Dialog.2.Label,GameTrailers)</onclick>
							<onclick>SetProperty(Dialog.2.BuiltIn,Skin.SetString(RSSVideoFeedURL,GameTrailers)||Skin.SetString(RSSVideoFeedName,GameTrailers))</onclick>
							<onclick>SetProperty(Dialog.3.Label,NBA)</onclick>
							<onclick>SetProperty(Dialog.3.BuiltIn,Skin.SetString(RSSVideoFeedURL,NBA)||Skin.SetString(RSSVideoFeedName,NBA))</onclick>
							<onclick>SetProperty(Dialog.4.Label,Comedy Central)</onclick>
							<onclick>SetProperty(Dialog.4.BuiltIn,Skin.SetString(RSSVideoFeedURL,Comedy Central)||Skin.SetString(RSSVideoFeedName,Comedy Central))</onclick>
							<onclick>SetProperty(Dialog.5.Label,Funny Or Die)</onclick>
							<onclick>SetProperty(Dialog.5.BuiltIn,Skin.SetString(RSSVideoFeedURL,Funny Or Die)||Skin.SetString(RSSVideoFeedName,Funny Or Die))</onclick>
							<onclick>SetProperty(Dialog.6.Label,VEVO)</onclick>
							<onclick>SetProperty(Dialog.6.BuiltIn,Skin.SetString(RSSVideoFeedURL,VEVO)||Skin.SetString(RSSVideoFeedName,VEVO))</onclick>
							<onclick>SetProperty(Dialog.7.Label,VH1)</onclick>
							<onclick>SetProperty(Dialog.7.BuiltIn,Skin.SetString(RSSVideoFeedURL,VH1)||Skin.SetString(RSSVideoFeedName,VH1))</onclick>
							<onclick>SetProperty(Dialog.8.Label,TEDx Talks)</onclick>
							<onclick>SetProperty(Dialog.8.BuiltIn,Skin.SetString(RSSVideoFeedURL,TEDx Talks)||Skin.SetString(RSSVideoFeedName,TEDx Talks))</onclick>
							<onclick>SetProperty(Dialog.9.Label,The Ellen Show)</onclick>
							<onclick>SetProperty(Dialog.9.BuiltIn,Skin.SetString(RSSVideoFeedURL,The Ellen Show)||Skin.SetString(RSSVideoFeedName,The Ellen Show))</onclick>
							<onclick>SetProperty(Dialog.10.Label,TMZ)</onclick>
							<onclick>SetProperty(Dialog.10.BuiltIn,Skin.SetString(RSSVideoFeedURL,TMZ)||Skin.SetString(RSSVideoFeedName,TMZ))</onclick>
							<onclick>SetProperty(Dialog.11.Label,Vice)</onclick>
							<onclick>SetProperty(Dialog.11.BuiltIn,Skin.SetString(RSSVideoFeedURL,Vice)||Skin.SetString(RSSVideoFeedName,Vice))</onclick>
							<onclick>SetProperty(Dialog.12.Label,BBC News)</onclick>
							<onclick>SetProperty(Dialog.12.BuiltIn,Skin.SetString(RSSVideoFeedURL,BBC News)||Skin.SetString(RSSVideoFeedName,BBC News))</onclick>
							<onclick>SetProperty(Dialog.13.Label,Euronews)</onclick>
							<onclick>SetProperty(Dialog.13.BuiltIn,Skin.SetString(RSSVideoFeedURL,Euronews)||Skin.SetString(RSSVideoFeedName,Euronews))</onclick>
							<onclick>RunScript(script.toolbox,info=selectdialog,header=$LOCALIZE[31097])</onclick>
						</control>
					</control>
					<!--=================-->
					<!--== Backgrounds ==-->
					<!--=================-->
					<control type="grouplist" id="8400">
						<include>CloseAnimation</include>
						<visible>Container(8800).Hasfocus(4)</visible>
						<left>297</left>
						<top>0</top>
						<width>782</width>
						<height>414</height>
						<itemgap>2</itemgap>
						<pagecontrol>60</pagecontrol>
						<onleft>8800</onleft>
						<onright>9000</onright>
						<onup>8400</onup>
						<ondown>8400</ondown>
						<control type="button" id="8401">
							<include>SettingsButton</include>
							<label>31183</label>
							<label2>[COLOR=selected]$VAR[BackgroundAnimationLabels][/COLOR]</label2>
							<selected>!IsEmpty(Skin.String(BG-Animation))</selected>
							<onclick>SetProperty(Dialog.1.Label,$LOCALIZE[31184])</onclick>
							<onclick>SetProperty(Dialog.1.BuiltIn,Skin.SetString(BG-Animation,global))</onclick>
							<onclick>SetProperty(Dialog.2.Label,$LOCALIZE[31186])</onclick>
							<onclick>SetProperty(Dialog.2.BuiltIn,Skin.SetString(BG-Animation,windows))</onclick>
							<onclick>SetProperty(Dialog.3.Label,$LOCALIZE[31185])</onclick>
							<onclick>SetProperty(Dialog.3.BuiltIn,Skin.SetString(BG-Animation,home))</onclick>
							<onclick>SetProperty(Dialog.4.Label,$LOCALIZE[31066])</onclick>
							<onclick>SetProperty(Dialog.4.BuiltIn,Skin.Reset(BG-Animation,3))</onclick>
							<onclick>RunScript(script.toolbox,info=selectdialog,header=$LOCALIZE[31183])</onclick>
						</control>
						<control type="radiobutton" id="8402">
							<include>SettingsRadioButton</include>
							<label>31130</label>
							<onclick>Skin.ToggleSetting(HideBGFanart)</onclick>
							<selected>Skin.HasSetting(HideBGFanart)</selected>
						</control>
						<control type="radiobutton" id="8403">
							<include>SettingsRadioButton</include>
							<label>31051</label>
							<onclick>Skin.ToggleSetting(ViewsExtraFanart)</onclick>
							<selected>Skin.HasSetting(ViewsExtraFanart)</selected>
							<enable>!Skin.HasSetting(HideBGFanart)</enable>
						</control>
						<control type="radiobutton" id="8404">
							<include>SettingsRadioButton</include>
							<label>31116</label>
							<onclick>Skin.ToggleSetting(DiffuseWidgetFanart)</onclick>
							<selected>Skin.HasSetting(DiffuseWidgetFanart)</selected>
							<enable>!Skin.HasSetting(HideBGFanart)</enable>
						</control>
						<control type="radiobutton" id="8405">
							<include>SettingsRadioButton</include>
							<label>31132</label>
							<onclick>Skin.ToggleSetting(HideBGVideo)</onclick>
							<selected>Skin.HasSetting(HideBGVideo)</selected>
						</control>
						<control type="radiobutton" id="8406">
							<include>SettingsRadioButton</include>
							<label>31133</label>
							<onclick>Skin.ToggleSetting(CustomBackground)</onclick>
							<selected>Skin.HasSetting(CustomBackground)</selected>
						</control>
						<control type="button" id="8407">
							<include>SettingsButton</include>
							<label>- $LOCALIZE[31135]</label>
							<label2>[COLOR=selected]$INFO[Skin.String(CustomImageBackgroundPath)][/COLOR]</label2>
							<onclick>Skin.Reset(CustomFolderBackgroundPath)</onclick>
							<onclick>Skin.SetImage(CustomImageBackgroundPath)</onclick>
							<visible>Skin.HasSetting(CustomBackground)</visible>
						</control>
						<control type="button" id="8408">
							<include>SettingsButton</include>
							<label>- $LOCALIZE[31136]</label>
							<label2>[COLOR=selected]$INFO[Skin.String(CustomFolderBackgroundPath)][/COLOR]</label2>
							<onclick>Skin.Reset(CustomImageBackgroundPath)</onclick>
							<onclick>Skin.SetPath(CustomFolderBackgroundPath)</onclick>
							<visible>Skin.HasSetting(CustomBackground)</visible>
						</control>
						<control type="radiobutton" id="8409">
							<include>SettingsRadioButton</include>
							<label>- $LOCALIZE[31131]</label>
							<onclick>Skin.ToggleSetting(ShowCustomBackgroundOnHomeOnly)</onclick>
							<selected>Skin.HasSetting(ShowCustomBackgroundOnHomeOnly)</selected>
							<visible>Skin.HasSetting(CustomBackground)</visible>
							<enable>!IsEmpty(Skin.String(CustomFolderBackgroundPath))</enable>
						</control>
						<control type="button" id="8410">
							<include>SettingsButton</include>
							<label>$LOCALIZE[31299]</label>
							<label2>[COLOR=selected]$VAR[SettingsConditionalWeatherLabels][/COLOR]</label2>							
							<onclick>SetProperty(Dialog.1.Label,$LOCALIZE[31318])</onclick>
							<onclick>SetProperty(Dialog.1.BuiltIn,Skin.SetString(ConditionalWeatherArt,Extrapack)||Skin.SetString(WeatherFanartDir,special://profile/addon_data/skin.bellofredo.extrapack/weatherfanarts/))</onclick>
							<onclick>SetProperty(Dialog.2.Label,$LOCALIZE[31136])</onclick>
							<onclick>SetProperty(Dialog.2.BuiltIn,Skin.SetString(ConditionalWeatherArt,MultiImage)||Skin.SetPath(WeatherFanartDir))</onclick>
							<onclick>SetProperty(Dialog.3.Label,$LOCALIZE[13106])</onclick>
							<onclick>SetProperty(Dialog.3.BuiltIn,Skin.Reset(ConditionalWeatherArt)||Skin.Reset(WeatherFanartDir))</onclick>
							<onclick>RunScript(script.toolbox,info=selectdialog,header=$LOCALIZE[31299])</onclick>
						</control>
					</control>
					<!--===========-->
					<!--== Views ==-->
					<!--===========-->
					<control type="grouplist" id="8500">
						<include>CloseAnimation</include>
						<visible>Container(8800).Hasfocus(5)</visible>
						<left>297</left>
						<top>0</top>
						<width>782</width>
						<height>414</height>
						<itemgap>2</itemgap>
						<pagecontrol>60</pagecontrol>
						<onleft>8800</onleft>
						<onright>9000</onright>
						<onup>8500</onup>
						<ondown>8500</ondown>				
						<control type="button" id="8501">
							<disabledcolor>55white</disabledcolor>
							<include>SettingsButton</include>
							<label>$LOCALIZE[31179]</label>
							<enable>false</enable>
						</control>
						<!--Video Views-->
						<control type="button" id="8502">
							<description>Hide Video Views</description>
							<include>SettingsButton</include>
							<label>- $LOCALIZE[31156]</label>
							<onclick>SetProperty(ManageButtons,managevideoviews)</onclick>
							<onclick>ActivateWindow(1118)</onclick>
						</control>
						<!--Music Views-->
						<control type="button" id="8503">
							<description>Hide Music Views</description>
							<include>SettingsButton</include>
							<label>- $LOCALIZE[31157]</label>
							<onclick>SetProperty(ManageButtons,managemusicviews)</onclick>
							<onclick>ActivateWindow(1118)</onclick>
						</control>											
						<control type="button" id="8504">
							<disabledcolor>55white</disabledcolor>
							<include>SettingsButton</include>
							<label>$LOCALIZE[31180]</label>
							<enable>false</enable>
						</control>
						<control type="button" id="8505">
							<include>SettingsButton</include>
							<label>- $LOCALIZE[31119]</label>
							<label2>[CAPITALIZE][COLOR=selected]$INFO[Skin.String(WatchedFlag)][/COLOR][/CAPITALIZE]</label2>
							<onclick>SetProperty(Dialog.1.Label,$LOCALIZE[31120])</onclick>
							<onclick>SetProperty(Dialog.1.BuiltIn,Skin.SetString(WatchedFlag,unwatched))</onclick>
							<onclick>SetProperty(Dialog.2.Label,$LOCALIZE[31121])</onclick>
							<onclick>SetProperty(Dialog.2.BuiltIn,Skin.SetString(WatchedFlag,watched))</onclick>
							<onclick>SetProperty(Dialog.3.Label,$LOCALIZE[31122])</onclick>
							<onclick>SetProperty(Dialog.3.BuiltIn,Skin.SetString(WatchedFlag,hidden))</onclick>
							<onclick>RunScript(script.toolbox,info=selectdialog,header=$LOCALIZE[31119])</onclick>
						</control>		
						<!--IMDb Rating Update-->
						<control type="button" id="8506">
							<description>IMDb Rating Updater</description>
							<label>- $LOCALIZE[31092]</label>
							<include>SettingsButton</include>
							<label2>[COLOR=selected]$VAR[IMDbUpdateLabels][/COLOR]</label2>
							<onclick>SetProperty(Dialog.1.Label,$LOCALIZE[31187] / $LOCALIZE[31188] / $LOCALIZE[31189])</onclick>
							<onclick>SetProperty(Dialog.1.BuiltIn,Skin.SetString(AutoUpdateRatings,all))</onclick>
							<onclick>SetProperty(Dialog.2.Label,$LOCALIZE[31187] / $LOCALIZE[31188])</onclick>
							<onclick>SetProperty(Dialog.2.BuiltIn,Skin.SetString(AutoUpdateRatings,onlymovies))</onclick>
							<onclick>SetProperty(Dialog.3.Label,$LOCALIZE[31187])</onclick>
							<onclick>SetProperty(Dialog.3.BuiltIn,Skin.SetString(AutoUpdateRatings,top250))</onclick>
							<onclick>SetProperty(Dialog.4.Label,$LOCALIZE[31188])</onclick>
							<onclick>SetProperty(Dialog.4.BuiltIn,Skin.SetString(AutoUpdateRatings,movies))</onclick>
							<onclick>SetProperty(Dialog.5.Label,$LOCALIZE[31189])</onclick>
							<onclick>SetProperty(Dialog.5.BuiltIn,Skin.SetString(AutoUpdateRatings,mpaa))</onclick>
							<onclick>SetProperty(Dialog.6.Label,$LOCALIZE[31066])</onclick>
							<onclick>SetProperty(Dialog.6.BuiltIn,Skin.Reset(AutoUpdateRatings))</onclick>
							<onclick>RunScript(script.toolbox,info=selectdialog,header=$LOCALIZE[31191])</onclick>
							<enable>System.HasAddon(script.imdbupdate)</enable>
						</control>
						<!--Artwork Downloader-->
						<control type="radiobutton" id="8507">
							<description>Artwork Downloader</description>
							<include>SettingsRadioButton</include>
							<label>- $LOCALIZE[31047]</label>
							<onclick>Skin.ToggleSetting(AutoUpdateArt)</onclick>
							<selected>Skin.HasSetting(AutoUpdateArt)</selected>
							<enable>System.HasAddon(script.artwork.downloader)</enable>
						</control>																	
						<control type="button" id="8508">
							<disabledcolor>55white</disabledcolor>
							<include>SettingsButton</include>
							<label>$LOCALIZE[31181]</label>
							<enable>false</enable>
						</control>
						<control type="button" id="8509">
							<include>SettingsButton</include>
							<label>- $LOCALIZE[31146]</label>
							<onclick>XBMC.RunScript(script.artwork.downloader,mode=custom,mediatype=tvshow,clearlogo)</onclick>
							<visible>System.HasAddon(script.artwork.downloader)</visible>
						</control>
						<control type="button" id="8510">
							<include>SettingsButton</include>
							<label>- $LOCALIZE[31147]</label>
							<onclick>XBMC.RunScript(script.artwork.downloader,mode=custom,mediatype=tvshow,clearart)</onclick>
							<visible>System.HasAddon(script.artwork.downloader)</visible>
						</control>
						<control type="button" id="8511">
							<include>SettingsButton</include>
							<label>- $LOCALIZE[31148]</label>
							<onclick>XBMC.RunScript(script.artwork.downloader,mode=custom,mediatype=tvshow,landscape)</onclick>
							<visible>System.HasAddon(script.artwork.downloader)</visible>
						</control>
						<control type="button" id="8512">
							<include>SettingsButton</include>
							<label>- $LOCALIZE[31149]</label>
							<onclick>XBMC.RunScript(script.artwork.downloader,mode=custom,mediatype=tvshow,banner)</onclick>
							<visible>System.HasAddon(script.artwork.downloader)</visible>
						</control>
						<control type="button" id="8513">
							<include>SettingsButton</include>
							<label>- $LOCALIZE[31150]</label>
							<onclick>XBMC.RunScript(script.artwork.downloader,mode=custom,mediatype=tvshow,poster)</onclick>
							<visible>System.HasAddon(script.artwork.downloader)</visible>
						</control>
						<control type="button" id="8514">
							<include>SettingsButton</include>
							<label>- $LOCALIZE[31165]</label>
							<onclick>XBMC.RunScript(script.artwork.downloader,mode=custom,mediatype=movie,discart)</onclick>
							<visible>System.HasAddon(script.artwork.downloader)</visible>
						</control>
						<control type="button" id="8515">
							<include>SettingsButton</include>
							<label>- $LOCALIZE[31160]</label>
							<onclick>XBMC.RunScript(script.artwork.downloader,mode=custom,mediatype=movie,clearlogo)</onclick>
							<visible>System.HasAddon(script.artwork.downloader)</visible>
						</control>
					</control>
					<!--============-->
					<!--== Addons ==-->
					<!--============-->
					<control type="grouplist" id="8600">
						<include>CloseAnimation</include>
						<visible>Container(8800).Hasfocus(6)</visible>
						<left>297</left>
						<top>0</top>
						<width>782</width>
						<height>414</height>
						<itemgap>2</itemgap>
						<pagecontrol>60</pagecontrol>
						<onleft>8800</onleft>
						<onright>9000</onright>
						<onup>8600</onup>
						<ondown>8600</ondown>																
						<control type="button" id="8601">
							<disabledcolor>55white</disabledcolor>
							<include>SettingsButton</include>
							<label>$LOCALIZE[31294]</label>
							<enable>false</enable>
						</control>
						<control type="button" id="8602">
							<include>SettingsButton</include>
							<label>- $LOCALIZE[31319]</label>
							<onclick>RunScript(script.bellofredo.extrapack)</onclick>
						</control>
						<control type="button" id="8603">
							<include>SettingsButton</include>
							<label>- $LOCALIZE[31320]</label>
							<onclick>RunScript(script.bellofredo.extrapack,mode=forcerefresh)</onclick>
						</control>
						<control type="radiobutton" id="8604">
							<include>SettingsRadioButton</include>
							<label>- $LOCALIZE[36146]</label>
							<onclick>Skin.ToggleSetting(AutoRunExtrapack)</onclick>
							<selected>Skin.HasSetting(AutoRunExtrapack)</selected>
						</control>
						<control type="button" id="8605">
							<disabledcolor>55white</disabledcolor>
							<include>SettingsButton</include>
							<label>$LOCALIZE[1047]</label>
							<enable>false</enable>
						</control>
						<control type="radiobutton" id="8616">
							<include>SettingsRadioButton</include>
							<label>$LOCALIZE[31015]</label>
							<onclick>Skin.ToggleSetting(ShowYouTubeChannelOSD)</onclick>
							<selected>Skin.HasSetting(ShowYouTubeChannelOSD)</selected>
							<enable>System.HasAddon(plugin.video.youtube)</enable>
						</control>
						<control type="button" id="8606">
							<include>SettingsButton</include>
							<label>$LOCALIZE[31141]</label>
							<label2>[COLOR=selected]$INFO[system.addontitle(Skin.String(LyricScript_Path))][/COLOR]</label2>
							<onclick>Skin.SetAddon(LyricScript_Path,xbmc.python.lyrics)</onclick>
						</control>
						<control type="button" id="8607">
							<include>SettingsButton</include>
							<label>- $LOCALIZE[1045]</label>
							<onclick>Addon.OpenSettings($INFO[Skin.String(LyricScript_Path)])</onclick>
							<visible>!IsEmpty(Skin.String(LyricScript_Path))</visible>
						</control>
						<control type="button" id="8608">
							<include>SettingsButton</include>
							<label>$LOCALIZE[31154]</label>
							<label2>[COLOR=selected]$INFO[system.addontitle(Skin.String(TrailersAddon_Path))][/COLOR]</label2>
							<onclick>Skin.SetAddon(TrailersAddon_Path,xbmc.addon.video)</onclick>
							<enable>Skin.HasSetting(trailers)</enable>
						</control>
						<control type="button" id="8609">
							<include>SettingsButton</include>
							<label>- $LOCALIZE[1045]</label>
							<onclick>Addon.OpenSettings($INFO[Skin.String(TrailersAddon_Path)])</onclick>
							<visible>Skin.HasSetting(trailers) + !IsEmpty(Skin.String(TrailersAddon_Path))</visible>
						</control>
						<control type="radiobutton" id="8610">
							<include>SettingsRadioButton</include>
							<label>$LOCALIZE[31143]</label>
							<onclick>Skin.ToggleSetting(NextAiredEnabled)</onclick>
							<selected>Skin.HasSetting(NextAiredEnabled)</selected>
							<enable>System.HasAddon(script.tv.show.next.aired)</enable>
						</control>
						<control type="button" id="8611">
							<include>SettingsButton</include>
							<label>- $LOCALIZE[1045]</label>
							<onclick>Addon.OpenSettings(script.tv.show.next.aired)</onclick>
							<visible>Skin.HasSetting(NextAiredEnabled) + System.HasAddon(script.tv.show.next.aired)</visible>
						</control>
						<control type="radiobutton" id="8612">
							<include>SettingsRadioButton</include>
							<label>- $LOCALIZE[31137]</label>
							<onclick>Skin.ToggleSetting(EnableNextAiredNotifications)</onclick>
							<selected>Skin.HasSetting(EnableNextAiredNotifications)</selected>
							<visible>Skin.HasSetting(NextAiredEnabled) + System.HasAddon(script.tv.show.next.aired)</visible>
						</control>
						<control type="radiobutton" id="8613">
							<include>SettingsRadioButton</include>
							<label>$LOCALIZE[31144]</label>
							<onclick>Skin.ToggleSetting(TVTunesEnabled)</onclick>
							<selected>Skin.HasSetting(TVTunesEnabled)</selected>
							<enable>System.HasAddon(script.tvtunes)</enable>
						</control>
						<control type="button" id="8614">
							<include>SettingsButton</include>
							<label>- $LOCALIZE[1045]</label>
							<onclick>Addon.OpenSettings(script.tvtunes)</onclick>
							<visible>Skin.HasSetting(TVTunesEnabled) + System.HasAddon(script.tvtunes)</visible>
						</control>
						<control type="button" id="8615">
							<include>SettingsButton</include>
							<label>- $LOCALIZE[31145]</label>
							<onclick>XBMC.RunScript(script.tvtunes)</onclick>
							<visible>Skin.HasSetting(TVTunesEnabled) + System.HasAddon(script.tvtunes)</visible>
						</control>
					</control>
					<!--======================-->
					<!--== Quick Navigation ==-->
					<!--======================-->
					<control type="grouplist" id="8700">
						<include>CloseAnimation</include>
						<visible>Container(8800).Hasfocus(7)</visible>
						<left>297</left>
						<top>0</top>
						<width>782</width>
						<height>414</height>
						<itemgap>2</itemgap>
						<pagecontrol>60</pagecontrol>
						<onleft>8800</onleft>
						<onright>9000</onright>
						<onup>8700</onup>
						<ondown>8700</ondown>
						<control type="radiobutton" id="8701">
							<include>SettingsRadioButton</include>
							<label>31375</label>
							<onclick>Skin.ToggleSetting(DisableQuickNav)</onclick>
							<selected>Skin.HasSetting(DisableQuickNav)</selected>
						</control>
						<control type="button" id="8702">
							<description>Default QuickNav Buttons</description>
							<include>SettingsButton</include>
							<label>- $LOCALIZE[31376]</label>
							<onclick>SetProperty(ManageButtons,defualtquicknav)</onclick>
							<onclick>ActivateWindow(1118)</onclick>
							<visible>!Skin.HasSetting(DisableQuickNav)</visible>
						</control>
						<control type="button" id="8703">
							<description>Custom QuickNav Buttons</description>
							<include>SettingsButton</include>
							<label>- $LOCALIZE[31377]</label>
							<onclick>ActivateWindow(1119)</onclick>
							<visible>!Skin.HasSetting(DisableQuickNav)</visible>
						</control>
					</control>
					<!--======================-->
					<!--== Music Visualisation ==-->
					<!--======================-->
					<control type="grouplist" id="8750">
						<include>CloseAnimation</include>
						<visible>Container(8800).Hasfocus(2)</visible>
						<left>297</left>
						<top>0</top>
						<width>782</width>
						<height>414</height>
						<itemgap>2</itemgap>
						<pagecontrol>60</pagecontrol>
						<onleft>8800</onleft>
						<onright>9000</onright>
						<onup>8750</onup>
						<ondown>8750</ondown>
						<control type="radiobutton" id="8751">
							<description>Enable Visualisation Button</description>
							<label>$LOCALIZE[31307]</label>
							<include>SettingsRadioButton</include>
							<onclick condition="!Skin.HasSetting(Vis-Visualization)">Skin.Reset(AmbilightMode)</onclick>
							<onclick>Skin.ToggleSetting(Vis-Visualization)</onclick>
							<selected>!Skin.HasSetting(Vis-Visualization)</selected>
						</control>				
						<control type="radiobutton" id="8752">
							<description>Ambilight Mode</description>
							<label>- $LOCALIZE[31317]</label>
							<include>SettingsRadioButton</include>
							<selected>Skin.HasSetting(AmbilightMode)</selected>
							<onclick>Skin.ToggleSetting(AmbilightMode)</onclick>
							<visible>!Skin.HasSetting(Vis-Visualization)</visible>
						</control>
						<control type="button" id="8753">
							<description>Select Visualization Type Button</description>
							<label>- $LOCALIZE[31308]</label>
							<include>SettingsButton</include>
							<onclick>SendClick(120,500)</onclick>
							<visible>!Skin.HasSetting(Vis-Visualization)</visible>
						</control>
						<control type="button" id="8754">
							<description>Visualization Presets Button</description>
							<label>- $LOCALIZE[31309]</label>
							<include>SettingsButton</include>
							<onclick>ActivateWindow(visualisationpresetlist)</onclick>
							<visible>!Skin.HasSetting(Vis-Visualization)</visible>
						</control>
						<control type="button" id="8755">
							<description>Visualization Settings Button</description>
							<label>- $LOCALIZE[31310]</label>
							<include>SettingsButton</include>
							<onclick>Addon.Default.OpenSettings(xbmc.player.musicviz)</onclick>
							<visible>!Skin.HasSetting(Vis-Visualization)</visible>
						</control>
						<control type="radiobutton" id="8756">
							<description>Enable Fanart Button</description>
							<label>$LOCALIZE[24022] $LOCALIZE[20445]</label>
							<include>SettingsRadioButton</include>
							<selected>Skin.HasSetting(Vis-Fanart)</selected>
							<onclick>Skin.Reset(Vis-ArtistSlideshow)</onclick>
							<onclick>Skin.Reset(Vis-MusicSlideshow)</onclick>
							<onclick>Skin.ToggleSetting(Vis-Fanart)</onclick>
						</control>
						<control type="radiobutton" id="8757">
							<description>Artist Slideshow Button</description>
							<label>$LOCALIZE[31312]</label>
							<include>SettingsRadioButton</include>
							<selected>Skin.HasSetting(Vis-ArtistSlideshow)</selected>
							<onclick>Skin.Reset(Vis-Fanart)</onclick>
							<onclick>Skin.Reset(Vis-MusicSlideshow)</onclick>
							<onclick>Skin.ToggleSetting(Vis-ArtistSlideshow)</onclick>
							<onclick condition="IsEmpty(Window(Visualisation).Property(ArtistSlideshowRunning))">RunScript(script.artistslideshow)</onclick>
						</control>
						<control type="radiobutton" id="8758">
							<description>Custom Slideshow Button</description>
							<label>$LOCALIZE[31311]</label>
							<include>SettingsRadioButton</include>
							<selected>Skin.HasSetting(Vis-MusicSlideshow)</selected>
							<onclick>Skin.Reset(Vis-Fanart)</onclick>
							<onclick>Skin.Reset(Vis-ArtistSlideshow)</onclick>
							<onclick>Skin.ToggleSetting(Vis-MusicSlideshow)</onclick>
						</control>
						<control type="radiobutton" id="8759">
							<description>Animation Button</description>
							<label>$LOCALIZE[31313]</label>
							<include>SettingsRadioButton</include>
							<selected>Skin.HasSetting(Vis-Animation)</selected>
							<onclick>Skin.ToggleSetting(Vis-Animation)</onclick>
							<onclick>ReplaceWindow(visualisation)</onclick>
						</control>
						<control type="radiobutton" id="8760">
							<description>Hide Diffuse Colors</description>
							<label>$LOCALIZE[31314]</label>
							<include>SettingsRadioButton</include>
							<selected>Skin.HasSetting(HideOSDDiffuseColors)</selected>
							<onclick>Skin.ToggleSetting(HideOSDDiffuseColors)</onclick>
						</control>
						<control type="radiobutton" id="8761">
							<description>Hide Scrolling Titles</description>
							<label>$LOCALIZE[31315]</label>
							<include>SettingsRadioButton</include>
							<selected>Skin.HasSetting(HideOSDScrollingTitles)</selected>
							<onclick>Skin.ToggleSetting(HideOSDScrollingTitles)</onclick>
						</control>
						<control type="radiobutton" id="8762">
							<description>Handwritten DiscArt</description>
							<label>$LOCALIZE[31117]</label>
							<include>SettingsRadioButton</include>
							<selected>!Skin.HasSetting(HideHandwrittenDiscArt)</selected>
							<onclick>Skin.ToggleSetting(HideHandwrittenDiscArt)</onclick>
						</control>
						<control type="button" id="8763">
							<description>Artist Logo</description>
							<label>$LOCALIZE[31342]</label>
							<label2>[COLOR=selected]$VAR[ArtistLogoLabel][/COLOR]</label2>
							<include>SettingsButton</include>
							<onclick>SetProperty(Dialog.1.Label,$LOCALIZE[31343])</onclick>
							<onclick>SetProperty(Dialog.1.BuiltIn,Skin.Reset(ArtistLogo))</onclick>
							<onclick>SetProperty(Dialog.2.Label,$LOCALIZE[31344])</onclick>
							<onclick>SetProperty(Dialog.2.BuiltIn,Skin.SetString(ArtistLogo,AlbumDir))</onclick>
							<onclick>SetProperty(Dialog.3.Label,$LOCALIZE[13113])</onclick>
							<onclick>SetProperty(Dialog.3.BuiltIn,Skin.SetString(ArtistLogo,Disabled))</onclick>
							<onclick>RunScript(script.toolbox,info=selectdialog,header=$LOCALIZE[31342])</onclick>							
						</control>
					</control>
					<control type="scrollbar" id="60">
						<left>1076</left>
						<top>2</top>
						<width>2</width>
						<height>410</height>
						<texturesliderbackground>thumbs/thumb75_back.png</texturesliderbackground>
						<texturesliderbar colordiffuse="22grey" border="0,0,0,0">white.png</texturesliderbar>
						<texturesliderbarfocus>views/scrollbar/scrollbar.png</texturesliderbarfocus>
						<textureslidernib>-</textureslidernib>
						<textureslidernibfocus>-</textureslidernibfocus>
						<onleft>8400</onleft>
						<onright>8800</onright>
						<showonepage>false</showonepage>
						<orientation>vertical</orientation>
						<animation effect="fade" start="100" end="0" time="0" condition="true">Conditional</animation>
					</control>
					<control type="label">
						<description>Page Count Label</description>
						<left>511</left>
						<top>-33</top>
						<width>553</width>
						<height>35</height>
						<font>FontSize_16B</font>
						<textcolor>88white</textcolor>
						<shadowcolor>99000000</shadowcolor>
						<scroll>false</scroll>
						<align>right</align>
						<aligny>center</aligny>
						<label>$LOCALIZE[31111]</label>
						<visible>Control.IsVisible(60)</visible>
						<include>VisibleFadeEffect3</include>
					</control>
				</control>
			</control>
			<!--============================-->
			<!--== Header & Footer Labels ==-->
			<!--============================-->
			<control type="group">
				<left>120</left>
				<top>163</top>
				<visible>Window.IsVisible(SkinSettings)</visible>
				<include>Window_OpenClose_Animation</include>
				<control type="label">
					<description>Header Category Label</description>
					<left>-5</left>
					<top>-50</top>
					<width>1075</width>
					<height>50</height>
					<font>FontSize_36</font>
					<label>$LOCALIZE[31420]</label>
					<align>left</align>
					<aligny>center</aligny>
					<textcolor>white</textcolor>
					<scroll>true</scroll>
					<shadowcolor>99000000</shadowcolor>
				</control>
				<control type="label">
					<description>Category Description</description>
					<left>0</left>
					<top>425</top>
					<width>1045</width>
					<height>30</height>
					<textcolor>33white</textcolor>
					<shadowcolor>44333333</shadowcolor>
					<font>FontSize_20</font>
					<align>left</align>
					<scroll>true</scroll>
					<label>$LOCALIZE[31409]</label>
				</control>
			</control>
		</control>
		<include>CommonDialogsFadeOutBG</include>
		<include>CommonNowPlaying</include>
		<include>SettingsMenu</include>
		<include>SettingsWeatherAndClock</include>
	</controls>
</window>
