<?xml version="1.0" encoding="utf-8"?>
<includes>
	<!-- View WindowOpen Animations -->
	<include name="ViewOpenAnimation">
		<animation condition="IsEmpty(Window(home).Property(MainMenuFocus)) + IsEmpty(Window(home).Property(FocusRow)) + Window.Previous(home)" easing="inout" effect="slide" end="0,0" start="$PARAM[pos1]" time="540" tween="sine">WindowOpen</animation>
		<animation condition="IsEmpty(Window(home).Property(MainMenuFocus)) + StringCompare(Window(home).Property(FocusRow),1_2) + Window.Previous(home)" easing="inout" effect="slide" end="0,0" start="$PARAM[pos2]" time="540" tween="sine">WindowOpen</animation>
		<animation condition="IsEmpty(Window(home).Property(MainMenuFocus)) + StringCompare(Window(home).Property(FocusRow),2_2) + Window.Previous(home)" easing="inout" effect="slide" end="0,0" start="$PARAM[pos3]" time="540" tween="sine">WindowOpen</animation>
		<animation condition="IsEmpty(Window(home).Property(MainMenuFocus)) + StringCompare(Window(home).Property(FocusRow),1_3) + Window.Previous(home)" easing="inout" effect="slide" end="0,0" start="$PARAM[pos4]" time="540" tween="sine">WindowOpen</animation>
		<animation condition="IsEmpty(Window(home).Property(MainMenuFocus)) + StringCompare(Window(home).Property(FocusRow),2_3) + Window.Previous(home)" easing="inout" effect="slide" end="0,0" start="$PARAM[pos5]" time="540" tween="sine">WindowOpen</animation>
		<animation condition="IsEmpty(Window(home).Property(MainMenuFocus)) + StringCompare(Window(home).Property(FocusRow),3_3) + Window.Previous(home)" easing="inout" effect="slide" end="0,0" start="$PARAM[pos6]" time="540" tween="sine">WindowOpen</animation>
		<animation condition="IsEmpty(Window(home).Property(MainMenuFocus)) + StringCompare(Window(home).Property(FocusRow),2_2b) + Window.Previous(home)" easing="inout" effect="slide" end="0,0" start="$PARAM[pos7]" time="540" tween="sine">WindowOpen</animation>
	</include>
	<include name="ViewOpenAnimationDialog">
		<animation reversible="false" condition="IsEmpty(Window(home).Property(MainMenuFocus)) + IsEmpty(Window(home).Property(FocusRow)) + Window.IsVisible(home)" easing="inout" effect="slide" end="0,0" start="$PARAM[pos1]" time="540" tween="sine">WindowOpen</animation>
		<animation reversible="false" condition="IsEmpty(Window(home).Property(MainMenuFocus)) + StringCompare(Window(home).Property(FocusRow),1_2) + Window.IsVisible(home)" easing="inout" effect="slide" end="0,0" start="$PARAM[pos2]" time="540" tween="sine">WindowOpen</animation>
		<animation reversible="false" condition="IsEmpty(Window(home).Property(MainMenuFocus)) + StringCompare(Window(home).Property(FocusRow),2_2) + Window.IsVisible(home)" easing="inout" effect="slide" end="0,0" start="$PARAM[pos3]" time="540" tween="sine">WindowOpen</animation>
		<animation reversible="false" condition="IsEmpty(Window(home).Property(MainMenuFocus)) + StringCompare(Window(home).Property(FocusRow),1_3) + Window.IsVisible(home)" easing="inout" effect="slide" end="0,0" start="$PARAM[pos4]" time="540" tween="sine">WindowOpen</animation>
		<animation reversible="false" condition="IsEmpty(Window(home).Property(MainMenuFocus)) + StringCompare(Window(home).Property(FocusRow),2_3) + Window.IsVisible(home)" easing="inout" effect="slide" end="0,0" start="$PARAM[pos5]" time="540" tween="sine">WindowOpen</animation>
		<animation reversible="false" condition="IsEmpty(Window(home).Property(MainMenuFocus)) + StringCompare(Window(home).Property(FocusRow),3_3) + Window.IsVisible(home)" easing="inout" effect="slide" end="0,0" start="$PARAM[pos6]" time="540" tween="sine">WindowOpen</animation>
		<animation reversible="false" condition="IsEmpty(Window(home).Property(MainMenuFocus)) + StringCompare(Window(home).Property(FocusRow),2_2b) + Window.IsVisible(home)" easing="inout" effect="slide" end="0,0" start="$PARAM[pos7]" time="540" tween="sine">WindowOpen</animation>
	</include>
	<!--Wide-->
	<include name="ViewWideLayout">
		<itemlayout height="576" width="572">
			<control type="group">
				<animation center="316,288" condition="true" effect="zoom" end="85" start="85">Conditional</animation>
				<control type="image">
					<top>48</top>
					<width>640</width>
					<height>480</height>
					<aspectratio align="center">scale</aspectratio>
					<texture background="true">common/wide_empty.png</texture>
				</control>
				<control type="image">
					<top>48</top>
					<width>640</width>
					<height>480</height>
					<aspectratio align="center">scale</aspectratio>
					<texture background="true" fallback="views/episode_fallback.png">$VAR[TVShowWideImage]</texture>
				</control>
				<control type="image">
					<top>48</top>
					<width>640</width>
					<height>480</height>
					<texture border="2">views/clearlogo_overlay.png</texture>
					<visible>!StringCompare(ListItem.Label,..) + IsEmpty(ListItem.Art(ftv)) + !IsEmpty(ListItem.Art(clearlogo))</visible>
				</control>
				<control type="image">
					<left>119</left>
					<top>328</top>
					<width>400</width>
					<height>155</height>
					<aspectratio align="center" aligny="top">keep</aspectratio>
					<texture background="true">$INFO[ListItem.Art(clearlogo)]</texture>
					<visible>!StringCompare(ListItem.Label,..) + IsEmpty(ListItem.Art(ftv))</visible>
				</control>
				<include>OverlayHD</include>
				<include>OverlayWatched</include>
				<control type="image">
					<left>-48</left>
					<centertop>288</centertop>
					<width>736</width>
					<height>576</height>
					<texture border="66,66,51,51">views/shadow_nf.png</texture>
				</control>
				<control type="image">
					<top>48</top>
					<width>640</width>
					<height>480</height>
					<texture border="2">views/season_overlay.png</texture>
					<visible>[Container.Content(artists) | Container.Content(seasons)] + !StringCompare(ListItem.Label,..) + !SubString(ListItem.Icon,Default)</visible>
				</control>
				<control type="label">
					<left>18</left>
					<top>427</top>
					<width>604</width>
					<height>42</height>
					<font>Bold44</font>
					<textcolor>ffffffff</textcolor>
					<shadowcolor>88000000</shadowcolor>
					<label>$VAR[SeasonValue]</label>
					<visible>[Container.Content(artists) | Container.Content(seasons)] + !StringCompare(ListItem.Label,..)</visible>
				</control>
				<control type="image">
					<top>48</top>
					<width>640</width>
					<height>480</height>
					<texture>views/OverlayNF.png</texture>
				</control>
			</control>
		</itemlayout>
		<focusedlayout height="576" width="572">
			<control type="button">
				<texturefocus>-</texturefocus>
				<texturenofocus>-</texturenofocus>
				<onfocus>ClearProperty(ContentEpisodes,home)</onfocus>
				<onfocus condition="Container.Content(tvshows)">SetProperty(TVShowTitle,$INFO[ListItem.TVShowTitle],home)</onfocus>
				<onfocus condition="Container.Content(tvshows)">SetProperty(TVShowID,$INFO[ListItem.IMDBNumber],home)</onfocus>						
				<onfocus condition="Container.Content(tvshows)">SetProperty(TVShowRating,$INFO[ListItem.UserRating],home)</onfocus>
				<onfocus condition="!IsEmpty(Window(home).Property(ButtonFocus))">ClearProperty(ButtonFocus,home)</onfocus>
			</control>
			<control type="group">
				<animation center="316,288" reversible="false" easing="inout" effect="zoom" end="100" start="85" time="300" tween="sine">Focus</animation>
				<animation center="316,288" reversible="false" condition="Container($PARAM[ID]).OnNext | Container($PARAM[ID]).OnPrevious" easing="inout" effect="zoom" end="85" start="100" time="300" tween="sine">UnFocus</animation>
				<animation center="316,288" condition="Control.HasFocus(4000)" easing="inout" effect="zoom" end="85" start="100" time="300" tween="sine">Conditional</animation>
				<control type="image">
					<top>48</top>
					<width>640</width>
					<height>480</height>
					<aspectratio align="center">scale</aspectratio>
					<texture background="true">common/wide_empty.png</texture>
				</control>
				<control type="image">
					<top>48</top>
					<width>640</width>
					<height>480</height>
					<aspectratio align="center">scale</aspectratio>
					<texture background="true" fallback="views/episode_fallback.png">$VAR[TVShowWideImage]</texture>
				</control>
				<control type="image">
					<top>48</top>
					<width>640</width>
					<height>480</height>
					<texture border="2">views/clearlogo_overlay.png</texture>
					<visible>!StringCompare(ListItem.Label,..) + IsEmpty(ListItem.Art(ftv)) + !IsEmpty(ListItem.Art(clearlogo))</visible>
				</control>
				<control type="image">
					<left>119</left>
					<top>328</top>
					<width>400</width>
					<height>155</height>
					<aspectratio align="center" aligny="top">keep</aspectratio>
					<texture background="true">$INFO[ListItem.Art(clearlogo)]</texture>
					<visible>!StringCompare(ListItem.Label,..) + IsEmpty(ListItem.Art(ftv))</visible>
				</control>
				<include>OverlayHD</include>
				<include>OverlayWatched</include>
				<control type="image">
					<left>-48</left>
					<centertop>288</centertop>
					<width>736</width>
					<height>576</height>
					<texture border="51">views/shadow_fo.png</texture>
					<animation center="auto" easing="inout" effect="fade" end="100" start="0" time="300" tween="sine">Focus</animation>
					<animation center="auto" condition="Container($PARAM[ID]).OnNext | Container($PARAM[ID]).OnPrevious" easing="inout" effect="fade" end="0" start="100" time="300" tween="sine">UnFocus</animation>
				</control>
				<control type="image">
					<left>-48</left>
					<centertop>288</centertop>
					<width>736</width>
					<height>576</height>
					<texture border="66,66,51,51">views/shadow_nf.png</texture>
					<animation center="auto" condition="Control.HasFocus($PARAM[ID])" easing="inout" effect="fade" end="0" start="100" time="300" tween="sine">Focus</animation>
					<animation center="auto" condition="Control.HasFocus($PARAM[ID])" easing="inout" effect="fade" end="100" start="0" time="300" tween="sine">UnFocus</animation>
				</control>
				<control type="image">
					<top>48</top>
					<width>640</width>
					<height>480</height>
					<texture border="2">views/season_overlay.png</texture>
					<visible>[Container.Content(artists) | Container.Content(seasons)] + !StringCompare(ListItem.Label,..) + !SubString(ListItem.Icon,Default)</visible>
				</control>
				<control type="label">
					<left>18</left>
					<top>427</top>
					<width>604</width>
					<height>42</height>
					<font>Bold44</font>
					<textcolor>ffffffff</textcolor>
					<shadowcolor>88000000</shadowcolor>
					<label>$VAR[SeasonValue]</label>
					<visible>[Container.Content(artists) | Container.Content(seasons)] + !StringCompare(ListItem.Label,..)</visible>
				</control>
				<control type="image">
					<top>48</top>
					<width>640</width>
					<height>480</height>
					<texture>views/OverlayNF.png</texture>
					<animation center="auto" condition="Control.HasFocus($PARAM[ID])" easing="inout" effect="fade" end="0" start="100" time="300" tween="sine">Focus</animation>
					<animation center="auto" condition="Control.HasFocus($PARAM[ID])" easing="inout" effect="fade" end="100" start="0" time="300" tween="sine">UnFocus</animation>
				</control>
			</control>
		</focusedlayout>
	</include>
	<!--Poster-->
	<include name="ViewPosterLayout">
		<itemlayout height="576" width="300">
			<control type="group">
				<animation center="150,288" condition="true" effect="zoom" end="85" start="85">Conditional</animation>
				<control type="image">
					<top>48</top>
					<width>320</width>
					<height>480</height>
					<aspectratio align="center">scale</aspectratio>
					<texture background="true">common/poster_empty.png</texture>
				</control>
				<control type="image">
					<top>48</top>
					<width>320</width>
					<height>480</height>
					<aspectratio align="center">scale</aspectratio>
					<texture background="true" fallback="views/movie_fallback.png">$VAR[PosterImage]</texture>
				</control>
				<include>OverlayHD</include>
				<include>OverlayWatched</include>
				<control type="image">
					<left>-48</left>
					<centertop>288</centertop>
					<width>416</width>
					<height>576</height>
					<texture border="66,66,51,51">views/shadow_nf.png</texture>
				</control>
				<control type="image">
					<top>48</top>
					<width>320</width>
					<height>480</height>
					<texture>views/OverlayNF.png</texture>
				</control>
			</control>
		</itemlayout>
		<focusedlayout height="576" width="300">
			<control type="button">
				<texturefocus>-</texturefocus>
				<texturenofocus>-</texturenofocus>
				<onfocus>ClearProperty(TVShowID,home)</onfocus>
				<onfocus>ClearProperty(PercentRemaining,home)</onfocus>
				<onfocus condition="Container.Content(tvshows)">SetProperty(TVShowID,$INFO[ListItem.IMDBNumber],home)</onfocus>
				<onfocus condition="ListItem.IsResumable">SetProperty(PercentRemaining,$VAR[PercentRemaining],home)</onfocus>
			</control>
			<control type="group">
				<animation center="150,288" reversible="false" easing="inout" effect="zoom" end="100" start="85" time="300" tween="sine">Focus</animation>
				<animation center="150,288" reversible="false" condition="Container($PARAM[ID]).OnNext | Container($PARAM[ID]).OnPrevious" easing="inout" effect="zoom" end="85" start="100" time="300" tween="sine">UnFocus</animation>
				<animation center="150,288" condition="Control.HasFocus(4000)" easing="inout" effect="zoom" end="85" start="100" time="300" tween="sine">Conditional</animation>
				<control type="image">
					<top>48</top>
					<width>320</width>
					<height>480</height>
					<aspectratio align="center">scale</aspectratio>
					<texture background="true">common/poster_empty.png</texture>
				</control>
				<control type="image">
					<top>48</top>
					<width>320</width>
					<height>480</height>
					<aspectratio align="center">scale</aspectratio>
					<texture background="true" fallback="views/movie_fallback.png">$VAR[PosterImage]</texture>
				</control>
				<include>OverlayHD</include>
				<include>OverlayWatched</include>
				<control type="image">
					<left>-48</left>
					<centertop>288</centertop>
					<width>416</width>
					<height>576</height>
					<texture border="51">views/shadow_fo.png</texture>
					<animation center="auto" condition="Control.HasFocus($PARAM[ID]) | Container($PARAM[ID]).OnNext | Container($PARAM[ID]).OnPrevious" easing="inout" effect="fade" end="100" start="0" time="300" tween="sine">Focus</animation>
					<animation center="auto" condition="Container($PARAM[ID]).OnNext | Container($PARAM[ID]).OnPrevious" easing="inout" effect="fade" end="0" start="100" time="300" tween="sine">UnFocus</animation>
				</control>
				<control type="image">
					<left>-48</left>
					<centertop>288</centertop>
					<width>416</width>
					<height>576</height>
					<texture border="66,66,51,51">views/shadow_nf.png</texture>
					<animation center="auto" condition="Control.HasFocus($PARAM[ID])" easing="inout" effect="fade" end="0" start="100" time="300" tween="sine">Focus</animation>
					<animation center="auto" condition="Control.HasFocus($PARAM[ID])" easing="inout" effect="fade" end="100" start="0" time="300" tween="sine">UnFocus</animation>
				</control>
				<control type="image">
					<top>48</top>
					<width>320</width>
					<height>480</height>
					<texture>views/OverlayNF.png</texture>
					<animation center="auto" condition="Control.HasFocus($PARAM[ID])" easing="inout" effect="fade" end="0" start="100" time="300" tween="sine">Focus</animation>
					<animation center="auto" condition="Control.HasFocus($PARAM[ID])" easing="inout" effect="fade" end="100" start="0" time="300" tween="sine">UnFocus</animation>
				</control>
			</control>
		</focusedlayout>
	</include>
	<!--Square Info-->
	<include name="ViewSquareInfoLayout">
		<itemlayout condition="SubString(Container($PARAM[ID]).FolderPath,movies/genre) | SubString(Container($PARAM[ID]).FolderPath,tvshows/genre)" height="576" width="436">
			<control type="group">
				<animation center="250,288" condition="true" effect="zoom" end="85" start="85">Conditional</animation>
				<control type="group">
					<visible>SubString(Container($PARAM[ID]).FolderPath,movies/genre) | SubString(Container($PARAM[ID]).FolderPath,tvshows/genre)</visible>
					<control type="group">
						<control type="image">
							<left>160</left>
							<top>48</top>
							<width>320</width>
							<height>480</height>
							<aspectratio align="center">scale</aspectratio>
							<texture background="true">views/poster_fallback.png</texture>
						</control>
						<control type="image">
							<left>160</left>
							<top>48</top>
							<width>320</width>
							<height>480</height>
							<aspectratio align="center">scale</aspectratio>
							<texture>$VAR[GenreContent]$VAR[VideoGenreThumb]3.jpg</texture>
						</control>
					</control>
					<control type="group">
						<control type="image">
							<left>80</left>
							<top>48</top>
							<width>320</width>
							<height>480</height>
							<aspectratio align="center">scale</aspectratio>
							<texture background="true">views/poster_fallback.png</texture>
						</control>
						<control type="image">
							<left>80</left>
							<top>48</top>
							<width>320</width>
							<height>480</height>
							<aspectratio align="center">scale</aspectratio>
							<texture>$VAR[GenreContent]$VAR[VideoGenreThumb]2.jpg</texture>
						</control>
						<control type="image">
							<left>400</left>
							<top>48</top>
							<width>43</width>
							<height>480</height>
							<aspectratio align="center">stretch</aspectratio>
							<texture background="true">views/genre_mask.png</texture>
						</control>
					</control>
					<control type="group">
						<control type="image">
							<left>0</left>
							<top>48</top>
							<width>320</width>
							<height>480</height>
							<aspectratio align="center">scale</aspectratio>
							<texture background="true">views/poster_fallback.png</texture>
						</control>
						<control type="image">
							<left>0</left>
							<top>48</top>
							<width>320</width>
							<height>480</height>
							<aspectratio align="center">scale</aspectratio>
							<texture>$VAR[GenreContent]$VAR[VideoGenreThumb]1.jpg</texture>
						</control>
						<control type="image">
							<left>320</left>
							<top>48</top>
							<width>43</width>
							<height>480</height>
							<aspectratio align="center">stretch</aspectratio>
							<texture background="true">views/genre_mask.png</texture>
						</control>
					</control>
					<control type="image">
						<left>-48</left>
						<centertop>288</centertop>
						<width>576</width>
						<height>576</height>
						<texture border="66,66,51,51">views/shadow_nf.png</texture>
					</control>
					<control type="image">
						<top>48</top>
						<width>480</width>
						<height>480</height>
						<texture border="2">views/season_overlay.png</texture>
						<visible>!StringCompare(ListItem.Label,..)</visible>
					</control>
					<control type="label">
						<left>18</left>
						<top>447</top>
						<width>446</width>
						<height>42</height>
						<font>Bold44</font>
						<scroll>false</scroll>
						<textcolor>ffffffff</textcolor>
						<shadowcolor>88000000</shadowcolor>
						<label>$INFO[ListItem.Label]</label>
						<visible>!StringCompare(ListItem.Label,..)</visible>
					</control>
					<control type="image">
						<top>48</top>
						<width>480</width>
						<height>480</height>
						<texture>views/OverlayNF.png</texture>
					</control>
				</control>
			</control>
		</itemlayout>
		<itemlayout condition="!SubString(Container($PARAM[ID]).FolderPath,movies/genre) + !SubString(Container($PARAM[ID]).FolderPath,tvshows/genre)" height="576" width="436">
			<control type="group">
				<animation center="250,288" condition="true" effect="zoom" end="85" start="85">Conditional</animation>
				<control type="group">
					<control type="image">
						<top>48</top>
						<width>480</width>
						<height>480</height>
						<aspectratio align="center">scale</aspectratio>
						<texture background="true">common/default_empty.png</texture>
					</control>
					<control type="image">
						<top>48</top>
						<width>480</width>
						<height>480</height>
						<aspectratio align="center">keep</aspectratio>
						<texture background="true" fallback="views/square_fallback.png">$VAR[SquareImage]</texture>
						<visible>Window.IsActive(tvrecordings)</visible>
					</control>
					<control type="image">
						<top>48</top>
						<width>480</width>
						<height>480</height>
						<aspectratio align="center">scale</aspectratio>
						<texture background="true">$VAR[SquareImage]</texture>
						<visible>!Window.IsActive(tvrecordings)</visible>
					</control>
					<control type="image">
						<left>-48</left>
						<centertop>288</centertop>
						<width>576</width>
						<height>576</height>
						<texture border="66,66,51,51">views/shadow_nf.png</texture>
					</control>
					<control type="image">
						<top>48</top>
						<width>480</width>
						<height>480</height>
						<texture border="2">views/season_overlay.png</texture>
						<visible>!StringCompare(ListItem.Label,..) + !SubString(ListItem.Icon,Default)</visible>
					</control>
					<control type="image">
						<left>17</left>
						<top>419</top>
						<width>62</width>
						<height>62</height>
						<texture>views/equaliser.gif</texture>
						<visible>Player.Playing + StringCompare(MusicPlayer.Album,ListItem.Album) + Container.Content(albums)</visible>
					</control>
					<include>OverlayHD</include>
					<include>OverlayWatched</include>
					<include name="ParamProgress">
						<param name="width">480</param>
					</include>
					<control type="label">
						<left>98</left>
						<top>447</top>
						<width>366</width>
						<height>42</height>
						<font>Bold44</font>
						<scroll>false</scroll>
						<textcolor>ffffffff</textcolor>
						<shadowcolor>88000000</shadowcolor>
						<label>$INFO[ListItem.Label]</label>
						<visible>!StringCompare(ListItem.Label,..) + Player.Playing + StringCompare(MusicPlayer.Album,ListItem.Album) + Container.Content(albums)</visible>
					</control>
					<control type="label">
						<left>18</left>
						<top>447</top>
						<width>446</width>
						<height>42</height>
						<font>Bold44</font>
						<scroll>false</scroll>
						<textcolor>ffffffff</textcolor>
						<shadowcolor>88000000</shadowcolor>
						<label>$INFO[ListItem.Label]</label>
						<visible>!StringCompare(ListItem.Label,..) + [!Player.Playing | !StringCompare(MusicPlayer.Album,ListItem.Album) | !Container.Content(albums)]</visible>
					</control>
					<control type="image">
						<top>48</top>
						<width>480</width>
						<height>480</height>
						<texture>views/OverlayNF.png</texture>
					</control>
				</control>
			</control>
		</itemlayout>
		<focusedlayout condition="SubString(Container($PARAM[ID]).FolderPath,movies/genre) | SubString(Container($PARAM[ID]).FolderPath,tvshows/genre)" height="576" width="436">
			<control type="button">
				<texturefocus>-</texturefocus>
				<texturenofocus>-</texturenofocus>
				<onfocus>ClearProperty(TVShowID,home)</onfocus>
				<onfocus>ClearProperty(PercentRemaining,home)</onfocus>
				<onfocus condition="ListItem.IsResumable">SetProperty(PercentRemaining,$VAR[PercentRemaining],home)</onfocus>
			</control>
			<control type="group">
				<animation center="250,288" reversible="false" easing="inout" effect="zoom" end="100" start="85" time="300" tween="sine">Focus</animation>
				<animation center="250,288" reversible="false" condition="Container($PARAM[ID]).OnNext | Container($PARAM[ID]).OnPrevious" easing="inout" effect="zoom" end="85" start="100" time="300" tween="sine">UnFocus</animation>
				<animation center="250,288" condition="Control.HasFocus(4000)" easing="inout" effect="zoom" end="85" start="100" time="300" tween="sine">Conditional</animation>
				<control type="group">
					<control type="group">
						<control type="image">
							<left>160</left>
							<top>48</top>
							<width>320</width>
							<height>480</height>
							<aspectratio align="center">scale</aspectratio>
							<texture background="true">views/poster_fallback.png</texture>
						</control>
						<control type="image">
							<left>160</left>
							<top>48</top>
							<width>320</width>
							<height>480</height>
							<aspectratio align="center">scale</aspectratio>
							<texture>$VAR[GenreContent]$VAR[VideoGenreThumb]3.jpg</texture>
						</control>
					</control>
					<control type="group">
						<control type="image">
							<left>80</left>
							<top>48</top>
							<width>320</width>
							<height>480</height>
							<aspectratio align="center">scale</aspectratio>
							<texture background="true">views/poster_fallback.png</texture>
						</control>
						<control type="image">
							<left>80</left>
							<top>48</top>
							<width>320</width>
							<height>480</height>
							<aspectratio align="center">scale</aspectratio>
							<texture>$VAR[GenreContent]$VAR[VideoGenreThumb]2.jpg</texture>
						</control>
						<control type="image">
							<left>400</left>
							<top>48</top>
							<width>43</width>
							<height>480</height>
							<aspectratio align="center">stretch</aspectratio>
							<texture background="true">views/genre_mask.png</texture>
						</control>
					</control>
					<control type="group">
						<control type="image">
							<left>0</left>
							<top>48</top>
							<width>320</width>
							<height>480</height>
							<aspectratio align="center">scale</aspectratio>
							<texture background="true">views/poster_fallback.png</texture>
						</control>
						<control type="image">
							<left>0</left>
							<top>48</top>
							<width>320</width>
							<height>480</height>
							<aspectratio align="center">scale</aspectratio>
							<texture>$VAR[GenreContent]$VAR[VideoGenreThumb]1.jpg</texture>
						</control>
						<control type="image">
							<left>320</left>
							<top>48</top>
							<width>43</width>
							<height>480</height>
							<aspectratio align="center">stretch</aspectratio>
							<texture background="true">views/genre_mask.png</texture>
						</control>
					</control>
					<control type="image">
						<left>-48</left>
						<centertop>288</centertop>
						<width>576</width>
						<height>576</height>
						<texture border="51">views/shadow_fo.png</texture>
						<animation center="auto" condition="Control.HasFocus($PARAM[ID]) | Container($PARAM[ID]).OnNext | Container($PARAM[ID]).OnPrevious" easing="inout" effect="fade" end="100" start="0" time="300" tween="sine">Focus</animation>
						<animation center="auto" condition="Container($PARAM[ID]).OnNext | Container($PARAM[ID]).OnPrevious" easing="inout" effect="fade" end="0" start="100" time="300" tween="sine">UnFocus</animation>
					</control>
					<control type="image">
						<left>-48</left>
						<centertop>288</centertop>
						<width>576</width>
						<height>576</height>
						<texture border="66,66,51,51">views/shadow_nf.png</texture>
						<animation center="auto" condition="Control.HasFocus($PARAM[ID])" easing="inout" effect="fade" end="0" start="100" time="300" tween="sine">Focus</animation>
						<animation center="auto" condition="Control.HasFocus($PARAM[ID])" easing="inout" effect="fade" end="100" start="0" time="300" tween="sine">UnFocus</animation>
					</control>
					<control type="image">
						<top>48</top>
						<width>480</width>
						<height>480</height>
						<texture border="2">views/season_overlay.png</texture>
						<visible>!StringCompare(ListItem.Label,..)</visible>
					</control>
					<control type="label">
						<left>18</left>
						<top>447</top>
						<width>446</width>
						<height>42</height>
						<font>Bold44</font>
						<scroll>false</scroll>
						<textcolor>ffffffff</textcolor>
						<shadowcolor>88000000</shadowcolor>
						<label>$INFO[ListItem.Label]</label>
						<visible>!StringCompare(ListItem.Label,..)</visible>
					</control>
					<control type="image">
						<top>48</top>
						<width>480</width>
						<height>480</height>
						<texture>views/OverlayNF.png</texture>						
						<animation center="auto" condition="Control.HasFocus($PARAM[ID])" easing="inout" effect="fade" end="0" start="100" time="300" tween="sine">Focus</animation>
						<animation center="auto" condition="Control.HasFocus($PARAM[ID])" easing="inout" effect="fade" end="100" start="0" time="300" tween="sine">UnFocus</animation>
					</control>
				</control>
			</control>
		</focusedlayout>
		<focusedlayout condition="!SubString(Container($PARAM[ID]).FolderPath,movies/genre) + !SubString(Container($PARAM[ID]).FolderPath,tvshows/genre)" height="576" width="436">
			<control type="button">
				<texturefocus>-</texturefocus>
				<texturenofocus>-</texturenofocus>
				<onfocus>ClearProperty(TVShowID,home)</onfocus>
				<onfocus>ClearProperty(PercentRemaining,home)</onfocus>
				<onfocus condition="ListItem.IsResumable">SetProperty(PercentRemaining,$VAR[PercentRemaining],home)</onfocus>
			</control>
			<control type="group">
				<animation center="250,288" reversible="false" easing="inout" effect="zoom" end="100" start="85" time="300" tween="sine">Focus</animation>
				<animation center="250,288" reversible="false" condition="Container($PARAM[ID]).OnNext | Container($PARAM[ID]).OnPrevious" easing="inout" effect="zoom" end="85" start="100" time="300" tween="sine">UnFocus</animation>
				<animation center="250,288" condition="Control.HasFocus(4000)" easing="inout" effect="zoom" end="85" start="100" time="300" tween="sine">Conditional</animation>
				<control type="group">
					<control type="image">
						<top>48</top>
						<width>480</width>
						<height>480</height>
						<aspectratio align="center">scale</aspectratio>
						<texture background="true">common/default_empty.png</texture>
					</control>
					<control type="image">
						<top>48</top>
						<width>480</width>
						<height>480</height>
						<aspectratio align="center">keep</aspectratio>
						<texture background="true" fallback="views/square_fallback.png">$VAR[SquareImage]</texture>
						<visible>Window.IsActive(tvrecordings)</visible>
					</control>
					<control type="image">
						<top>48</top>
						<width>480</width>
						<height>480</height>
						<aspectratio align="center">scale</aspectratio>
						<texture background="true">$VAR[SquareImage]</texture>
						<visible>!Window.IsActive(tvrecordings)</visible>
					</control>
					<control type="image">
						<left>-48</left>
						<centertop>288</centertop>
						<width>576</width>
						<height>576</height>
						<texture border="51">views/shadow_fo.png</texture>
						<animation center="auto" condition="Control.HasFocus($PARAM[ID]) | Container($PARAM[ID]).OnNext | Container($PARAM[ID]).OnPrevious" easing="inout" effect="fade" end="100" start="0" time="300" tween="sine">Focus</animation>
						<animation center="auto" condition="Container($PARAM[ID]).OnNext | Container($PARAM[ID]).OnPrevious" easing="inout" effect="fade" end="0" start="100" time="300" tween="sine">UnFocus</animation>
					</control>
					<control type="image">
						<left>-48</left>
						<centertop>288</centertop>
						<width>576</width>
						<height>576</height>
						<texture border="66,66,51,51">views/shadow_nf.png</texture>
						<animation center="auto" condition="Control.HasFocus($PARAM[ID])" easing="inout" effect="fade" end="0" start="100" time="300" tween="sine">Focus</animation>
						<animation center="auto" condition="Control.HasFocus($PARAM[ID])" easing="inout" effect="fade" end="100" start="0" time="300" tween="sine">UnFocus</animation>
					</control>
					<control type="image">
						<top>48</top>
						<width>480</width>
						<height>480</height>
						<texture border="2">views/season_overlay.png</texture>
						<visible>!StringCompare(ListItem.Label,..) + !SubString(ListItem.Icon,Default)</visible>
					</control>
					<include>OverlayHD</include>
					<include>OverlayWatched</include>
					<include name="ParamProgress">
						<param name="width">480</param>
					</include>
					<control type="image">
						<left>17</left>
						<top>419</top>
						<width>62</width>
						<height>62</height>
						<texture>views/equaliser.gif</texture>
						<visible>Player.Playing + StringCompare(MusicPlayer.Album,ListItem.Album) + Container.Content(albums)</visible>
					</control>
					<control type="label">
						<left>98</left>
						<top>447</top>
						<width>366</width>
						<height>42</height>
						<font>Bold44</font>
						<scroll>false</scroll>
						<textcolor>ffffffff</textcolor>
						<shadowcolor>88000000</shadowcolor>
						<label>$INFO[ListItem.Label]</label>
						<visible>!StringCompare(ListItem.Label,..) + Player.Playing + StringCompare(MusicPlayer.Album,ListItem.Album) + Container.Content(albums)</visible>
					</control>
					<control type="label">
						<left>18</left>
						<top>447</top>
						<width>446</width>
						<height>42</height>
						<font>Bold44</font>
						<scroll>false</scroll>
						<textcolor>ffffffff</textcolor>
						<shadowcolor>88000000</shadowcolor>
						<label>$INFO[ListItem.Label]</label>
						<visible>!StringCompare(ListItem.Label,..) + [!Player.Playing | !StringCompare(MusicPlayer.Album,ListItem.Album) | !Container.Content(albums)]</visible>
					</control>
					<control type="image">
						<top>48</top>
						<width>480</width>
						<height>480</height>
						<texture>views/OverlayNF.png</texture>
						<animation center="auto" condition="Control.HasFocus($PARAM[ID])" easing="inout" effect="fade" end="0" start="100" time="300" tween="sine">Focus</animation>
						<animation center="auto" condition="Control.HasFocus($PARAM[ID])" easing="inout" effect="fade" end="100" start="0" time="300" tween="sine">UnFocus</animation>
					</control>
				</control>
			</control>
		</focusedlayout>
	</include>
	<!--Episodes-->
	<include name="ViewEpisodeLayout">
		<animation condition="Control.HasFocus(55) | Control.HasFocus(2003) | Control.HasFocus(2004) | Control.HasFocus(3001)" effect="fade" end="0" start="100" time="200">Conditional</animation>
		<itemlayout height="576" width="572">
			<control type="group">
				<animation center="316,288" condition="true" effect="zoom" end="85" start="85">Conditional</animation>
				<control type="image">
					<top>48</top>
					<width>640</width>
					<height>480</height>
					<aspectratio align="center">scale</aspectratio>
					<texture background="true">common/wide_empty.png</texture>
				</control>
				<control type="image">
					<top>48</top>
					<width>640</width>
					<height>480</height>
					<aspectratio align="center">scale</aspectratio>
					<texture background="true" fallback="views/episode_fallback.png">$VAR[WideImage]</texture>
				</control>
				<control type="image">
					<top>48</top>
					<width>640</width>
					<height>480</height>
					<aspectratio align="center">scale</aspectratio>
					<texture>views/episode_fallback.png</texture>
					<visible>Skin.HasSetting(HideUnwatchedThumbs) + !StringCompare(ListItem.Overlay,OverlayWatched.png) + !StringCompare(ListItem.Label,..)</visible>
				</control>
				<control type="image">
					<left>119</left>
					<top>328</top>
					<width>400</width>
					<height>155</height>
					<aspectratio align="center" aligny="top">keep</aspectratio>
					<texture background="true">$INFO[ListItem.Art(clearlogo)]</texture>
				</control>
				<control type="image">
					<top>48</top>
					<width>640</width>
					<height>480</height>
					<visible>!StringCompare(ListItem.Label,..)</visible>
					<texture border="2">views/season_overlay.png</texture>
				</control>
				<include>OverlayHD</include>
				<include>OverlayWatched</include>
				<include name="ParamProgress">
					<param name="width">640</param>
				</include>
				<control type="image">
					<left>-48</left>
					<centertop>288</centertop>
					<width>736</width>
					<height>576</height>
					<texture border="66,66,51,51">views/shadow_nf.png</texture>
				</control>
				<control type="label">
					<left>18</left>
					<top>427</top>
					<width>604</width>
					<height>42</height>
					<font>Bold44</font>
					<textcolor>ffffffff</textcolor>
					<shadowcolor>88000000</shadowcolor>
					<label>$VAR[EpisodeValue]</label>
					<visible>!StringCompare(ListItem.Label,..)</visible>
				</control>
				<control type="image">
					<top>48</top>
					<width>640</width>
					<height>480</height>
					<texture>views/OverlayNF.png</texture>
				</control>
			</control>
		</itemlayout>
		<focusedlayout height="576" width="572">
			<control type="button">
				<texturefocus>-</texturefocus>
				<texturenofocus>-</texturenofocus>
				<onfocus>SetProperty(ContentEpisodes,1,home)</onfocus>
				<onfocus condition="!IsEmpty(Window(home).Property(ButtonFocus))">ClearProperty(ButtonFocus,home)</onfocus>
				<onfocus condition="ListItem.IsResumable">SetProperty(PercentRemaining,$VAR[PercentRemaining],home)</onfocus>
			</control>
			<control type="group">
				<animation center="316,288" reversible="false" easing="inout" effect="zoom" end="100" start="85" time="300" tween="sine">Focus</animation>
				<animation center="316,288" reversible="false" condition="Container($PARAM[ID]).OnNext | Container($PARAM[ID]).OnPrevious" easing="inout" effect="zoom" end="85" start="100" time="300" tween="sine">UnFocus</animation>
				<animation center="316,288" condition="Control.HasFocus(4000)" easing="inout" effect="zoom" end="85" start="100" time="300" tween="sine">Conditional</animation>
				<control type="image">
					<top>48</top>
					<width>640</width>
					<height>480</height>
					<aspectratio align="center">scale</aspectratio>
					<texture background="true">common/wide_empty.png</texture>
				</control>
				<control type="image">
					<top>48</top>
					<width>640</width>
					<height>480</height>
					<aspectratio align="center">scale</aspectratio>
					<texture background="true" fallback="views/episode_fallback.png">$VAR[WideImage]</texture>
				</control>
				<control type="image">
					<top>48</top>
					<width>640</width>
					<height>480</height>
					<aspectratio align="center">scale</aspectratio>
					<texture>views/episode_fallback.png</texture>
					<visible>Skin.HasSetting(HideUnwatchedThumbs) + !StringCompare(ListItem.Overlay,OverlayWatched.png) + !StringCompare(ListItem.Label,..)</visible>
				</control>
				<control type="image">
					<left>119</left>
					<top>328</top>
					<width>400</width>
					<height>155</height>
					<aspectratio align="center" aligny="top">keep</aspectratio>
					<texture background="true">$INFO[ListItem.Art(clearlogo)]</texture>
				</control>
				<control type="image">
					<top>48</top>
					<width>640</width>
					<height>480</height>
					<visible>!StringCompare(ListItem.Label,..)</visible>
					<texture border="2">views/season_overlay.png</texture>
				</control>
				<include>OverlayHD</include>
				<include>OverlayWatched</include>
				<include name="ParamProgress">
					<param name="width">640</param>
				</include>
				<control type="image">
					<left>-48</left>
					<centertop>288</centertop>
					<width>736</width>
					<height>576</height>
					<texture border="51">views/shadow_fo.png</texture>
					<animation center="auto" condition="Control.HasFocus($PARAM[ID]) | Container($PARAM[ID]).OnNext | Container($PARAM[ID]).OnPrevious" easing="inout" effect="fade" end="100" start="0" time="300" tween="sine">Focus</animation>
					<animation center="auto" condition="Container($PARAM[ID]).OnNext | Container($PARAM[ID]).OnPrevious" easing="inout" effect="fade" end="0" start="100" time="300" tween="sine">UnFocus</animation>
				</control>
				<control type="image">
					<left>-48</left>
					<centertop>288</centertop>
					<width>736</width>
					<height>576</height>
					<texture border="66,66,51,51">views/shadow_nf.png</texture>
					<animation center="auto" condition="Control.HasFocus($PARAM[ID])" easing="inout" effect="fade" end="0" start="100" time="300" tween="sine">Focus</animation>
					<animation center="auto" condition="Control.HasFocus($PARAM[ID])" easing="inout" effect="fade" end="100" start="0" time="300" tween="sine">UnFocus</animation>
				</control>
				<control type="label">
					<left>18</left>
					<top>416</top>
					<width>604</width>
					<height>28</height>
					<font>Med28</font>
					<textcolor>ffffc448</textcolor>
					<shadowcolor>88000000</shadowcolor>
					<label>$VAR[PercentRemaining]</label>
					<visible>!StringCompare(ListItem.Label,..)</visible>
					<animation condition="Control.HasFocus($PARAM[ID]) | Container($PARAM[ID]).OnNext | Container($PARAM[ID]).OnPrevious" delay="700" easing="inout" effect="fade" end="100" reversible="false" start="0" time="220" tween="sine">Focus</animation>
					<animation condition="Container($PARAM[ID]).OnNext | Container($PARAM[ID]).OnPrevious" effect="fade" end="0" start="100" time="0">UnFocus</animation>
				</control>
				<control type="label">
					<left>18</left>
					<top>448</top>
					<width>604</width>
					<height>42</height>
					<font>Bold44</font>
					<scroll>false</scroll>
					<textcolor>ffffffff</textcolor>
					<shadowcolor>88000000</shadowcolor>
					<label>$VAR[EpisodeValue]</label>
					<visible>!StringCompare(ListItem.Label,..)</visible>
					<animation condition="Control.HasFocus($PARAM[ID]) | Container($PARAM[ID]).OnNext | Container($PARAM[ID]).OnPrevious" delay="560" easing="inout" effect="slide" end="0,0" reversible="false" start="0,-21" time="220" tween="sine">Focus</animation>
					<animation condition="Container($PARAM[ID]).OnNext | Container($PARAM[ID]).OnPrevious" effect="slide" end="0,-21" start="0,0" time="0">UnFocus</animation>
				</control>
				<control type="image">
					<top>48</top>
					<width>640</width>
					<height>480</height>
					<texture>views/OverlayNF.png</texture>
					<animation center="auto" condition="Control.HasFocus($PARAM[ID])" easing="inout" effect="fade" end="0" start="100" time="300" tween="sine">Focus</animation>
					<animation center="auto" condition="Control.HasFocus($PARAM[ID])" easing="inout" effect="fade" end="100" start="0" time="300" tween="sine">UnFocus</animation>
				</control>
			</control>
		</focusedlayout>
	</include>
	<!--Wide info -->
	<include name="ViewDefaultWideLayout">
		<itemlayout height="576" width="572">
			<control type="group">
				<animation center="316,288" condition="true" effect="zoom" end="85" start="85">Conditional</animation>
				<control type="image">
					<top>48</top>
					<width>640</width>
					<height>480</height>
					<aspectratio align="center">scale</aspectratio>
					<texture background="true">common/wide_empty.png</texture>
				</control>
				<control type="image">
					<top>48</top>
					<width>640</width>
					<height>480</height>
					<aspectratio align="center">keep</aspectratio>
					<texture background="true" fallback="views/wide_fallback.png">$VAR[WideImage]</texture>
					<visible>Window.IsActive(tvrecordings)</visible>
				</control>
				<control type="image">
					<top>48</top>
					<width>640</width>
					<height>480</height>
					<aspectratio align="center">scale</aspectratio>
					<texture background="true">$VAR[WideImage]</texture>
					<visible>!Window.IsActive(tvrecordings)</visible>
				</control>
				<control type="image">
					<left>-48</left>
					<centertop>288</centertop>
					<width>736</width>
					<height>576</height>
					<texture border="66,66,51,51">views/shadow_nf.png</texture>
				</control>
				<control type="image">
					<top>48</top>
					<width>640</width>
					<height>480</height>
					<visible>!StringCompare(ListItem.Label,..)</visible>
					<texture border="2">views/season_overlay.png</texture>
				</control>
				<control type="label">
					<left>18</left>
					<top>448</top>
					<width>604</width>
					<height>42</height>
					<font>Bold44</font>
					<textcolor>ffffffff</textcolor>
					<shadowcolor>88000000</shadowcolor>
					<label>$INFO[ListItem.Label]</label>
					<visible>!StringCompare(ListItem.Label,..)</visible>
				</control>
				<include>OverlayHD</include>
				<include>OverlayWatched</include>
				<include name="ParamProgress">
					<param name="width">640</param>
				</include>
				<control type="image">
					<top>48</top>
					<width>640</width>
					<height>480</height>
					<texture>views/OverlayNF.png</texture>
				</control>
			</control>
		</itemlayout>
		<focusedlayout height="576" width="572">
			<control type="button">
				<texturefocus>-</texturefocus>
				<texturenofocus>-</texturenofocus>
				<onfocus>ClearProperty(ContentEpisodes,home)</onfocus>
				<onfocus condition="Container.Content(tvshows)">SetProperty(TVShowTitle,$INFO[ListItem.TVShowTitle],home)</onfocus>
				<onfocus condition="Container.Content(tvshows)">SetProperty(TVShowID,$INFO[ListItem.IMDBNumber],home)</onfocus>
				<onfocus condition="Container.Content(tvshows)">SetProperty(TVShowRating,$INFO[ListItem.UserRating],home)</onfocus>
				<onfocus condition="!IsEmpty(Window(home).Property(ButtonFocus))">ClearProperty(ButtonFocus,home)</onfocus>
			</control>
			<control type="group">
				<animation center="316,288" reversible="false" easing="inout" effect="zoom" end="100" start="85" time="300" tween="sine">Focus</animation>
				<animation center="316,288" reversible="false" condition="Container($PARAM[ID]).OnNext | Container($PARAM[ID]).OnPrevious" easing="inout" effect="zoom" end="85" start="100" time="300" tween="sine">UnFocus</animation>
				<animation center="316,288" condition="Control.HasFocus(4000)" easing="inout" effect="zoom" end="85" start="100" time="300" tween="sine">Conditional</animation>
				<control type="image">
					<top>48</top>
					<width>640</width>
					<height>480</height>
					<aspectratio align="center">scale</aspectratio>
					<texture background="true">common/wide_empty.png</texture>
				</control>
				<control type="image">
					<top>48</top>
					<width>640</width>
					<height>480</height>
					<aspectratio align="center">keep</aspectratio>
					<texture background="true" fallback="views/wide_fallback.png">$VAR[WideImage]</texture>
					<visible>Window.IsActive(tvrecordings)</visible>
				</control>
				<control type="image">
					<top>48</top>
					<width>640</width>
					<height>480</height>
					<aspectratio align="center">scale</aspectratio>
					<texture background="true">$VAR[WideImage]</texture>
					<visible>!Window.IsActive(tvrecordings)</visible>
				</control>
				<control type="image">
					<left>-48</left>
					<centertop>288</centertop>
					<width>736</width>
					<height>576</height>
					<texture border="51">views/shadow_fo.png</texture>
					<animation center="auto" easing="inout" effect="fade" end="100" start="0" time="300" tween="sine">Focus</animation>
					<animation center="auto" condition="Container($PARAM[ID]).OnNext | Container($PARAM[ID]).OnPrevious" easing="inout" effect="fade" end="0" start="100" time="300" tween="sine">UnFocus</animation>
				</control>
				<control type="image">
					<left>-48</left>
					<centertop>288</centertop>
					<width>736</width>
					<height>576</height>
					<texture border="66,66,51,51">views/shadow_nf.png</texture>
					<animation center="auto" condition="Control.HasFocus($PARAM[ID])" easing="inout" effect="fade" end="0" start="100" time="300" tween="sine">Focus</animation>
					<animation center="auto" condition="Control.HasFocus($PARAM[ID])" easing="inout" effect="fade" end="100" start="0" time="300" tween="sine">UnFocus</animation>
				</control>
				<control type="image">
					<top>48</top>
					<width>640</width>
					<height>480</height>
					<visible>!StringCompare(ListItem.Label,..)</visible>
					<texture border="2">views/season_overlay.png</texture>
				</control>
				<control type="label">
					<left>18</left>
					<top>448</top>
					<width>604</width>
					<height>42</height>
					<font>Bold44</font>
					<scroll>false</scroll>
					<textcolor>ffffffff</textcolor>
					<shadowcolor>88000000</shadowcolor>
					<label>$INFO[ListItem.Label]</label>
					<visible>!StringCompare(ListItem.Label,..)</visible>
				</control>
				<include>OverlayHD</include>
				<include>OverlayWatched</include>
				<include name="ParamProgress">
					<param name="width">640</param>
				</include>
				<control type="image">
					<top>48</top>
					<width>640</width>
					<height>480</height>
					<texture>views/OverlayNF.png</texture>
					<animation center="auto" condition="Control.HasFocus($PARAM[ID])" easing="inout" effect="fade" end="0" start="100" time="300" tween="sine">Focus</animation>
					<animation center="auto" condition="Control.HasFocus($PARAM[ID])" easing="inout" effect="fade" end="100" start="0" time="300" tween="sine">UnFocus</animation>
				</control>
			</control>
		</focusedlayout>
	</include>
	<!--TV Channels-->
	<include name="ViewPVRLayout">
		<itemlayout width="436">
			<control type="group">
				<animation center="250,288" condition="true" effect="zoom" end="85" start="85">Conditional</animation>
				<control type="image">
					<top>48</top>
					<width>480</width>
					<height>480</height>
					<texture background="true">common/default_empty.png</texture>
				</control>
				<control type="image">
					<top>48</top>
					<width>480</width>
					<height>480</height>
					<aspectratio align="center">keep</aspectratio>
					<texture background="true" fallback="views/pvr_fallback.png">$INFO[ListItem.Icon]</texture>
				</control>
				<control type="image">
					<left>-48</left>
					<centertop>288</centertop>
					<width>576</width>
					<height>576</height>
					<texture border="66,66,51,51">views/shadow_nf.png</texture>
				</control>
				<control type="image">
					<top>48</top>
					<width>480</width>
					<height>480</height>
					<visible>!StringCompare(ListItem.Label,..)</visible>
					<texture border="2">views/season_overlay.png</texture>
				</control>
				<control type="label">
					<left>18</left>
					<top>427</top>
					<width>444</width>
					<height>42</height>
					<font>Bold44</font>
					<scroll>false</scroll>
					<textcolor>ffffffff</textcolor>
					<shadowcolor>88000000</shadowcolor>
					<label>$VAR[EpisodeValue]</label>
					<visible>!StringCompare(ListItem.Label,..)</visible>					
				</control>
				<control type="image">
					<top>48</top>
					<width>480</width>
					<height>480</height>
					<texture>views/OverlayNF.png</texture>
				</control>
			</control>
		</itemlayout>
		<focusedlayout height="576" width="436">
			<control type="group">
				<animation center="250,288" reversible="false" easing="inout" effect="zoom" end="100" start="85" time="300" tween="sine">Focus</animation>
				<animation center="250,288" reversible="false" condition="Container($PARAM[ID]).OnNext | Container($PARAM[ID]).OnPrevious" easing="inout" effect="zoom" end="85" start="100" time="300" tween="sine">UnFocus</animation>
				<animation center="250,288" condition="Control.HasFocus(4000)" easing="inout" effect="zoom" end="85" start="100" time="300" tween="sine">Conditional</animation>
				<control type="image">
					<top>48</top>
					<width>480</width>
					<height>480</height>
					<texture background="true">common/default_empty.png</texture>
				</control>
				<control type="image">
					<top>48</top>
					<width>480</width>
					<height>480</height>
					<aspectratio align="center">keep</aspectratio>
					<texture background="true" fallback="views/pvr_fallback.png">$INFO[ListItem.Icon]</texture>
				</control>
				<control type="image">
					<left>-48</left>
					<centertop>288</centertop>
					<width>576</width>
					<height>576</height>
					<texture border="51">views/shadow_fo.png</texture>
					<animation center="auto" condition="Control.HasFocus($PARAM[ID]) | Container($PARAM[ID]).OnNext | Container($PARAM[ID]).OnPrevious" easing="inout" effect="fade" end="100" start="0" time="300" tween="sine">Focus</animation>
					<animation center="auto" condition="Container($PARAM[ID]).OnNext | Container($PARAM[ID]).OnPrevious" easing="inout" effect="fade" end="0" start="100" time="300" tween="sine">UnFocus</animation>
				</control>
				<control type="image">
					<left>-48</left>
					<centertop>288</centertop>
					<width>576</width>
					<height>576</height>
					<texture border="66,66,51,51">views/shadow_nf.png</texture>
					<animation center="auto" condition="Control.HasFocus($PARAM[ID])" easing="inout" effect="fade" end="0" start="100" time="300" tween="sine">Focus</animation>
					<animation center="auto" condition="Control.HasFocus($PARAM[ID])" easing="inout" effect="fade" end="100" start="0" time="300" tween="sine">UnFocus</animation>
				</control>
				<control type="image">
					<top>48</top>
					<width>480</width>
					<height>480</height>
					<visible>!StringCompare(ListItem.Label,..)</visible>
					<texture border="2">views/season_overlay.png</texture>
				</control>
				<control type="label">
					<left>18</left>
					<top>416</top>
					<width>480</width>
					<height>28</height>
					<font>Med28</font>
					<textcolor>ffffc448</textcolor>
					<shadowcolor>88000000</shadowcolor>
					<label>$LOCALIZE[31226]</label>
					<visible>!StringCompare(ListItem.Label,..)</visible>
					<animation condition="Control.HasFocus($PARAM[ID]) | Container($PARAM[ID]).OnNext | Container($PARAM[ID]).OnPrevious" delay="700" easing="inout" effect="fade" end="100" reversible="false" start="0" time="220" tween="sine">Focus</animation>
					<animation condition="Container($PARAM[ID]).OnNext | Container($PARAM[ID]).OnPrevious" effect="fade" end="0" start="100" time="0">UnFocus</animation>
				</control>
				<control type="label">
					<left>18</left>
					<top>448</top>
					<width>444</width>
					<height>42</height>
					<font>Bold44</font>
					<scroll>false</scroll>
					<textcolor>ffffffff</textcolor>
					<shadowcolor>88000000</shadowcolor>
					<label>$INFO[ListItem.ChannelName]</label>
					<visible>!StringCompare(ListItem.Label,..)</visible>
					<animation condition="Control.HasFocus($PARAM[ID]) | Container($PARAM[ID]).OnNext | Container($PARAM[ID]).OnPrevious" delay="560" easing="inout" effect="slide" end="0,0" reversible="false" start="0,-21" time="220" tween="sine">Focus</animation>
					<animation condition="Container($PARAM[ID]).OnNext | Container($PARAM[ID]).OnPrevious" effect="slide" end="0,-21" start="0,0" time="0">UnFocus</animation>
				</control>
				<control type="progress">
					<top>515</top>
					<width>480</width>
					<height>12</height>
					<texturebg border="2">views/ProgressBack.png</texturebg>
					<lefttexture>-</lefttexture>
					<midtexture border="2">views/ProgressBar.png</midtexture>
					<righttexture>-</righttexture>
					<overlaytexture>-</overlaytexture>
					<info>ListItem.Progress</info>
					<animation center="auto" condition="Control.HasFocus($PARAM[ID])" easing="inout" effect="fade" end="0" start="100" time="300" tween="sine">UnFocus</animation>
					<animation center="auto" condition="Control.HasFocus($PARAM[ID])" easing="inout" effect="fade" end="100" start="0" time="300" tween="sine">Focus</animation>
					<visible>!IsEmpty(ListItem.StartTime) + !IsEmpty(ListItem.EndTime)</visible>
				</control>
				<control type="image">
					<top>48</top>
					<width>480</width>
					<height>480</height>
					<texture>views/OverlayNF.png</texture>
					<animation center="auto" condition="Control.HasFocus($PARAM[ID])" easing="inout" effect="fade" end="0" start="100" time="300" tween="sine">Focus</animation>
					<animation center="auto" condition="Control.HasFocus($PARAM[ID])" easing="inout" effect="fade" end="100" start="0" time="300" tween="sine">UnFocus</animation>
				</control>
			</control>
		</focusedlayout>
	</include>
	<!--TV List Channels -->
	<include name="ViewPVRListLayout">		
		<itemlayout height="70" width="1850">
			<control type="image">
				<top>10</top>
				<bottom>10</bottom>
				<width>50</width>
				<texture background="true">$INFO[ListItem.Icon]</texture>
				<aspectratio aligny="center" align="left">keep</aspectratio>
			</control>
			<control type="label">
				<left>90</left>
				<width>200</width>
				<aligny>center</aligny>
				<height>67</height>
				<textcolor>ff5b6064</textcolor>
				<label>$INFO[ListItem.ChannelName]</label>
			</control>
			<!-- Fake Progress -->
			<control type="image">
				<left>320</left>
				<width>890</width>
				<height>67</height>
				<texture border="5">pvr/epg_button_nf.png</texture>
			</control>
			<control type="image">
				<left>320</left>
				<width>890</width>
				<height>67</height>
				<texture colordiffuse="33FFFFFF" border="5">pvr/epg_button_progress.png</texture>
				<include name="FakeProgressAnimation">
					<param name="posx">320</param>
				</include>
			</control>
			<!-- Fake Next Progress -->
			<control type="image">
				<left>1214</left>
				<width>720</width>
				<height>67</height>
				<texture border="5">pvr/epg_button_nf.png</texture>
			</control>
			<control type="label">
				<left>335</left>
				<width>855</width>
				<aligny>center</aligny>
				<height>67</height>
				<textcolor>ffffffff</textcolor>
				<selectedcolor>ffffffff</selectedcolor>
				<label fallback="195">$INFO[ListItem.Title]</label>
				<visible>!ListItem.HasTimer + !ListItem.IsRecording</visible>
			</control>
			<control type="label">
				<left>335</left>
				<width>805</width>
				<aligny>center</aligny>
				<height>67</height>
				<textcolor>ffffffff</textcolor>
				<selectedcolor>ffffffff</selectedcolor>
				<label fallback="195">$INFO[ListItem.Title]</label>
				<visible>ListItem.HasTimer | ListItem.IsRecording</visible>
			</control>
			<control type="image">
				<left>1152</left>
				<top>6</top>
				<width>52</width>
				<height>52</height>
				<texture>pvr/timer.png</texture>
				<colordiffuse>White</colordiffuse>
				<visible>ListItem.HasTimer + !ListItem.IsRecording</visible>
			</control>
			<control type="image">
				<left>1152</left>
				<top>6</top>
				<width>52</width>
				<height>52</height>
				<texture>pvr/rec.png</texture>
				<colordiffuse>ftvgold</colordiffuse>
				<visible>ListItem.IsRecording</visible>
			</control>
			<control type="label">
				<left>1229</left>
				<width>480</width>
				<aligny>center</aligny>
				<height>67</height>
				<textcolor>ff505559</textcolor>
				<selectedcolor>ff505559</selectedcolor>
				<label fallback="195">$INFO[ListItem.NextStartTime,,  ]$INFO[ListItem.NextTitle]</label>
			</control>
		</itemlayout>
		<focusedlayout height="70" width="1850">
			<control type="image">
				<top>10</top>
				<bottom>10</bottom>
				<width>50</width>
				<texture background="true">$INFO[ListItem.Icon]</texture>
				<aspectratio aligny="center" align="left">keep</aspectratio>
			</control>
			<control type="label">
				<left>90</left>
				<width>200</width>
				<scroll>false</scroll>
				<aligny>center</aligny>
				<height>67</height>
				<selectedcolor>ffFFC24B</selectedcolor>
				<textcolor>ffffffff</textcolor>
				<label>$INFO[ListItem.ChannelName]</label>
				<visible>!Control.HasFocus(59)</visible>
			</control>
			<control type="label">
				<left>90</left>
				<width>200</width>
				<scroll>false</scroll>
				<aligny>center</aligny>
				<height>67</height>
				<selectedcolor>ffFFC24B</selectedcolor>
				<textcolor>ffFFC24B</textcolor>
				<label>$INFO[ListItem.ChannelName]</label>
				<visible>Control.HasFocus(59)</visible>
			</control>
			<!-- Fake Progress -->
			<control type="image">
				<left>320</left>
				<width>890</width>
				<height>67</height>
				<texture border="5">pvr/epg_button_nf.png</texture>
			</control>
			<control type="image">
				<left>320</left>
				<width>890</width>
				<height>67</height>
				<texture colordiffuse="33FFFFFF" border="5">pvr/epg_button_progress.png</texture>
				<include name="FakeProgressAnimation">
					<param name="posx">320</param>
				</include>
			</control>
			<!-- Fake Next Progress -->
			<control type="image">
				<left>1214</left>
				<width>720</width>
				<height>67</height>
				<texture border="5">pvr/epg_button_nf.png</texture>
				<overlaytexture>-</overlaytexture>
			</control>
			<control type="label">
				<left>335</left>
				<width>855</width>
				<aligny>center</aligny>
				<height>67</height>
				<textcolor>ffFFC24B</textcolor>
				<selectedcolor>ffFFC24B</selectedcolor>
				<label fallback="195">$INFO[ListItem.Title]</label>
				<visible>Control.HasFocus(59) + !ListItem.HasTimer + !ListItem.IsRecording</visible>
			</control>
			<control type="label">
				<left>335</left>
				<width>855</width>
				<aligny>center</aligny>
				<height>67</height>
				<textcolor>ffffffff</textcolor>
				<selectedcolor>ffFFC24B</selectedcolor>
				<label fallback="195">$INFO[ListItem.Title]</label>
				<visible>!Control.HasFocus(59) + !ListItem.HasTimer + !ListItem.IsRecording</visible>
			</control>
			<control type="label">
				<left>335</left>
				<width>805</width>
				<aligny>center</aligny>
				<height>67</height>
				<textcolor>ffFFC24B</textcolor>
				<selectedcolor>ffFFC24B</selectedcolor>
				<label fallback="195">$INFO[ListItem.Title]</label>
				<visible>Control.HasFocus(59) + [ListItem.HasTimer | ListItem.IsRecording]</visible>
			</control>
			<control type="label">
				<left>335</left>
				<width>805</width>
				<aligny>center</aligny>
				<height>67</height>
				<textcolor>ffffffff</textcolor>
				<selectedcolor>ffFFC24B</selectedcolor>
				<label fallback="195">$INFO[ListItem.Title]</label>
				<visible>!Control.HasFocus(59) + [ListItem.HasTimer | ListItem.IsRecording]</visible>
			</control>
			<control type="image">
				<left>1152</left>
				<top>6</top>
				<width>52</width>
				<height>52</height>
				<texture>pvr/timer.png</texture>
				<colordiffuse>White</colordiffuse>
				<visible>ListItem.HasTimer + !ListItem.IsRecording</visible>
			</control>
			<control type="image">
				<left>1152</left>
				<top>6</top>
				<width>52</width>
				<height>52</height>
				<texture>pvr/rec.png</texture>
				<colordiffuse>ftvgold</colordiffuse>
				<visible>ListItem.IsRecording</visible>
			</control>
			<control type="label">
				<left>1229</left>
				<width>480</width>
				<aligny>center</aligny>
				<height>67</height>
				<textcolor>ff505559</textcolor>
				<selectedcolor>ff505559</selectedcolor>
				<scroll>false</scroll>
				<label fallback="195">$INFO[ListItem.NextStartTime,,  ]$INFO[ListItem.NextTitle]</label>
			</control>
		</focusedlayout>   
	</include>
	<!--PVR Search/Timers-->
	<include name="ViewPVRResultsLayout">		
		<itemlayout height="70" width="1850">
			<!-- Button layouts -->
			<control type="group">					
				<visible>IsEmpty(ListItem.Date)</visible>
				<control type="label">
					<width>285</width>
					<aligny>center</aligny>
					<height>67</height>
					<textcolor>ffffffff</textcolor>
					<label>$INFO[ListItem.Label]</label>
				</control>
			</control>
			<!-- Results layout -->
			<control type="group">
				<visible>!IsEmpty(ListItem.Date)</visible>					
				<control type="image">
					<top>10</top>
					<bottom>10</bottom>
					<width>50</width>
					<texture>$INFO[ListItem.Icon]</texture>
					<aspectratio aligny="center" align="left">keep</aspectratio>
				</control>
				<control type="label">
					<left>90</left>
					<width>200</width>
					<aligny>center</aligny>
					<height>67</height>
					<textcolor>ff5b6064</textcolor>
					<label>$INFO[ListItem.ChannelName]</label>
				</control>
				<!-- Fake Progress -->
				<control type="image">
					<left>320</left>
					<width>890</width>
					<height>67</height>
					<texture border="5">pvr/epg_button_nf.png</texture>
				</control>
				<control type="image">
					<left>320</left>
					<width>890</width>
					<height>67</height>
					<texture colordiffuse="33FFFFFF" border="5">pvr/epg_button_progress.png</texture>
					<include name="FakeProgressAnimation">
						<param name="posx">320</param>
					</include>
				</control>
				<!-- Fake Next Progress -->
				<control type="image">
					<left>1214</left>
					<width>720</width>
					<height>67</height>
					<texture border="5">pvr/epg_button_nf.png</texture>
				</control>
				<control type="label">
					<left>335</left>
					<width>855</width>
					<aligny>center</aligny>
					<height>67</height>
					<textcolor>ffffffff</textcolor>
					<selectedcolor>ffffffff</selectedcolor>
					<label fallback="195">$INFO[ListItem.Label]$INFO[ListItem.EpisodeName, (,)]</label>
					<visible>!ListItem.HasTimer + !ListItem.IsRecording</visible>
				</control>
				<control type="label">
					<left>335</left>
					<width>805</width>
					<aligny>center</aligny>
					<height>67</height>
					<textcolor>ffffffff</textcolor>
					<selectedcolor>ffffffff</selectedcolor>
					<label fallback="195">$INFO[ListItem.Label]$INFO[ListItem.EpisodeName, (,)]</label>
					<visible>ListItem.HasTimer | ListItem.IsRecording</visible>
				</control>
				<control type="image">
					<left>1152</left>
					<top>6</top>
					<width>52</width>
					<height>52</height>
					<texture>pvr/timer.png</texture>
					<colordiffuse>White</colordiffuse>
					<visible>ListItem.HasTimer + !ListItem.IsRecording</visible>
				</control>
				<control type="image">
					<left>1152</left>
					<top>6</top>
					<width>52</width>
					<height>52</height>
					<texture>pvr/rec.png</texture>
					<colordiffuse>ftvgold</colordiffuse>
					<visible>ListItem.IsRecording</visible>
				</control>
				<control type="label">
					<left>1229</left>
					<width>480</width>
					<aligny>center</aligny>
					<height>67</height>
					<textcolor>ff505559</textcolor>
					<selectedcolor>ff505559</selectedcolor>
					<label>$INFO[ListItem.StartDate,, ]$INFO[ListItem.StartTime]</label>
				</control>
			</control>
		</itemlayout>
		<focusedlayout height="70" width="1850">
			<!-- Button layouts -->
			<control type="group">					
				<visible>IsEmpty(ListItem.Date)</visible>
				<control type="label">
					<width>285</width>
					<aligny>center</aligny>
					<height>67</height>
					<textcolor>ffffffff</textcolor>
					<label>$INFO[ListItem.Label]</label>
					<visible>!Control.HasFocus(59)</visible>
				</control>
				<control type="label">
					<width>855</width>
					<aligny>center</aligny>
					<height>67</height>
					<textcolor>ffFFC24B</textcolor>
					<label>$INFO[ListItem.Label]</label>
					<visible>Control.HasFocus(59)</visible>
				</control>
			</control>
			<!-- Results layout -->
			<control type="group">
				<visible>!IsEmpty(ListItem.Date)</visible>					
				<control type="image">
					<top>10</top>
					<bottom>10</bottom>
					<width>50</width>
					<texture>$INFO[ListItem.Icon]</texture>
					<aspectratio aligny="center" align="left">keep</aspectratio>
				</control>
				<control type="label">
					<left>90</left>
					<width>200</width>
					<scroll>false</scroll>
					<aligny>center</aligny>
					<height>67</height>
					<selectedcolor>ffFFC24B</selectedcolor>
					<textcolor>ffffffff</textcolor>
					<label>$INFO[ListItem.ChannelName]</label>
					<visible>!Control.HasFocus(59)</visible>
				</control>
				<control type="label">
					<left>90</left>
					<width>200</width>
					<scroll>false</scroll>
					<aligny>center</aligny>
					<height>67</height>
					<selectedcolor>ffFFC24B</selectedcolor>
					<textcolor>ffFFC24B</textcolor>
					<label>$INFO[ListItem.ChannelName]</label>
					<visible>Control.HasFocus(59)</visible>
				</control>
				<!-- Fake Progress -->
				<control type="image">
					<left>320</left>
					<width>890</width>
					<height>67</height>
					<texture border="5">pvr/epg_button_nf.png</texture>
				</control>
				<control type="image">
					<left>320</left>
					<width>890</width>
					<height>67</height>
					<texture colordiffuse="33FFFFFF" border="5">pvr/epg_button_progress.png</texture>
					<include name="FakeProgressAnimation">
						<param name="posx">320</param>
					</include>
				</control>
				<!-- Fake Next Progress -->
				<control type="image">
					<left>1214</left>
					<width>720</width>
					<height>67</height>
					<texture border="5">pvr/epg_button_nf.png</texture>
				</control>
				<control type="label">
					<left>335</left>
					<width>855</width>
					<aligny>center</aligny>
					<height>67</height>
					<textcolor>ffFFC24B</textcolor>
					<selectedcolor>ffFFC24B</selectedcolor>
					<label fallback="195">$INFO[ListItem.Label]$INFO[ListItem.EpisodeName, (,)]</label>
					<visible>Control.HasFocus(59) + !ListItem.HasTimer + !ListItem.IsRecording</visible>
				</control>
				<control type="label">
					<left>335</left>
					<width>855</width>
					<aligny>center</aligny>
					<height>67</height>
					<textcolor>ffffffff</textcolor>
					<selectedcolor>ffffffff</selectedcolor>
					<label fallback="195">$INFO[ListItem.Label]$INFO[ListItem.EpisodeName, (,)]</label>
					<visible>!Control.HasFocus(59) + !ListItem.HasTimer + !ListItem.IsRecording</visible>
				</control>
				<control type="label">
					<left>335</left>
					<width>805</width>
					<aligny>center</aligny>
					<height>67</height>
					<textcolor>ffFFC24B</textcolor>
					<selectedcolor>ffFFC24B</selectedcolor>
					<label fallback="195">$INFO[ListItem.Label]$INFO[ListItem.EpisodeName, (,)]</label>
					<visible>Control.HasFocus(59) + [ListItem.HasTimer | ListItem.IsRecording]</visible>
				</control>
				<control type="label">
					<left>335</left>
					<width>805</width>
					<aligny>center</aligny>
					<height>67</height>
					<textcolor>ffffffff</textcolor>
					<selectedcolor>ffffffff</selectedcolor>
					<label fallback="195">$INFO[ListItem.Label]$INFO[ListItem.EpisodeName, (,)]</label>
					<visible>!Control.HasFocus(59) + [ListItem.HasTimer | ListItem.IsRecording]</visible>
				</control>
				<control type="image">
					<left>1152</left>
					<top>6</top>
					<width>52</width>
					<height>52</height>
					<texture>pvr/timer.png</texture>
					<colordiffuse>White</colordiffuse>
					<visible>ListItem.HasTimer + !ListItem.IsRecording</visible>
				</control>
				<control type="image">
					<left>1152</left>
					<top>6</top>
					<width>52</width>
					<height>52</height>
					<texture>pvr/rec.png</texture>
					<colordiffuse>ftvgold</colordiffuse>
					<visible>ListItem.IsRecording</visible>
				</control>
				<control type="label">
					<left>1229</left>
					<width>480</width>
					<aligny>center</aligny>
					<height>67</height>
					<textcolor>ff505559</textcolor>
					<selectedcolor>ff505559</selectedcolor>
					<label>$INFO[ListItem.StartDate,, ]$INFO[ListItem.StartTime]</label>
				</control>
			</control>		
		</focusedlayout>    
	</include>
	<!--Music Playlist-->
	<include name="ViewMusicPlaylistLayout">		
		<itemlayout height="576" width="436">
			<control type="group">
				<animation center="250,288" condition="true" effect="zoom" end="85" start="85">Conditional</animation>
				<control type="image">
					<top>48</top>
					<width>480</width>
					<height>480</height>
					<aspectratio align="center">scale</aspectratio>
					<texture background="true">$INFO[ListItem.Icon]</texture>
				</control>
				<control type="image">
					<left>-48</left>
					<centertop>288</centertop>
					<width>576</width>
					<height>576</height>
					<texture border="66,66,51,51">views/shadow_nf.png</texture>
				</control>
				<control type="image">
					<top>48</top>
					<width>480</width>
					<height>480</height>
					<texture border="2">views/season_overlay.png</texture>
					<visible>!StringCompare(ListItem.Label,..) + !SubString(ListItem.Icon,Default)</visible>
				</control>
				<control type="image">
					<left>17</left>
					<top>419</top>
					<width>62</width>
					<height>62</height>
					<texture>views/equaliser.gif</texture>
					<visible>Player.Playing + StringCompare(MusicPlayer.Title,ListItem.Title)</visible>
				</control>
				<control type="label">
					<left>98</left>
					<top>447</top>
					<width>366</width>
					<height>42</height>
					<font>Bold44</font>
					<scroll>false</scroll>
					<textcolor>ffffffff</textcolor>
					<shadowcolor>88000000</shadowcolor>
					<label>$INFO[ListItem.Title]</label>
					<visible>!StringCompare(ListItem.Label,..) + Player.Playing + StringCompare(MusicPlayer.Title,ListItem.Title)</visible>
					<animation condition="!IsEmpty(ListItem.Artist)" effect="slide" end="0,-36" start="0,0">Conditional</animation>
				</control>
				<control type="label">
					<left>18</left>
					<top>447</top>
					<width>446</width>
					<height>42</height>
					<font>Bold44</font>
					<scroll>false</scroll>
					<textcolor>ffffffff</textcolor>
					<shadowcolor>88000000</shadowcolor>
					<label>$INFO[ListItem.Title]</label>
					<visible>!StringCompare(ListItem.Label,..) + [[Player.HasAudio + !Player.Playing] | !StringCompare(MusicPlayer.Title,ListItem.Title)]</visible>
					<animation condition="!IsEmpty(ListItem.Artist)" effect="slide" end="0,-36" start="0,0">Conditional</animation>
				</control>
				<control type="label">
					<left>98</left>
					<top>462</top>
					<width>366</width>
					<height>28</height>
					<font>Med28</font>
					<scroll>false</scroll>
					<textcolor>ffffffff</textcolor>
					<shadowcolor>88000000</shadowcolor>
					<label>$INFO[ListItem.Artist]</label>
					<visible>!StringCompare(ListItem.Label,..) + !IsEmpty(ListItem.Artist) + Player.Playing + StringCompare(MusicPlayer.Title,ListItem.Title)</visible>
				</control>
				<control type="label">
					<left>18</left>
					<top>462</top>
					<width>446</width>
					<height>28</height>
					<font>Med28</font>
					<scroll>false</scroll>
					<textcolor>ffffffff</textcolor>
					<shadowcolor>88000000</shadowcolor>
					<label>$INFO[ListItem.Artist]</label>
					<visible>!StringCompare(ListItem.Label,..) + !IsEmpty(ListItem.Artist) + [[Player.HasAudio + !Player.Playing] | !StringCompare(MusicPlayer.Title,ListItem.Title)]</visible>
				</control>
				<control type="image">
					<top>48</top>
					<width>480</width>
					<height>480</height>
					<texture>views/OverlayNF.png</texture>
				</control>
			</control>
		</itemlayout>
		<focusedlayout height="576" width="436">
			<control type="group">
				<animation center="250,288" easing="inout" effect="zoom" end="100" start="85" time="300" tween="sine">Focus</animation>
				<animation center="250,288" condition="Container(50).OnNext | Container(50).OnPrevious" easing="inout" effect="zoom" end="85" start="100" time="300" tween="sine">UnFocus</animation>
				<control type="image">
					<top>48</top>
					<width>480</width>
					<height>480</height>
					<aspectratio align="center">scale</aspectratio>
					<texture background="true">$INFO[ListItem.Icon]</texture>
				</control>
				<control type="image">
					<left>-48</left>
					<centertop>288</centertop>
					<width>576</width>
					<height>576</height>
					<texture border="51">views/shadow_fo.png</texture>
					<animation center="auto" condition="Control.HasFocus(50) | Container(50).OnNext | Container(50).OnPrevious" easing="inout" effect="fade" end="100" start="0" time="300" tween="sine">Focus</animation>
					<animation center="auto" condition="Container(50).OnNext | Container(50).OnPrevious" easing="inout" effect="fade" end="0" start="100" time="300" tween="sine">UnFocus</animation>
				</control>
				<control type="image">
					<left>-48</left>
					<centertop>288</centertop>
					<width>576</width>
					<height>576</height>
					<texture border="66,66,51,51">views/shadow_nf.png</texture>
					<animation center="auto" condition="Control.HasFocus(50)" easing="inout" effect="fade" end="0" start="100" time="300" tween="sine">Focus</animation>
					<animation center="auto" condition="Control.HasFocus(50)" easing="inout" effect="fade" end="100" start="0" time="300" tween="sine">UnFocus</animation>
				</control>
				<control type="image">
					<top>48</top>
					<width>480</width>
					<height>480</height>
					<texture border="2">views/season_overlay.png</texture>
					<visible>!StringCompare(ListItem.Label,..) + !SubString(ListItem.Icon,Default)</visible>
				</control>
				<control type="image">
					<left>17</left>
					<top>419</top>
					<width>62</width>
					<height>62</height>
					<texture>views/playlist_play.png</texture>
					<visible>!StringCompare(MusicPlayer.Title,ListItem.Title) | [!Player.Playing + StringCompare(MusicPlayer.Title,ListItem.Title)]</visible>
					<animation center="auto" condition="Control.HasFocus(50)" easing="inout" effect="fade" end="0" reversible="false" start="100" time="0" tween="sine">UnFocus</animation>
				</control>
				<control type="label">
					<left>98</left>
					<top>447</top>
					<width>366</width>
					<height>42</height>
					<font>Bold44</font>
					<scroll>false</scroll>
					<textcolor>ffffffff</textcolor>
					<shadowcolor>88000000</shadowcolor>
					<label>$INFO[ListItem.Title]</label>
					<visible>!StringCompare(ListItem.Label,..)</visible>
					<animation condition="!IsEmpty(ListItem.Artist)" effect="slide" end="0,-36" start="0,0">Conditional</animation>
					<animation center="auto" condition="Control.HasFocus(50)" easing="inout" effect="fade" end="0" reversible="false" start="100" time="0" tween="sine">UnFocus</animation>
				</control>
				<control type="label">
					<left>98</left>
					<top>462</top>
					<width>366</width>
					<height>28</height>
					<font>Med28</font>
					<scroll>false</scroll>
					<textcolor>ffffffff</textcolor>
					<shadowcolor>88000000</shadowcolor>
					<label>$INFO[ListItem.Artist]</label>
					<visible>!StringCompare(ListItem.Label,..) + !IsEmpty(ListItem.Artist)</visible>
					<animation center="auto" condition="Control.HasFocus(50)" easing="inout" effect="fade" end="0" reversible="false" start="100" time="0" tween="sine">UnFocus</animation>
				</control>
				<control type="label">
					<left>98</left>
					<top>447</top>
					<width>366</width>
					<height>42</height>
					<font>Bold44</font>
					<scroll>false</scroll>
					<textcolor>ffffffff</textcolor>
					<shadowcolor>88000000</shadowcolor>
					<label>$INFO[ListItem.Title]</label>
					<visible>!StringCompare(ListItem.Label,..) + Player.Playing + StringCompare(MusicPlayer.Title,ListItem.Title)</visible>
					<animation condition="!IsEmpty(ListItem.Artist)" effect="slide" end="0,-36" start="0,0">Conditional</animation>
					<animation center="auto" condition="Control.HasFocus(50)" easing="inout" effect="fade" end="0" reversible="false" start="100" time="0" tween="sine">Focus</animation>
				</control>
				<control type="label">
					<left>18</left>
					<top>447</top>
					<width>446</width>
					<height>42</height>
					<font>Bold44</font>
					<scroll>false</scroll>
					<textcolor>ffffffff</textcolor>
					<shadowcolor>88000000</shadowcolor>
					<label>$INFO[ListItem.Title]</label>
					<visible>Control.HasFocus(50)</visible>
					<visible>!StringCompare(ListItem.Label,..) + [[Player.HasAudio + !Player.Playing] | !StringCompare(MusicPlayer.Title,ListItem.Title)]</visible>
					<animation condition="!IsEmpty(ListItem.Artist)" effect="slide" end="0,-36" start="0,0">Conditional</animation>
					<animation center="auto" condition="Control.HasFocus(50)" easing="inout" effect="fade" end="0" reversible="false" start="100" time="0" tween="sine">Focus</animation>
				</control>
				<control type="image">
					<left>17</left>
					<top>419</top>
					<width>62</width>
					<height>62</height>
					<texture>views/equaliser.gif</texture>
					<visible>Player.Playing + StringCompare(MusicPlayer.Title,ListItem.Title)</visible>
				</control>
				<control type="label">
					<left>98</left>
					<top>462</top>
					<width>366</width>
					<height>28</height>
					<font>Med28</font>
					<scroll>false</scroll>
					<textcolor>ffffffff</textcolor>
					<shadowcolor>88000000</shadowcolor>
					<label>$INFO[ListItem.Artist]</label>
					<visible>!StringCompare(ListItem.Label,..) + !IsEmpty(ListItem.Artist) + Player.Playing + StringCompare(MusicPlayer.Title,ListItem.Title)</visible>
					<animation center="auto" condition="Control.HasFocus(50)" easing="inout" effect="fade" end="0" reversible="false" start="100" time="0" tween="sine">Focus</animation>
				</control>
				<control type="label">
					<left>18</left>
					<top>462</top>
					<width>446</width>
					<height>28</height>
					<font>Med28</font>
					<scroll>false</scroll>
					<textcolor>ffffffff</textcolor>
					<shadowcolor>88000000</shadowcolor>
					<label>$INFO[ListItem.Artist]</label>
					<visible>Control.HasFocus(50)</visible>
					<visible>!StringCompare(ListItem.Label,..) + !IsEmpty(ListItem.Artist) + [[Player.HasAudio + !Player.Playing] | !StringCompare(MusicPlayer.Title,ListItem.Title)]</visible>
					<animation center="auto" condition="Control.HasFocus(50)" easing="inout" effect="fade" end="0" reversible="false" start="100" time="0" tween="sine">Focus</animation>
				</control>
				<control type="image">
					<top>48</top>
					<width>480</width>
					<height>480</height>
					<texture>views/OverlayNF.png</texture>
					<animation center="auto" condition="Control.HasFocus(50)" easing="inout" effect="fade" end="0" start="100" time="300" tween="sine">Focus</animation>
					<animation center="auto" condition="Control.HasFocus(50)" easing="inout" effect="fade" end="100" start="0" time="300" tween="sine">UnFocus</animation>
				</control>
			</control>
		</focusedlayout>
	</include>
</includes>