<?xml version="1.0" encoding="UTF-8"?>
<includes>
	<!-- Default -->
	<include name="IncludeDialogSelectDefault">
		<!-- Hidden Button -->
		<control id="7" type="button">
			<include>HiddenControl</include>
		</control>
		<control id="1" type="label">
			<visible>false</visible>
		</control>
		<include>DialogBackgroundImage</include>
		<control type="group">
			<left>241</left>
			<top>300</top>
			<width>1437</width>
			<height>480</height>
			<visible>Control.IsVisible(3)</visible>
			<animation condition="[Window.IsVisible(settingscategory.xml) | Window.IsVisible(addonbrowser)] + Control.IsVisible(5) + String.IsEmpty(Window(home).Property(ForceDefaultLayout))" effect="slide" end="-43,-11">Conditional</animation>
			<animation condition="[Window.IsVisible(settingscategory.xml) | Window.IsVisible(addonbrowser)] + !Control.IsVisible(5) + String.IsEmpty(Window(home).Property(ForceDefaultLayout))" effect="slide" end="-283,-11">Conditional</animation>
			<animation condition="[Window.IsVisible(settingscategory.xml) | Window.IsVisible(addonbrowser)] + String.IsEmpty(Window(home).Property(ForceDefaultLayout))" reversible="false" type="WindowOpen">
				<effect end="100" start="0" time="200" type="fade" />
				<effect easing="inout" end="0,0" start="500,0" time="200" tween="sine" type="slide" />
			</animation>
			<animation condition="[Window.IsVisible(settingscategory.xml) | Window.IsVisible(addonbrowser)] + String.IsEmpty(Window(home).Property(ForceDefaultLayout))" reversible="false" type="WindowClose">
				<effect end="0" start="100" time="125" type="fade" />
				<effect easing="inout" end="500,0" start="0,0" time="125" tween="sine" type="slide" />
			</animation>
			<animation condition="[!Window.IsVisible(settingscategory.xml) + !Window.IsVisible(addonbrowser)] | !String.IsEmpty(Window(home).Property(ForceDefaultLayout))" reversible="false" type="WindowOpen">
				<effect end="100" start="0" time="200" type="fade" />
				<effect easing="inout" end="0,0" start="0,-40" time="200" tween="sine" type="slide" />
				<effect center="auto" easing="inout" end="100" start="84.5" time="200" tween="sine" type="zoom" />
			</animation>
			<animation condition="[!Window.IsVisible(settingscategory.xml) + !Window.IsVisible(addonbrowser)] | !String.IsEmpty(Window(home).Property(ForceDefaultLayout))" reversible="false" type="WindowClose">
				<effect end="0" start="100" time="125" type="fade" />
			</animation>
			<animation condition="!Control.IsVisible(5)" reversible="false" type="Conditional">
				<effect end="239.5,0" start="239.5,0" time="0" type="slide" />
			</animation>
			<control type="image">
				<width>1437</width>
				<height>480</height>
				<texture>settings/category_back.png</texture>
				<visible>Control.IsVisible(5)</visible>
			</control>
			<control type="image">
				<width>958</width>
				<height>480</height>
				<texture>settings/category_back_no_button.png</texture>
				<visible>!Control.IsVisible(5)</visible>
			</control>
			<control type="label">
				<left>40</left>
				<top>14</top>
				<height>30</height>
				<width>878</width>
				<aligny>center</aligny>
				<font>Bold30</font>
				<textcolor>ffdadada</textcolor>
				<label>$INFO[Control.GetLabel(1)]</label>
			</control>
			<control type="label">
				<right>520</right>
				<top>13</top>
				<width>878</width>
				<height>30</height>
				<font>Light30Spaced</font>
				<align>right</align>
				<textcolor>ff636364</textcolor>
				<label>[COLOR ffb2b2b2]$INFO[Container(3).CurrentItem][/COLOR] | $INFO[Container(3).NumItems]</label>
			</control>
			<control id="3" type="fixedlist">
				<top>60</top>
				<width>958</width>
				<height>420</height>
				<onleft condition="[Window.IsVisible(settingscategory.xml) | Window.IsVisible(addonbrowser)]">Back</onleft>
				<onleft>noop</onleft>
				<onright>20</onright>
				<onup>noop</onup>
				<ondown>noop</ondown>
				<movement>2</movement>
				<scrolltime>0</scrolltime>
				<focusposition>2</focusposition>
				<orientation>vertical</orientation>
				<animation condition="String.IsEqual(Container(3).NumItems,0) | String.IsEqual(Container(3).NumItems,1) | [String.IsEqual(Container(3).NumItems,2) + !Container(3).HasParent]" effect="slide" end="0,-168">Conditional</animation>
				<animation condition="[String.IsEqual(Container(3).NumItems,2) + Container(3).HasParent] | String.IsEqual(Container(3).NumItems,3) | [String.IsEqual(Container(3).NumItems,4) + !Container(3).HasParent]" effect="slide" end="0,-84">Conditional</animation>
				<itemlayout height="84" width="958">
					<control type="image">
						<width>958</width>
						<height>84</height>
						<texture border="3">settings/button_no_focus.png</texture>
					</control>
					<control type="label">
						<left>40</left>
						<width>878</width>
						<height>84</height>
						<font>Light32</font>
						<textcolor>ff505153</textcolor>
						<label>$INFO[ListItem.Label]</label>
					</control>
				</itemlayout>
				<focusedlayout height="84" width="958">
					<control type="image">
						<width>958</width>
						<height>84</height>
						<texture border="3">settings/button_focus.png</texture>
					</control>
					<control type="label">
						<left>40</left>
						<width>878</width>
						<height>84</height>
						<font>Light32</font>
						<textcolor>ffffaf37</textcolor>
						<label>$INFO[ListItem.Label]</label>
					</control>
				</focusedlayout>
			</control>
			<control type="image">
				<top>60</top>
				<width>958</width>
				<height>84</height>
				<visible>Container(3).HasPrevious</visible>
				<texture border="2" diffuse="settings/mask.png" flipy="true">settings/mask_back.png</texture>
			</control>
			<control type="image">
				<top>396</top>
				<width>958</width>
				<height>84</height>
				<visible>Container(3).HasNext</visible>
				<texture border="2" diffuse="settings/mask.png">settings/mask_back.png</texture>
			</control>
			<control id="20" type="button">
				<right>86</right>
				<bottom>33</bottom>
				<width>311</width>
				<height>76</height>
				<onleft>3</onleft>
				<onright>noop</onright>
				<onup>noop</onup>
				<ondown>noop</ondown>
				<onclick>SendClick(5)</onclick>
				<aligny>top</aligny>
				<font>Med24</font>
				<textoffsetx>23</textoffsetx>
				<textoffsety>27</textoffsety>
				<label>$INFO[Control.GetLabel(5)]</label>
				<visible>Control.IsVisible(5)</visible>
			</control>
		</control>
		<control type="group">
			<left>241.5</left>
			<top>300</top>
			<width>1437</width>
			<height>480</height>
			<visible>Control.IsVisible(6)</visible>
			<animation condition="[Window.IsVisible(settingscategory.xml) | Window.IsVisible(addonbrowser)] + !Window.IsVisible(gamecontrollers)" effect="slide" end="-43.5,-11">Conditional</animation>

			<animation condition="[Window.IsVisible(settingscategory.xml) | Window.IsVisible(addonbrowser)] + !Window.IsVisible(gamecontrollers)" reversible="false" type="WindowOpen">
				<effect end="100" start="0" time="200" type="fade" />
				<effect easing="inout" end="0,0" start="500,0" time="200" tween="sine" type="slide" />
			</animation>
			<animation condition="[Window.IsVisible(settingscategory.xml) | Window.IsVisible(addonbrowser)] + !Window.IsVisible(gamecontrollers)" reversible="false" type="WindowClose">
				<effect end="0" start="100" time="125" type="fade" />
				<effect easing="inout" end="500,0" start="0,0" time="125" tween="sine" type="slide" />
			</animation>

			<animation condition="[!Window.IsVisible(settingscategory.xml) + !Window.IsVisible(addonbrowser)] | Window.IsVisible(gamecontrollers)" reversible="false" type="WindowOpen">
				<effect end="100" start="0" time="200" type="fade" />
				<effect easing="inout" end="0,0" start="0,-40" time="200" tween="sine" type="slide" />
				<effect center="auto" easing="inout" end="100" start="90" time="200" tween="sine" type="zoom" />
			</animation>
			<animation condition="[!Window.IsVisible(settingscategory.xml) + !Window.IsVisible(addonbrowser)] | Window.IsVisible(gamecontrollers)" reversible="false" type="WindowClose">
				<effect end="0" start="100" time="125" type="fade" />
			</animation>

			<control type="image">
				<width>1437</width>
				<height>480</height>
				<texture>settings/category_back_list.png</texture>
			</control>
			<control type="label">
				<left>40</left>
				<top>14</top>
				<height>30</height>
				<width>778</width>
				<aligny>center</aligny>
				<font>Bold30</font>
				<textcolor>ffdadada</textcolor>
				<label>$INFO[Control.GetLabel(1)]</label>
			</control>
			<control type="label">
				<left>40</left>
				<top>13</top>
				<width>778</width>
				<height>30</height>
				<font>Light30Spaced</font>
				<align>right</align>
				<textcolor>ff636364</textcolor>
				<label>[COLOR ffb2b2b2]$INFO[Container(6).CurrentItem][/COLOR] | $INFO[Container(6).NumItems]</label>
			</control>
			<control id="6" type="fixedlist">
				<top>60</top>
				<width>858</width>
				<height>420</height>
				<onleft condition="[Window.IsVisible(settingscategory.xml) | Window.IsVisible(addonbrowser)]">Back</onleft>
				<onleft>noop</onleft>
				<onright>21</onright>
				<onup>noop</onup>
				<ondown>noop</ondown>
				<movement>1</movement>
				<scrolltime>0</scrolltime>
				<focusposition>1</focusposition>
				<orientation>vertical</orientation>
				<animation condition="String.IsEqual(Container(6).NumItems,0) | String.IsEqual(Container(6).NumItems,1) | [String.IsEqual(Container(6).NumItems,2) + !Container(6).HasParent]" effect="slide" end="0,-140">Conditional</animation>
				<itemlayout height="140" width="858">
					<control type="image">
						<width>858</width>
						<height>140</height>
						<texture border="3">settings/button_no_focus.png</texture>
					</control>
					<control type="image">
						<left>27</left>
						<top>17</top>
						<width>146</width>
						<height>106</height>
						<texture fallback="views/square_fallback.png">$INFO[Listitem.Icon]</texture>
						<aspectratio aligny="center">keep</aspectratio>
					</control>
					<control type="label">
						<left>192</left>
						<width>626</width>
						<height>140</height>
						<font>Light32</font>
						<textcolor>ff505153</textcolor>
						<label>$INFO[ListItem.Label]</label>
					</control>
				</itemlayout>
				<focusedlayout height="140" width="858">
					<control type="image">
						<width>858</width>
						<height>140</height>
						<texture border="3">settings/button_focus.png</texture>
					</control>
					<control type="image">
						<left>27</left>
						<top>17</top>
						<width>146</width>
						<height>106</height>
						<texture fallback="views/square_fallback.png">$INFO[Listitem.Icon]</texture>
						<aspectratio aligny="center">keep</aspectratio>
					</control>
					<control type="label">
						<left>192</left>
						<width>626</width>
						<height>140</height>
						<font>Light32</font>
						<textcolor>ffffaf37</textcolor>
						<label>$INFO[ListItem.Label]</label>
						<visible>Control.HasFocus(6)</visible>
					</control>
					<control type="label">
						<left>192</left>
						<width>626</width>
						<height>140</height>
						<font>Light32</font>
						<textcolor>ff505153</textcolor>
						<label>$INFO[ListItem.Label]</label>
						<visible>!Control.HasFocus(6)</visible>
					</control>
				</focusedlayout>
			</control>
			<control type="image">
				<left>898</left>
				<top>40</top>
				<width>499</width>
				<height>298</height>
				<aspectratio>keep</aspectratio>
				<texture fallback="views/square_fallback.png" colordiffuse="00ffffff">$INFO[Container(6).ListItem.Icon]</texture>
				<bordertexture>common/default_empty.png</bordertexture>
				<visible>Control.IsVisible(5)</visible>
			</control>
			<control type="image">
				<left>898</left>
				<top>40</top>
				<width>512</width>
				<height>315</height>
				<aspectratio>keep</aspectratio>
				<bordersize>0,0,13,17</bordersize>
				<texture fallback="views/square_fallback.png">$INFO[Container(6).ListItem.Icon]</texture>
				<bordertexture border="14,18,14,18">dialogs/shadow.png</bordertexture>
				<visible>Control.IsVisible(5)</visible>
			</control>
			<control type="image">
				<left>898</left>
				<top>40</top>
				<width>499</width>
				<height>400</height>
				<aspectratio>keep</aspectratio>
				<texture fallback="views/square_fallback.png" colordiffuse="00ffffff">$INFO[Container(6).ListItem.Icon]</texture>
				<bordertexture>common/default_empty.png</bordertexture>
				<visible>!Control.IsVisible(5)</visible>
			</control>
			<control type="image">
				<left>898</left>
				<top>40</top>
				<width>512</width>
				<height>417</height>
				<aspectratio>keep</aspectratio>
				<bordersize>0,0,13,17</bordersize>
				<texture fallback="views/square_fallback.png">$INFO[Container(6).ListItem.Icon]</texture>
				<bordertexture border="14,18,14,18">dialogs/shadow.png</bordertexture>
				<visible>!Control.IsVisible(5)</visible>
			</control>
			<control id="21" type="button">
				<right>134</right>
				<bottom>33</bottom>
				<width>311</width>
				<height>76</height>
				<onleft>6</onleft>
				<onright>noop</onright>
				<onup>noop</onup>
				<ondown>noop</ondown>
				<onclick>SendClick(5)</onclick>
				<aligny>top</aligny>
				<font>Med24</font>
				<textoffsetx>23</textoffsetx>
				<textoffsety>27</textoffsety>
				<label>$INFO[Control.GetLabel(5)]</label>
				<visible>Control.IsVisible(5)</visible>
			</control>
		</control>
		<control id="5" type="button">
			<include>HiddenControl</include>
			<visible>Control.IsEnabled(5)</visible>
		</control>
	</include>
	<!-- Special Rating -->
	<include name="IncludeDialogSelectSpecial">
		<!-- Hidden Controls -->
		<control id="1" type="label">
			<visible>false</visible>
		</control>
		<control id="3" type="list">
			<onleft>noop</onleft>
			<onright>noop</onright>
			<onup>noop</onup>
			<ondown>20</ondown>
			<include>HiddenHomeList</include>
		</control>
		<control id="5" type="button">
			<include>HiddenControl</include>
			<visible>Control.IsEnabled(5)</visible>
		</control>
		<control id="7" type="button">
			<include>HiddenControl</include>
		</control>
		<control id="21" type="button">
			<onleft condition="!String.IsEmpty(Container(3).ListItemNoWrap(-1).Label)">Control.Move(3,-1)</onleft>
			<onright condition="!String.IsEmpty(Container(3).ListItemNoWrap(1).Label)">Control.Move(3,1)</onright>
			<onup>noop</onup>
			<ondown>20</ondown>
			<include>HiddenControl</include>
		</control>
		<!-- Background -->
		<include>DialogBackgroundImage</include>
		<!-- Main group -->
		<control type="group">
			<include>DialogAnimation</include>
			<centerleft>50%</centerleft>
			<centertop>50%</centertop>
			<width>$PARAM[DialogWidth]</width>
			<height>323</height>
			<!-- Background -->
			<control type="image">
				<centerleft>50%</centerleft>
				<centertop>50%</centertop>
				<width>100%</width>
				<height>100%</height>
				<include>MessageBackground</include>
			</control>
			<control type="label">
				<left>-21</left>
				<top>-26</top>
				<width>$PARAM[LabelWidth]</width>
				<height>34</height>
				<font>Light23</font>
				<label>$LOCALIZE[31278]</label>
				<textcolor>ffdadada</textcolor>
			</control>
			<control type="image">
				<left>-21</left>
				<top>20</top>
				<width>$PARAM[LabelWidth]</width>
				<height>1</height>
				<texture>rating/dialog_select/line.png</texture>
			</control>
			<control type="image">
				<left>-21</left>
				<top>50</top>
				<width>$PARAM[IconWidth]</width>
				<height>292</height>
				<texture>$VAR[InfoImage]</texture>
				<aspectratio aligny="center">scale</aspectratio>
			</control>
			<control type="group">
				<animation effect="slide" end="-97" condition="String.IsEqual(Window(home).Property(SetUserRating),video)">Conditional</animation>
				<control type="label">
					<left>301</left>
					<top>69</top>
					<width>490</width>
					<height>48</height>
					<font>Reg37</font>
					<label>$LOCALIZE[31279]</label>
					<textcolor>ffdadada</textcolor>
				</control>
				<control type="image">
					<left>301</left>
					<top>159</top>
					<width>326</width>
					<height>58</height>
					<texture>$VAR[DialogSelectUserRating]</texture>
				</control>
				<control type="label">
					<left>651</left>
					<top>177</top>
					<width>490</width>
					<height>34</height>
					<font>Reg24</font>
					<label>$VAR[DialogSelectComment]</label>
					<textcolor>ffdadada</textcolor>
				</control>
				<control id="20" type="button">
					<left>295</left>
					<top>261</top>
					<width>502</width>
					<height>89</height>
					<onleft>noop</onleft>
					<onright>noop</onright>
					<onup>21</onup>
					<ondown>noop</ondown>
					<onclick>SetFocus(3)</onclick>
					<onclick>Select</onclick>
					<aligny>top</aligny>
					<align>center</align>
					<font>Med30</font>
					<textoffsetx>23</textoffsetx>
					<textoffsety>27</textoffsety>
					<label>$LOCALIZE[31280]</label>
				</control>
			</control>
		</control>
	</include>
</includes>
