<?xml version='1.0' encoding='UTF-8'?>
<shortcuts>
	<shortcut>
		<label>31201</label>
		<label2 />
		<defaultID>31201</defaultID>
		<icon />
		<thumb />
		<visible>Library.HasContent(TVShows)</visible>
		<action>ActivateWindow(1114)</action>
	</shortcut>
	<shortcut>
		<label>31001</label>
		<label2 />
		<defaultID>31001</defaultID>
		<icon />
		<thumb />
    <visible>System.HasAddon(script.tv.show.next.aired) + Library.HasContent(TVShows)</visible>
		<action>RunAddon(script.tv.show.next.aired,return)</action>
	</shortcut>
	<shortcut>
		<label>20388</label>
		<label2 />
		<defaultID>20388</defaultID>
		<icon />
		<thumb />
		<action>ActivateWindow(Videos,TVShowStudios,return)</action>
	</shortcut>
	<shortcut>
		<label>135</label>
		<label2 />
		<defaultID>135</defaultID>
		<icon />
		<thumb />
		<action>ActivateWindow(Videos,TVShowGenres,return)</action>
	</shortcut>
	<shortcut>
		<label>344</label>
		<label2 />
		<defaultID>344</defaultID>
		<icon />
		<thumb />
		<action>ActivateWindow(Videos,TVShowActors,return)</action>
	</shortcut>
	<shortcut>
		<label>652</label>
		<label2 />
		<defaultID>652</defaultID>
		<icon />
		<thumb />
		<action>ActivateWindow(Videos,TVShowYears,return)</action>
	</shortcut>
	<shortcut>
		<label>136</label>
		<label2 />
		<defaultID>136</defaultID>
		<icon />
		<thumb />
		<action>ActivateWindow(Videos,Playlists,return)</action>
	</shortcut>
	<shortcut>
		<label>14022</label>
		<label2 />
		<defaultID>14022</defaultID>
		<icon />
		<thumb />
		<action>ActivateWindow(Videos,root)</action>
	</shortcut>
	<shortcut>
		<label>744</label>
		<label2 />
		<defaultID>744</defaultID>
		<icon />
		<thumb />
		<action>ActivateWindow(Videos,Files,return)</action>
	</shortcut>
	<shortcut>
		<label>24001</label>
		<label2 />
		<defaultID>24001</defaultID>
		<icon />
		<thumb />
		<action>ActivateWindow(Videos,Addons,return)</action>
	</shortcut>
</shortcuts>
