<?xml version="1.0" encoding="UTF-8"?>
<window  id="12">
	<defaultcontrol>3</defaultcontrol>
	<allowoverlay>no</allowoverlay>
	<backgroundcolor>0</backgroundcolor>
	<onunload>SetFocus(9000)</onunload>
	<controls>
		<include>BackgroundItems</include>
		<control type="group">
			<include>Window_OpenClose_Animation</include>
			<include>DialogZoomInOutAnimation</include>
			<visible>!Window.IsActive(pvrchannelmanager) + !Window.IsActive(pvrgroupmanager)</visible>
			<control type="group">
				<include>Window_OpenClose_Animation</include>
				<control type="image">
					<include>FullscreenDimensions</include>
					<texture background="true">windows/settings/bg_settings.png</texture>
				</control>
				<control type="button" id="10">
					<description>Default Category Button</description>
					<width>295</width>
					<height>50</height>
					<font>FontSize_20</font>
					<textcolor>77white</textcolor>
					<focusedcolor>white</focusedcolor>
					<disabledcolor>33white</disabledcolor>
					<texturefocus>buttons/catbullet_fo.png</texturefocus>
					<texturenofocus>buttons/catbullet_nf.png</texturenofocus>
					<align>left</align>
					<aligny>center</aligny>
					<textwidth>250</textwidth>
					<textoffsetx>40</textoffsetx>
					<pulseonselect>false</pulseonselect>
				</control>
				<control type="button" id="7">
					<description>Default Button</description>
					<invalidcolor>invalid</invalidcolor>
					<include>SettingsButton</include>
				</control>
				<control type="radiobutton" id="8">
					<description>Default RadioButton</description>
					<include>SettingsRadioButton</include>
				</control>
				<control type="spincontrolex" id="9">
					<description>Default SpinControlex</description>
					<include>SettingsSpincontrolex</include>
				</control>
				<control type="edit" id="12">
					<description>Default edit</description>
					<include>SettingsButton</include>
				</control>
				<control type="sliderex" id="13">
					<description>Default Slider</description>
					<include>SettingsSliderex</include>
				</control>
			</control>
			<control type="group" id="9001">
				<include>Window_OpenClose_Animation</include>
				<left>100</left>
				<top>166</top>
				<height>40</height>
				<control type="grouplist" id="3">
					<description>Category Area</description>
					<left>0</left>
					<top>0</top>
					<width>295</width>
					<height>414</height>
					<itemgap>2</itemgap>
					<onleft>9000</onleft>
					<onright>5</onright>
					<onup>9000</onup>
					<ondown>93</ondown>
				</control>
				<control type="grouplist" id="5">
					<description>Controls Area</description>
					<left>298</left>
					<top>0</top>
					<width>782</width>
					<height>414</height>
					<itemgap>2</itemgap>
					<onleft>3</onleft>
					<onright>9000</onright>
					<onup>5</onup>
					<ondown>5</ondown>
					<pagecontrol>60</pagecontrol>
				</control>
				<control type="scrollbar" id="60">
					<left>1076</left>
					<top>2</top>
					<width>2</width>
					<height>410</height>
					<texturesliderbackground>thumbs/thumb75_back.png</texturesliderbackground>
					<texturesliderbar colordiffuse="22grey" border="0,0,0,0">white.png</texturesliderbar>
					<texturesliderbarfocus>views/scrollbar/scrollbar.png</texturesliderbarfocus>
					<textureslidernib>-</textureslidernib>
					<textureslidernibfocus>-</textureslidernibfocus>
					<onleft>8400</onleft>
					<onright>8800</onright>
					<showonepage>false</showonepage>
					<orientation>vertical</orientation>
					<animation effect="fade" start="100" end="0" time="0" condition="true">Conditional</animation>
				</control>
				<control type="label">
					<description>Page Count Label</description>
					<left>511</left>
					<top>-33</top>
					<width>553</width>
					<height>35</height>
					<font>FontSize_16B</font>
					<textcolor>88white</textcolor>
					<shadowcolor>99000000</shadowcolor>
					<scroll>false</scroll>
					<align>right</align>
					<aligny>center</aligny>
					<label>$LOCALIZE[31111]</label>
					<visible>Control.IsVisible(60)</visible>
					<include>VisibleFadeEffect3</include>
				</control>
			</control>
			<!--<control type="group">
				<control type="button" id="93">
					<description>Settings Level</description>
					<left>100</left>
					<top>531</top>
					<width>295</width>
					<height>50</height>
					<onup>3</onup>					
					<label>$LOCALIZE[31167] [COLOR=blue]$INFO[Control.GetLabel(20)][/COLOR]</label>					
					<onclick>SettingsLevelChange</onclick>					
					<font>FontSize_16</font>
					<textcolor>55white</textcolor>
					<focusedcolor>white</focusedcolor>
					<disabledcolor>33white</disabledcolor>
					<shadowcolor>99000000</shadowcolor>
					<texturefocus>buttons/focus.png</texturefocus>
					<texturenofocus>-</texturenofocus>
					<align>center</align>
					<aligny>center</aligny>
					<textoffsetx>15</textoffsetx>
					<textoffsety>12</textoffsety>
					<pulseonselect>false</pulseonselect>
					<visible>Window.IsActive(SystemSettings)</visible>
				</control>
			</control>-->
			<control type="button" id="20">
				<description>Settings Level Button</description>
				<visible>false</visible>
			</control>
			<control type="label" id="2">
				<description>Hidden label to get the values</description>
				<visible>false</visible>
			</control>
			<!--Description Category Labels-->
			<control type="group">
				<include>Window_OpenClose_Animation</include>
				<left>120</left>
				<top>163</top>
				<height>40</height>
				<control type="label">
					<description>Header Category Label</description>
					<left>-5</left>
					<top>-50</top>
					<width>1075</width>
					<height>50</height>
					<font>FontSize_36</font>
					<label>$VAR[SettingsCategoryHeadLabels]</label>
					<align>left</align>
					<aligny>center</aligny>
					<textcolor>white</textcolor>
					<shadowcolor>99000000</shadowcolor>
				</control>
				<!--<control type="textbox" id="6">
					<description>Description Area</description>
					<left>0</left>
					<top>425</top>
					<width>750</width>
					<height>45</height>
					<textcolor>33white</textcolor>
					<shadowcolor>44333333</shadowcolor>
					<font>FontSize_20</font>
					<align>left</align>
					<autoscroll>false</autoscroll>
					<label>-</label>
				</control>-->
				<control type="label" id="6">
					<description>Settings Level</description>
					<left>0</left>
					<top>424</top>
					<width>750</width>
					<height>30</height>		
					<font>FontSize_20</font>
					<align>left</align>
					<autoscroll>false</autoscroll>
					<label>-</label>			
					<textcolor>33white</textcolor>
					<shadowcolor>44333333</shadowcolor>					
					<align>right</align>
					<aligny>center</aligny>
					<scroll>true</scroll>
				</control>
				<control type="button" id="93">
					<description>Settings Level</description>
					<left>750</left>
					<top>417</top>
					<width>295</width>
					<height>46</height>
					<onup>3</onup>					
					<label>$LOCALIZE[31167] [COLOR=blue]$INFO[Control.GetLabel(20)][/COLOR]</label>					
					<onclick>SettingsLevelChange</onclick>					
					<textcolor>33white</textcolor>
					<shadowcolor>44333333</shadowcolor>
					<font>FontSize_20</font>
					<focusedcolor>white</focusedcolor>
					<disabledcolor>33white</disabledcolor>
					<texturefocus>buttons/settingslevelfocus.png</texturefocus>
					<texturenofocus>-</texturenofocus>
					<align>right</align>
					<textoffsety>12</textoffsety>
					<pulseonselect>false</pulseonselect>
					<visible>Window.IsVisible(SettingsCategory.xml)</visible>
				</control>
			</control>
		</control>
		<include>CommonNowPlaying</include>
		<include>CommonDialogsFadeOutBG</include>
		<include>SettingsMenu</include>
		<include>SettingsWeatherAndClock</include>
	</controls>
</window>
