<?xml version="1.0" encoding="UTF-8"?>
<window>
	<defaultcontrol always="true">50</defaultcontrol>
	<views>50</views>
	<controls>
	<include>BackgroundItemsPVR</include>

	<control type="group">
		<description>Channels</description>
    <include>DialogZoomInOutAnimation</include>
		<include>FullscreenDimensions</include>

		<control type="group">
      <visible>Control.IsVisible(50)</visible>
      <include>PVRAnimations</include>
		  <control type="group">
				<left>917</left>
				<top>270</top>
        <visible>Control.IsVisible(50)</visible>
				<control type="image">
          <description>Plot panel</description>
					<left>0</left>
					<top>0</top>
					<width>318</width>
					<height>345</height>
					<texture border="4">windows/pvr/seperator.png</texture>
		      <include>VisibleFadeEffect2</include>
				</control>
        <control type="label">
          <left>10</left>
          <top>5</top>
          <width>295</width>
					<height>35</height>
          <font>FontSize_20B</font>
          <label fallback="..">$INFO[Container(50).ListItem.Title]</label>
          <textcolor>99white</textcolor>
          <shadowcolor>99000000</shadowcolor>
          <scroll>false</scroll>
          <visible>Container(50).ListItem.HasEpg</visible>
        </control>
        <control type="label">
          <left>10</left>
          <top>32</top>
          <width>295</width>
					<height>25</height>
          <font>FontSize_18</font>
					<label>$INFO[Container(50).ListItem.StartTime,, - ]$INFO[Container(50).ListItem.EndTime]</label>
          <textcolor>99white</textcolor>
          <shadowcolor>99000000</shadowcolor>
          <scroll>false</scroll>
          <visible>Container(50).ListItem.HasEpg</visible>
        </control>
				<control type="textbox">
					<left>10</left>
					<top>65</top>
					<width>295</width>
					<height>227</height>
					<font>FontSize_18</font>
					<textcolor>99white</textcolor>
					<shadowcolor>99000000</shadowcolor>
					<align>justify</align>
					<autoscroll delay="8000" time="2000" repeat="8000">Skin.HasSetting(AutoScroll)</autoscroll>
          <label>$INFO[Container(50).ListItem.Plot]</label>
				</control>
        <control type="label">
          <left>10</left>
          <top>300</top>
          <width>295</width>
					<height>45</height>
          <font>FontSize_18</font>
          <label>$INFO[Container(50).ListItem.NextTitle,[B]$LOCALIZE[19031]:[/B] , ]$INFO[Container(50).ListItem.NextStartTime,(,)]</label>
          <textcolor>66white</textcolor>
          <shadowcolor>99000000</shadowcolor>
          <scroll>false</scroll>
          <visible>Container(50).ListItem.HasEpg</visible>
        </control>
  	  </control>
		  <control type="group">
        <include>LiveTV_InfoLabels</include>
        <visible>Control.IsVisible(50)</visible>
				<control type="list" id="50">
					<left>35</left>
					<top>270</top>
					<width>1190</width>
					<height>350</height>
					<onleft>31</onleft>
					<onright>60</onright>
					<onup>50</onup>
					<ondown>50</ondown>
	        <preloaditems>2</preloaditems>
					<viewtype label="535">list</viewtype>
					<pagecontrol>60</pagecontrol>
				  <scrolltime tween="cubic" easing="out">300</scrolltime>
					<itemlayout height="50">
			      <control type="group">
							<control type="image">
		            <description>Number Sep</description>
								<left>10</left>
								<top>0</top>
								<width>60</width>
								<height>45</height>
								<texture>windows/pvr/seperator.png</texture>
					      <include>VisibleFadeEffect2</include>
							</control>
							<control type="image">
		            <description>Label Sep</description>
								<left>74</left>
								<top>0</top>
								<width>265</width>
								<height>45</height>
								<texture>windows/pvr/seperator.png</texture>
					      <include>VisibleFadeEffect2</include>
							</control>
							<control type="image">
		            <description>Title Sep</description>
								<left>343</left>
								<top>0</top>
								<width>535</width>
								<height>45</height>
								<texture>windows/pvr/seperator.png</texture>
					      <include>VisibleFadeEffect2</include>
							</control>
							<control type="label">
								<left>10</left>
								<top>0</top>
								<width>60</width>
								<height>45</height>
								<font>FontSize_22</font>
								<textcolor>77white</textcolor>
								<shadowcolor>99000000</shadowcolor>
								<selectedcolor>selected</selectedcolor>
								<align>center</align>
								<aligny>center</aligny>
								<label>$INFO[ListItem.ChannelNumber]</label>
	              <visible>![ListItem.HasTimer + !ListItem.IsRecording]</visible>
							</control>
              <control type="image">
              	<left>25</left>
              	<top>10</top>
              	<width>32</width>
              	<height>32</height>
								<aspectratio>keep</aspectratio>
						    <colordiffuse>77ffffff</colordiffuse>
              	<texture>windows/pvr/timer.png</texture>
	              <visible>ListItem.HasTimer + !ListItem.IsRecording</visible>
              </control>
							<control type="label">
								<left>87</left>
								<top>0</top>
								<width>245</width>
								<height>45</height>
								<font>FontSize_22</font>
								<textcolor>77white</textcolor>
								<shadowcolor>99000000</shadowcolor>
								<selectedcolor>selected</selectedcolor>
								<align>left</align>
								<aligny>center</aligny>
								<label>$INFO[ListItem.Label]</label>
							</control>
							<control type="label">
								<left>355</left>
								<top>0</top>
								<width>490</width>
								<height>45</height>
								<font>FontSize_20</font>
								<textcolor>77white</textcolor>
								<shadowcolor>99000000</shadowcolor>
								<selectedcolor>selected</selectedcolor>
								<align>left</align>
								<aligny>center</aligny>
								<label fallback="..">$INFO[ListItem.Title]</label>
							</control>
							<control type="group">
								<left>285</left>
                <visible>ListItem.IsRecording</visible>
								<control type="label">
									<width>100</width>
									<height>50</height>
									<font>FontSize_12B</font>
									<textcolor>77white</textcolor>
									<shadowcolor>99000000</shadowcolor>
									<selectedcolor>selected</selectedcolor>
									<align>left</align>
									<aligny>center</aligny>
									<label>31035</label>
								</control>
	              <control type="image">
	              	<left>21</left>
	              	<top>9</top>
	              	<width>32</width>
	              	<height>32</height>
									<aspectratio>keep</aspectratio>
	              	<texture>windows/pvr/rec.png</texture>
	              </control>
							</control>
							<control type="group">
								<description>Progress</description>
								<visible>ListItem.HasEpg</visible>
								<left>837</left>
								<top>5</top>
								<control type="image">
									<width>36</width>
									<height>36</height>
									<aspectratio>stretch</aspectratio>
									<texture>windows/pvr/clock_progress/back.png</texture>
								</control>
								<control type="image">
									<width>36</width>
									<height>36</height>
									<aspectratio>stretch</aspectratio>
							    <colordiffuse>55ffffff</colordiffuse>
									<texture>$VAR[PVRTimeProgress]</texture>
								</control>
							</control>
							<control type="image">
								<left>10</left>
								<top>0</top>
								<width>868</width>
								<height>45</height>
								<texture>windows/pvr/selected.png</texture>
    					  <visible>ListItem.IsSelected | ListItem.IsPlaying</visible>
							</control>
	          </control>
					</itemlayout>
					<focusedlayout height="50">
			      <control type="group">
				      <include>PVRListFocusAnimation</include>
							<control type="image">
		            <description>Number Sep</description>
								<left>10</left>
								<top>0</top>
								<width>60</width>
								<height>45</height>
								<texture>windows/pvr/focus.png</texture>
					      <include>VisibleFadeEffect2</include>
							</control>
							<control type="image">
		            <description>Label Sep</description>
								<left>74</left>
								<top>0</top>
								<width>265</width>
								<height>45</height>
								<texture>windows/pvr/focus.png</texture>
					      <include>VisibleFadeEffect2</include>
							</control>
							<control type="image">
		            <description>Title Sep</description>
								<left>343</left>
								<top>0</top>
								<width>535</width>
								<height>45</height>
								<texture>windows/pvr/focus.png</texture>
					      <include>VisibleFadeEffect2</include>
							</control>
							<control type="label">
								<left>10</left>
								<top>0</top>
								<width>60</width>
								<height>45</height>
								<font>FontSize_22</font>
								<textcolor>white</textcolor>
								<shadowcolor>99000000</shadowcolor>
								<selectedcolor>selected</selectedcolor>
								<align>center</align>
								<aligny>center</aligny>
								<label>$INFO[ListItem.ChannelNumber]</label>
	              <visible>![ListItem.HasTimer + !ListItem.IsRecording]</visible>
							</control>
              <control type="image">
              	<left>25</left>
              	<top>10</top>
              	<width>32</width>
              	<height>32</height>
								<aspectratio>keep</aspectratio>
						    <colordiffuse>ccffffff</colordiffuse>
              	<texture>windows/pvr/timer.png</texture>
	              <visible>ListItem.HasTimer + !ListItem.IsRecording</visible>
              </control>
							<control type="label">
								<left>87</left>
								<top>0</top>
								<width>245</width>
								<height>45</height>
								<font>FontSize_22</font>
								<textcolor>white</textcolor>
								<shadowcolor>99000000</shadowcolor>
								<selectedcolor>selected</selectedcolor>
								<align>left</align>
								<aligny>center</aligny>
								<label>$INFO[ListItem.Label]</label>
							</control>
							<control type="label">
								<left>355</left>
								<top>0</top>
								<width>490</width>
								<height>45</height>
								<font>FontSize_20</font>
								<textcolor>white</textcolor>
								<shadowcolor>99000000</shadowcolor>
								<selectedcolor>selected</selectedcolor>
								<align>left</align>
								<aligny>center</aligny>
								<label fallback="..">$INFO[ListItem.Title]</label>
							</control>
							<control type="group">
								<left>285</left>
                <visible>ListItem.IsRecording</visible>
								<control type="label">
									<width>100</width>
									<height>50</height>
									<font>FontSize_12B</font>
									<textcolor>white</textcolor>
									<shadowcolor>99000000</shadowcolor>
									<selectedcolor>selected</selectedcolor>
									<align>left</align>
									<aligny>center</aligny>
									<label>31035</label>
								</control>
	              <control type="image">
	              	<left>21</left>
	              	<top>9</top>
	              	<width>32</width>
	              	<height>32</height>
									<aspectratio>keep</aspectratio>
	              	<texture>windows/pvr/rec.png</texture>
	              </control>
							</control>
							<control type="group">
								<description>Progress</description>
								<visible>ListItem.HasEpg</visible>
								<left>837</left>
								<top>5</top>
								<control type="image">
									<width>36</width>
									<height>36</height>
									<aspectratio>stretch</aspectratio>
									<texture>windows/pvr/clock_progress/back.png</texture>
								</control>
								<control type="image">
									<width>36</width>
									<height>36</height>
									<aspectratio>stretch</aspectratio>
							    <colordiffuse>99ffffff</colordiffuse>
									<texture>$VAR[PVRTimeProgress]</texture>
								</control>
							</control>
							<control type="image">
								<left>10</left>
								<top>0</top>
								<width>868</width>
								<height>45</height>
								<texture>windows/pvr/selected.png</texture>
    					  <visible>ListItem.IsSelected | ListItem.IsPlaying</visible>
							</control>
	          </control>
					</focusedlayout>
	
				</control>
				<control type="scrollbar" id="60">
					<left>914</left>
					<top>269</top>
					<width>2</width>
					<height>347</height>
					<texturesliderbackground>-</texturesliderbackground>
					<texturesliderbar border="0,14,0,14">views/scrollbar/scrollbar_pvr.png</texturesliderbar>
					<texturesliderbarfocus border="0,14,0,14">views/scrollbar/scrollbar_pvr.png</texturesliderbarfocus>
					<textureslidernib>-</textureslidernib>
					<textureslidernibfocus>-</textureslidernibfocus>
					<onleft>50</onleft>
					<onright>50</onright>
					<showonepage>false</showonepage>
					<orientation>vertical</orientation>
				  <animation effect="fade" start="100" end="0" time="250" condition="!Control.HasFocus(60)">Conditional</animation>
					<visible>Control.IsVisible(50)</visible>
				</control>
		  </control>
		</control>

	</control>

	<include>CommonDialogsFadeOutBG</include>
	<include>PVRControlsMenu</include>
	<include>CommonScrollingLetters</include>
	<include>CommonNowPlaying</include>
	<include>CommonWeatherAndClock</include>



	</controls>
</window>
