<?xml version="1.0" encoding="UTF-8"?>
<includes>
	<!--======================-->
	<!--Main Home List Buttons-->
	<!--======================-->
	<include name="HomeMenuWraplist">
		<control type="group">
			<!--<animation effect="slide" time="0" start="0,0" end="0,100" condition="true">Conditional</animation>-->
			<visible allowhiddenfocus="true">!Window.IsActive(1110) + !Window.IsActive(1113) + !Window.IsActive(1114) + !Window.IsActive(1115) + !Window.IsActive(selectdialog) + !Window.IsActive(virtualkeyboard) + !Window.IsActive(ShutdownMenu) + !Window.IsActive(Favourites) + !Window.IsActive(ProgressDialog) + !Window.IsActive(PlayerControls) + !Window.IsActive(script-globalsearch-main.xml) + !Window.IsActive(script-ExtendedInfo Script-DialogInfo.xml) + !Window.IsActive(script-ExtendedInfo Script-DialogVideoInfo.xml) + !Window.IsActive(script-skinshortcuts.xml)</visible>
			<include>HomeSlideAnimations</include>
			<control type="group">
				<include>HomeSlideAnimations</include>
				<control type="image">
					<include>FullscreenDimensions</include>			
					<texture background="true">views/list/shine.png</texture>
					<visible>!Skin.HasTheme(Original-Bello) + !Window.IsActive(playercontrols)</visible>
					<animation effect="fade" time="0" start="100" end="75" condition="!Skin.HasTheme(ElegantDark) + [Control.HasFocus(20) | ControlGroup(21).HasFocus | Control.HasFocus(23)]">Conditional</animation>
					<animation effect="fade" time="0" start="100" end="50" condition="Skin.HasTheme(ElegantDark) + [Control.HasFocus(20) | ControlGroup(21).HasFocus | Control.HasFocus(23)]">Conditional</animation>
				</control>
				<control type="image">
					<include>FullscreenDimensions</include>
					<texture background="true">windows/bg/black_pulse.png</texture>
					<animation effect="fade" time="0" end="70" condition="true">Conditional</animation>
					<visible>Skin.HasSetting(DisablePurpleBar)</visible>
				</control>
				<control type="image">
					<include>FullscreenDimensions</include>
					<texture background="true">windows/bg/colors_pulse.png</texture>
					<visible>!Skin.HasSetting(HomeMenuAnimation) + !Skin.HasSetting(DisablePurpleBar)</visible>
				</control>
				<control type="image">
					<height>720</height>
					<width>3280</width>
					<texture>windows/bg/colors_pulse.png</texture>
					<animation type="Conditional" condition="true" loop="true" reversible="false">
						<effect type="slide" start="0,0" end="-2000,0" time="20350" />
						<effect type="slide" start="0,0" end="2000,0" time="20350" delay="20350"/>
					</animation>
					<visible>Skin.HasSetting(HomeMenuAnimation) + !Skin.HasSetting(DisablePurpleBar)</visible>
				</control>

				<!--<control type="group">
					<include>WidgetMainMenuSlideAnimations</include>
					<animation effect="zoom" time="0" tween="0" easing="0" start="100" end="25" center="635,200" condition="true">Conditional</animation>
					<top>262</top>
					<left>419</left>
					<width>734</width>
					<height>275</height>
					<control type="image">
						<left>-121.5</left>
						<top>5</top>
						<width>116.5</width>
						<height>167.5</height>
						<aspectratio align="center" aligny="center" scalediffuse="false">stretch</aspectratio>
						<texture background="true" diffuse="osd/widgets/poster_diffuse.png">$INFO[Container(250).ListItem(0).Thumb]</texture>
						<fadetime>800</fadetime>
					</control> 
					<control type="image">
						<left>22</left>
						<top>5</top>
						<width>116.5</width>
						<height>167.5</height>
						<aspectratio align="center" aligny="center" scalediffuse="false">stretch</aspectratio>
						<texture background="true" diffuse="osd/widgets/poster_diffuse.png">$INFO[Container(250).ListItem(1).Thumb]</texture>
						<fadetime>800</fadetime>
					</control> 
					<control type="image">
						<left>166</left>
						<top>5</top>
						<width>116.5</width>
						<height>167.5</height>
						<aspectratio align="center" aligny="center" scalediffuse="false">stretch</aspectratio>
						<texture background="true" diffuse="osd/widgets/poster_diffuse.png">$INFO[Container(250).ListItem(2).Thumb]</texture>
						<fadetime>800</fadetime>
					</control>
					<control type="image">
						<left>310</left>
						<top>5</top>
						<width>116.5</width>
						<height>167.5</height>
						<aspectratio align="center" aligny="center" scalediffuse="false">stretch</aspectratio>
						<texture background="true" diffuse="osd/widgets/poster_diffuse.png">$INFO[Container(250).ListItem(3).Thumb]</texture>
						<fadetime>800</fadetime>
					</control>
					<control type="image">
						<left>454</left>
						<top>5</top>
						<width>116.5</width>
						<height>167.5</height>
						<aspectratio align="center" aligny="center" scalediffuse="false">stretch</aspectratio>
					<texture background="true" diffuse="osd/widgets/poster_diffuse.png">$INFO[Container(250).ListItem(4).Thumb]</texture>
						<fadetime>800</fadetime>
					</control>	
				</control>-->

				<control type="wraplist" id="20">
					<include>WidgetMainMenuSlideAnimations</include>
					<description>Home Container</description>
					<left>-10</left>
					<top>110</top>
					<width>1500</width>
					<height>720</height>
					<align>center</align>
					<onup condition="StringCompare(Container(20).ListItem.Property(widget),movies)">SetFocus(90501)</onup>
					<onup condition="StringCompare(Container(20).ListItem.Property(widget),tvshows)">SetFocus(90601)</onup>
					<onup condition="StringCompare(Container(20).ListItem.Property(widget),music)">SetFocus(45)</onup>
					<onup condition="StringCompare(Container(20).ListItem.Property(widget),tunein)">SetFocus(90801)</onup>
					<onup condition="StringCompare(Container(20).ListItem.Property(widget),widgetgroup1)">SetFocus(90901)</onup>
					<onup condition="StringCompare(Container(20).ListItem.Property(widget),widgetgroup2)">SetFocus(90911)</onup>
					<onup condition="StringCompare(Container(20).ListItem.Property(widget),widgetgroup3)">SetFocus(90931)</onup>
					<onup condition="StringCompare(Container(20).ListItem.Property(widget),widgetgroup4)">SetFocus(90941)</onup>
					<onup condition="StringCompare(Container(20).ListItem.Property(widget),rssvideowidget)">SetFocus(90991)</onup>					
					<onup condition="StringCompare(Container(20).ListItem.Property(widget),amazondb)">SetFocus(90731)</onup>
					<onup condition="StringCompare(Container(20).ListItem.Property(widget),amazon)">SetFocus(90741)</onup>					
					<onup condition="StringCompare(Container(20).ListItem.Property(widget),youtube)">SetFocus(90981)</onup>					
					<onup condition="SubString(Container(20).ListItem.Property(widgetPlaylist),playlists/music)">SetFocus(90711)</onup>
					<onup condition="SubString(Container(20).ListItem.Property(widgetPlaylist),playlists/video)">SetFocus(90721)</onup>
					<onup condition="IsEmpty(Container(20).ListItem.Property(widget))">SetFocus(21)</onup>
					<ondown condition="IntegerGreaterThan(Container(23).NumItems,0)">SetFocus(23)</ondown>					
					<onleft>20</onleft>
					<onright>20</onright>
					<itemgap>0</itemgap>
					<orientation>horizontal</orientation>
					<focusposition>1</focusposition>
					<scrolltime tween="Quadratic" easing="out">300</scrolltime>
					<itemlayout width="400">
						<control type="label">
							<left>0</left>
							<top>200</top>
							<width>400</width>
							<textcolor>55white</textcolor>
							<shadowcolor>55000000</shadowcolor>
							<font>FontSize_65</font>
							<align>center</align>
							<label>$INFO[ListItem.Label]</label>
						</control>
					</itemlayout>
					<focusedlayout width="500">
						<control type="group">
							<animation type="Conditional" condition="!ControlGroup(21).HasFocus + !Window.IsVisible(Selectdialog)">
								<effect type="zoom" start="80" end="100" time="200" tween="sine" easing="out" center="318,200" />
								<effect type="fade" start="35" end="100" time="200" tween="sine" easing="out" />
							</animation>
							<control type="label">
								<left>-15</left>
								<top>200</top>
								<width>530</width>
								<textcolor>white</textcolor>
								<shadowcolor>55000000</shadowcolor>
								<font>FontSize_100</font>
								<align>center</align>
								<label>$INFO[ListItem.Label]</label>
							</control>
							<control type="group">
								<visible>Control.HasFocus(20)</visible>
								<animation effect="fade" time="250">Visible</animation>
								<animation effect="fade" time="0">Hidden</animation>
								<control type="image" id="201">
									<left>240</left>
									<top>265</top>
									<width>21</width>
									<height>18</height>
									<texture background="true">buttons/arrow.png</texture>
									<colordiffuse>CCFFFFFF</colordiffuse>
									<visible>!ControlGroup(21).HasFocus + !Control.HasFocus(23)</visible>
									<visible>IntegerGreaterThan(Container(23).NumItems,0)</visible>
									<animation effect="fade" time="100" reversible="false">Visible</animation>
									<animation effect="fade" time="100" reversible="false">Hidden</animation>
									<animation effect="slide" end="-12,0" time="200" condition="!IsEmpty(Container(20).ListItem.Property(widget))" reversible="false">Conditional</animation>
									<animation type="Conditional" condition="Skin.HasSetting(HomeMenuArrowAnimation)" pulse="true">
										<effect type="fade" start="0" end="100" delay="900" time="900"  />
										<effect type="slide" start="0,-2" end="0,4" tween="sine" easing="inout" delay="900" time="900" />
									</animation>
								</control>
								<control type="image" id="202">
									<left>240</left>
									<top>265</top>
									<width>21</width>
									<height>18</height>
									<texture background="true">buttons/arrow_top.png</texture>
									<colordiffuse>CCFFFFFF</colordiffuse>
									<visible>!IsEmpty(Container(20).ListItem.Property(widget))</visible>
									<animation effect="fade" time="100" reversible="false">Visible</animation>
									<animation effect="fade" time="100" reversible="false">Hidden</animation>
									<animation effect="slide" end="12,0" time="200" condition="IntegerGreaterThan(Container(23).NumItems,0)" reversible="false">Conditional</animation>
									<animation type="Conditional" condition="Skin.HasSetting(HomeMenuArrowAnimation)" pulse="true">
										<effect type="fade" start="0" end="100" delay="900" time="900"  />
										<effect type="slide" start="0,2" end="0,-4" tween="sine" easing="inout" delay="900" time="900" />
									</animation>
								</control>
							</control>
						</control>
					</focusedlayout>
					<content>
						<include>skinshortcuts-mainmenu</include>
					</content>
				</control>
			</control>
		</control>
	</include>

	<!--===========-->
	<!--TopHomeMenu-->
	<!--===========-->
	<include name="TopHomeMenu">
		<control type="group">
			<left>45</left>
			<top>25</top>
			<visible>![Window.IsActive(1113) | Window.IsActive(1114) | Window.IsActive(1115) | Window.IsActive(ShutdownMenu) | [Window.IsActive(ContextMenu) + [Window.IsVisible(Favourites) | Window.IsVisible(playercontrols)]] | Window.IsActive(script-globalsearch-main.xml) | Window.IsActive(Favourites)]</visible>
			<include>HomeSlideAnimations</include>
			<control type="grouplist" id="21">
				<left>0</left>
				<top>0</top>
				<height>0</height>
				<width>0</width>
				<itemgap>0</itemgap>
				<onleft>21</onleft>
				<onright>21</onright>
				<onup>20</onup>
				<ondown>20</ondown>
				<align>left</align>
				<orientation>horizontal</orientation>
				<control type="button" id="210">
					<description>Favorites</description>
					<include>TopButton</include>
					<onclick>SetFocus(20)</onclick>
					<onclick>ActivateWindow(favourites)</onclick>
				</control>
				<control type="button" id="211">
					<description>Search</description>
					<include>TopButton</include>
					<onclick>SetFocus(20)</onclick>
					<onclick>RunScript(script.globalsearch)</onclick>
				</control>
				<control type="button" id="212">
					<description>Refresh Library</description>
					<include>TopButton</include>
					<onclick>SetProperty(Dialog.1.Label,$LOCALIZE[31059])</onclick>
					<onclick>SetProperty(Dialog.1.BuiltIn,UpdateLibrary(video)||SetFocus(20))</onclick>
					<onclick>SetProperty(Dialog.2.Label,$LOCALIZE[31060])</onclick>
					<onclick>SetProperty(Dialog.2.BuiltIn,UpdateLibrary(music)||SetFocus(20))</onclick>
					<onclick>SetProperty(Dialog.3.Label,$LOCALIZE[31061])</onclick>
					<onclick>SetProperty(Dialog.3.BuiltIn,CleanLibrary(video)||SetFocus(20))</onclick>
					<onclick>SetProperty(Dialog.4.Label,$LOCALIZE[31062])</onclick>
					<onclick>SetProperty(Dialog.4.BuiltIn,CleanLibrary(music)||SetFocus(20))</onclick>
					<onclick>RunScript(script.toolbox,info=selectdialog,header=$LOCALIZE[799])</onclick>
					<visible>!Skin.HasSetting(DisableLibraryRefreshButton)</visible>
					<onclick>SetProperty(Dialog.5.Label,$LOCALIZE[31093])</onclick>
					<onclick>SetProperty(Dialog.5.BuiltIn,RunScript(script.imdbupdate,all,hidden)||SetFocus(20))</onclick>	
				</control>
				<control type="button" id="214">
					<description>Power</description>
					<include>TopButton</include>
					<onclick>SetFocus(20)</onclick>
					<onclick>ActivateWindow(shutdownmenu)</onclick>
				</control>
			</control>
			<control type="image">
				<include>HomeSlideAnimations</include>
				<width>50</width>
				<top>2</top>
				<left>-3</left>
				<height>50</height>
				<texture background="true" colordiffuse="blue">kodo-symbol-white.png</texture>
				<aspectratio>keep</aspectratio>
				<!--<animation effect="slide" time="0" start="0,0" end="0,8" condition="Skin.HasSetting(ShowLibraryTotals)">Conditional</animation>-->
				<visible>!Skin.HasSetting(ShowKodiSymbol)</visible>ShowLibraryTotals
			</control>
			<control type="grouplist">
				<animation effect="slide" time="0" start="0,0" end="50,0" condition="!Skin.HasSetting(ShowKodiSymbol)">Conditional</animation>
				<left>0</left>
				<top>0</top>
				<height>70</height>
				<width>1190</width>
				<itemgap>20</itemgap>
				<align>left</align>
				<orientation>horizontal</orientation>
				<include>HomeSlideAnimations</include>		
				<control type="label">
					<include>TopBigLabel</include>
					<label>10000</label>
				</control>
				<control type="label">
					<include>TopSmallLabel</include>
					<label>$LOCALIZE[1036]</label>
					<animation effect="fade" start="100" end="70" time="100" tween="sine" easing="in" condition="!Control.HasFocus(210)" reversible="true">Conditional</animation>
					<animation effect="zoom"  start="100" end="95" time="100" tween="sine" easing="in" center="auto" condition="!Control.HasFocus(210)" reversible="true">Conditional</animation>
				</control>
				<control type="label">
					<include>TopSmallLabel</include>
					<label>$LOCALIZE[137]</label>
					<animation effect="fade" start="100" end="70" time="100" tween="sine" easing="in" condition="!Control.HasFocus(211)" reversible="true">Conditional</animation>
					<animation effect="zoom"  start="100" end="95" time="100" tween="sine" easing="in" center="auto" condition="!Control.HasFocus(211)" reversible="true">Conditional</animation>
				</control>
				<control type="label">
					<include>TopSmallLabel</include>
					<label>$LOCALIZE[799]</label>
					<animation effect="fade" start="100" end="70" time="100" tween="sine" easing="in" condition="!Control.HasFocus(212)" reversible="true">Conditional</animation>
					<animation effect="zoom"  start="100" end="95" time="100" tween="sine" easing="in" center="auto" condition="!Control.HasFocus(212)" reversible="true">Conditional</animation>
					<visible>!Skin.HasSetting(DisableLibraryRefreshButton)</visible>
				</control>
				<control type="label">
					<include>TopSmallLabel</include>
					<label>$LOCALIZE[33060]</label>
					<animation effect="fade" start="100" end="70" time="100" tween="sine" easing="in" condition="!Control.HasFocus(214)" reversible="true">Conditional</animation>
					<animation effect="zoom"  start="100" end="95" time="100" tween="sine" easing="in" center="auto" condition="!Control.HasFocus(214)" reversible="true">Conditional</animation>
				</control>
			</control>
			<control type="group">
				<visible>Skin.HasSetting(ShowLibraryTotals)</visible>
				<animation effect="slide" end="-3,3" reversible="false" condition="stringcompare(System.Language,Greek) | stringcompare(System.Language,Italian)">Conditional</animation>
				<include>HomeSlideAnimations</include>
				<control type="fadelabel">
					<animation effect="slide" time="0" start="0,0" end="0,0" condition="!Skin.HasSetting(ShowKodiSymbol)">Conditional</animation>
					<left>3</left>
					<top>48</top>
					<width>500</width>
					<height>20</height>
					<font>FontSize_18</font>
					<textcolor>blue</textcolor>
					<shadowcolor>55000000</shadowcolor>
					<align>left</align>
					<aligny>center</aligny>
					<label>$INFO[Window(Home).Property(Movies.Count),$LOCALIZE[20342]: ]</label>
					<label>$INFO[Window(Home).Property(TVShows.Count),$LOCALIZE[31002]: ]</label>
					<label>$INFO[Window(Home).Property(Music.AlbumsCount),$LOCALIZE[132]: ]</label>
					<label>$INFO[Window(Home).Property(Music.SongsCount),$LOCALIZE[134]: ]</label>
					<scroll>false</scroll>
					<scrollout>false</scrollout>
					<scrollspeed>100</scrollspeed>
					<pauseatend>8000</pauseatend>
				</control>
			</control>
		</control>
	</include>
</includes>