<?xml version="1.0" encoding="UTF-8" standalone="yes"?>
<addon id="script.imdbupdate" name="IMDB Update" version="0.7.0a" provider-name="Jandalf">
	<requires>
		<import addon="xbmc.python"			version="2.19.0"/>
		<import addon="xbmc.gui"			version="5.3.0"	/>
		<import addon="xbmc.addon"			version="14.0.0"/>
	</requires>
	<extension point="xbmc.python.script"	library="default.py" />
	<extension point="xbmc.service"			library="service.py" />
	<extension point="xbmc.addon.metadata">
		<platform>all</platform>
		<summary lang="en">Updates movie ratings and Top250 from IMDB.</summary>
		<forum>http://forum.xbmc.org/showthread.php?tid=167754</forum>
		<source>https://github.com/Jandalf/IMDB-Update</source>
		<license>GNU GENERAL PUBLIC LICENSE Version 3, 29 June 2007</license>
	</extension>
</addon>
