<?xml version="1.0" encoding="UTF-8"?>
<window>
	<!-- addoninformation -->
	<defaultcontrol always="true">9001</defaultcontrol>
	<onload condition="!String.Contains(Control.GetLabel(13),*) | String.IsEmpty(Skin.String(AutoUpdate))">Skin.SetString(AutoUpdate,off)</onload>
	<onunload>ClearProperty(AddonDetails,home)</onunload>
	<onunload>SetFocus(50)</onunload>
	<animation effect="fade" end="100" start="100" time="200">WindowClose</animation>
	<controls>
		<!-- Hidden Description -->
		<control type="textbox">
			<left>-1200</left>
			<width>792</width>
			<height>528</height>
			<align>left</align>
			<font>Light30</font>
			<pagecontrol>96</pagecontrol>
			<autoscroll>false</autoscroll>
			<textcolor>ffa4a4a4</textcolor>
			<label>$INFO[ListItem.AddonDescription]</label>
		</control>
		<!-- Hidden scrollbar -->
		<control id="96" type="scrollbar">
			<left>-1200</left>
			<top>295</top>
			<width>792</width>
			<height>528</height>
			<showonepage>false</showonepage>
			<orientation>vertical</orientation>
		</control>
		<!-- Hidden Button -->
		<control id="13" type="radiobutton">
			<include>HiddenControl</include>
			<visible>Control.IsEnabled(13)</visible>
		</control>
		<!-- Background -->
		<include>BackgroundImage</include>
		<!-- Fanart -->
		<control type="group">
			<control type="image">
				<include>FullscreenDimensions</include>
				<colordiffuse>26ffffff</colordiffuse>
				<texture background="true">$VAR[Fanart]</texture>
			</control>
			<include>DialogVideoInfoAnimation</include>
		</control>
		<control type="group">
			<left>90</left>
			<top>99</top>
			<include>DialogVideoInfoAnimation</include>
			<animation effect="fade" end="100" start="0" time="200">WindowOpen</animation>
			<!-- Icon -->
			<control type="image">
				<width>336</width>
				<height>336</height>
				<texture>DefaultAddon.png</texture>
				<aspectratio>scale</aspectratio>
			</control>
			<control type="image">
				<width>336</width>
				<height>336</height>
				<texture>$INFO[ListItem.Icon]</texture>
				<aspectratio>scale</aspectratio>
			</control>
			<control id="7000" type="button">
				<top>374</top>
				<width>480</width>
				<height>35</height>
				<onup condition="!Control.IsVisible(96)">Close</onup>
				<onup condition="Control.IsVisible(96)">3002</onup>
				<ondown>7001</ondown>
				<onleft>Close</onleft>
				<onright>9000</onright>
				<onfocus>ClearProperty(AddonDetails,home)</onfocus>
				<font>Light35</font>
				<textcolor>ffdadada</textcolor>
				<focusedcolor>ffffc24b</focusedcolor>
				<label>$LOCALIZE[31026]</label>
				<include>NoTextures</include>
				<animation condition="!String.IsEmpty(Window(home).Property(AddonDetails))" effect="fade" end="50" start="100" time="0">Conditional</animation>
			</control>
			<control id="7001" type="button">
				<top>429</top>
				<width>480</width>
				<height>35</height>
				<onup>7000</onup>
				<ondown>noop</ondown>
				<onleft>Close</onleft>
				<onright>noop</onright>
				<onright condition="Control.IsVisible(96)">3002</onright>
				<onfocus>SetProperty(AddonDetails,1,home)</onfocus>
				<font>Light35</font>
				<textcolor>ffdadada</textcolor>
				<focusedcolor>ffffc24b</focusedcolor>
				<label>$LOCALIZE[31029]</label>
				<include>NoTextures</include>
				<animation condition="String.IsEmpty(Window(home).Property(AddonDetails))" effect="fade" end="50" start="100" time="0">Conditional</animation>
			</control>
		</control>
		<control type="group">
			<left>460</left>
			<top>99</top>
			<animation effect="fade" end="100" start="0" time="200" delay="400">WindowOpen</animation>
			<!-- Heading -->
			<control type="label">
				<top>-10</top>
				<width>1170</width>
				<height>48</height>
				<font>Med48</font>
				<scroll>true</scroll>
				<textcolor>ffdadada</textcolor>
				<scrollspeed>100</scrollspeed>
				<label>$INFO[ListItem.AddonName]</label>
				<include>DialogVideoInfoAnimation</include>
			</control>
			<!-- Type -->
			<control type="group">
				<top>57</top>
				<height>36</height>
				<include>DialogVideoInfoAnimation</include>
				<animation condition="Control.HasFocus(1500) | Control.HasFocus(2500)" effect="fade" end="0" start="100" time="0">Conditional</animation>
				<animation condition="!Control.HasFocus(1500) + !Control.HasFocus(2500)" delay="200" effect="fade" end="100" start="0" time="80">Conditional</animation>
				<control type="textbox">
					<width>1192</width>
					<height>36</height>
					<align>left</align>
					<font>Reg30Spaced</font>
					<autoscroll>false</autoscroll>
					<textcolor>ffbbbbbb</textcolor>
					<label>[B]$LOCALIZE[146][/B] [LIGHT]$INFO[ListItem.AddonType][/LIGHT]</label>
					<include>DialogVideoInfoAnimation</include>
				</control>
			</control>
			<!-- Version -->
			<control type="group">
				<top>97</top>
				<height>36</height>
				<include>DialogVideoInfoAnimation</include>
				<animation condition="Control.HasFocus(1500) | Control.HasFocus(2500)" effect="fade" end="0" start="100" time="0">Conditional</animation>
				<animation condition="!Control.HasFocus(1500) + !Control.HasFocus(2500)" delay="200" effect="fade" end="100" start="0" time="80">Conditional</animation>
				<control type="textbox">
					<width>1192</width>
					<height>36</height>
					<align>left</align>
					<font>Reg30Spaced</font>
					<autoscroll>false</autoscroll>
					<textcolor>ffbbbbbb</textcolor>
					<label>[B]$LOCALIZE[24051][/B] [LIGHT]$INFO[ListItem.AddonVersion][/LIGHT]</label>
					<include>DialogVideoInfoAnimation</include>
				</control>
			</control>
			<!-- Creator -->
			<control type="group">
				<top>137</top>
				<height>36</height>
				<include>DialogVideoInfoAnimation</include>
				<animation condition="Control.HasFocus(1500) | Control.HasFocus(2500)" effect="fade" end="0" start="100" time="0">Conditional</animation>
				<animation condition="!Control.HasFocus(1500) + !Control.HasFocus(2500)" delay="200" effect="fade" end="100" start="0" time="80">Conditional</animation>
				<control type="textbox">
					<width>1192</width>
					<height>76</height>
					<align>left</align>
					<font>Reg30Spaced</font>
					<autoscroll>false</autoscroll>
					<textcolor>ffbbbbbb</textcolor>
					<label>[B]$LOCALIZE[31151]:[/B] [LIGHT]$INFO[ListItem.AddonCreator][/LIGHT]</label>
					<include>DialogVideoInfoAnimation</include>
				</control>
			</control>
			<control type="group">
				<animation condition="!String.IsEmpty(Window(home).Property(AddonDetails))" effect="fade" end="0" start="100" time="0">Conditional</animation>
				<!-- Summary -->
				<control type="textbox">
					<top>235</top>
					<width>792</width>
					<height>74</height>
					<align>left</align>
					<font>Light30</font>
					<autoscroll>false</autoscroll>
					<textcolor>ffbbbbbb</textcolor>
					<label>$INFO[ListItem.AddonSummary]</label>
					<include>DialogVideoInfoAnimation</include>
				</control>
				<!-- Button grouplist -->
				<control id="9000" type="grouplist">
					<left>-12</left>
					<top>346</top>
					<width>1620</width>
					<height>116</height>
					<itemgap>0</itemgap>
					<onleft>7000</onleft>
					<onright>noop</onright>
					<orientation>horizontal</orientation>
					<include>DialogVideoInfoAnimation</include>
					<defaultcontrol always="true">9001</defaultcontrol>
					<animation condition="Control.HasFocus(50) | Control.HasFocus(5000)" effect="slide" end="0,-192" start="0,0" time="200">Conditional</animation>
					<!-- Dummy to always set focus to first visible button -->
					<control id="9001" type="button">
						<width>0</width>
						<height>0</height>
						<label>-</label>
						<onfocus>Right</onfocus>
						<include>NoTextures</include>
						<visible>!Control.HasFocus(12) + !Control.HasFocus(9) + !Control.HasFocus(20) + !Control.HasFocus(6) + !Control.HasFocus(7) + !Control.HasFocus(8) + !Control.HasFocus(10)</visible>
					</control>
					<!-- Update Addon Button -->
					<control id="8" type="button">
						<width min="104" max="224">auto</width>
						<wrapmultiline>true</wrapmultiline>
						<height>116</height>
						<onup>Close</onup>
						<ondown condition="Control.IsVisible(50)">50</ondown>
						<font>Med24</font>
						<label>$LOCALIZE[31022]</label>
						<textoffsetx>28</textoffsetx>
						<textcolor>ffdadada</textcolor>
						<focusedcolor>ff222222</focusedcolor>
						<texturefocus border="13,5,6,8">views/button_fo.png</texturefocus>
						<texturenofocus border="13,3,6,6">views/button_nf.png</texturenofocus>
						<visible>Control.IsEnabled(8)</visible>
					</control>
					<!-- Auto-update Addon Button -->
					<control id="20" type="button">
						<width min="104" max="224">auto</width>
						<wrapmultiline>true</wrapmultiline>
						<height>116</height>
						<onup>Close</onup>
						<ondown condition="Control.IsVisible(50)">50</ondown>
						<onclick>SetFocus(13)</onclick>
						<onclick>Select</onclick>
						<onclick>SetFocus(20)</onclick>
						<onclick condition="String.Contains(Skin.String(AutoUpdate),off)">Skin.SetString(AutoUpdate,on)</onclick>
						<onclick condition="String.Contains(Skin.String(AutoUpdate),on)">Skin.SetString(AutoUpdate,off)</onclick>
						<font>Med24</font>
						<label>$VAR[AutoUpdate]</label>
						<textoffsetx>28</textoffsetx>
						<textcolor>ffdadada</textcolor>
						<focusedcolor>ff222222</focusedcolor>
						<texturefocus border="13,5,6,8">views/button_fo.png</texturefocus>
						<texturenofocus border="13,3,6,6">views/button_nf.png</texturenofocus>
					</control>
					<!-- Launch Addon Button -->
					<control id="12" type="button">
						<width min="104" max="224">auto</width>
						<wrapmultiline>true</wrapmultiline>
						<height>116</height>
						<onup>Close</onup>
						<ondown condition="Control.IsVisible(50)">50</ondown>
						<font>Med24</font>
						<label>$LOCALIZE[31033]</label>
						<textoffsetx>28</textoffsetx>
						<textcolor>ffdadada</textcolor>
						<focusedcolor>ff222222</focusedcolor>
						<texturefocus border="13,5,6,8">views/button_fo.png</texturefocus>
						<texturenofocus border="13,3,6,6">views/button_nf.png</texturenofocus>
						<visible>Control.IsEnabled(12)</visible>
					</control>
					<!-- Enable/Disable Addon button -->
					<control id="7" type="button">
						<width min="104" max="224">auto</width>
						<wrapmultiline>true</wrapmultiline>
						<height>116</height>
						<onup>Close</onup>
						<ondown condition="Control.IsVisible(50)">50</ondown>
						<font>Med24</font>
						<textoffsetx>28</textoffsetx>
						<textcolor>ffdadada</textcolor>
						<focusedcolor>ff222222</focusedcolor>
						<texturefocus border="13,5,6,8">views/button_fo.png</texturefocus>
						<texturenofocus border="13,3,6,6">views/button_nf.png</texturenofocus>
						<visible>Control.IsEnabled(7)</visible>
					</control>
					<!-- Configure Addon button -->
					<control id="9" type="button">
						<width min="104" max="244">auto</width>
						<wrapmultiline>true</wrapmultiline>
						<height>116</height>
						<onup>Close</onup>
						<ondown condition="Control.IsVisible(50)">50</ondown>
						<font>Med24</font>
						<label>24020</label>
						<textoffsetx>28</textoffsetx>
						<textcolor>ffdadada</textcolor>
						<focusedcolor>ff222222</focusedcolor>
						<texturefocus border="13,5,6,8">views/button_fo.png</texturefocus>
						<texturenofocus border="13,3,6,6">views/button_nf.png</texturenofocus>
						<visible>Control.IsEnabled(9)</visible>
					</control>
					<!-- Install/UnInstall Addon button -->
					<control id="6" type="button">
						<width min="104" max="224">auto</width>
						<wrapmultiline>true</wrapmultiline>
						<height>116</height>
						<onup>Close</onup>
						<ondown condition="Control.IsVisible(50)">50</ondown>
						<font>Med24</font>
						<textoffsetx>28</textoffsetx>
						<textcolor>ffdadada</textcolor>
						<focusedcolor>ff222222</focusedcolor>
						<texturefocus border="13,5,6,8">views/button_fo.png</texturefocus>
						<texturenofocus border="13,3,6,6">views/button_nf.png</texturenofocus>
						<visible>Control.IsEnabled(6)</visible>
					</control>
					<!-- Changelog Button -->
					<control id="10" type="button">
						<width min="104" max="224">auto</width>
						<wrapmultiline>true</wrapmultiline>
						<height>116</height>
						<onup>Close</onup>
						<ondown condition="Control.IsVisible(50)">50</ondown>
						<font>Med24</font>
						<label>$LOCALIZE[31050]</label>
						<textoffsetx>28</textoffsetx>
						<textcolor>ffdadada</textcolor>
						<focusedcolor>ff222222</focusedcolor>
						<texturefocus border="13,5,6,8">views/button_fo.png</texturefocus>
						<texturenofocus border="13,3,6,6">views/button_nf.png</texturenofocus>
						<visible>Control.IsEnabled(10)</visible>
					</control>
				</control>
			</control>
			<control type="group">
				<animation condition="!String.IsEmpty(Window(home).Property(AddonDetails))" effect="fade" end="0" start="100" time="0">Conditional</animation>
				<animation effect="fade" end="100" start="0" time="200" delay="800">WindowOpen</animation>
				<!-- Fanart -->
				<control type="image">
					<left>-48</left>
					<top>456</top>
					<width>761</width>
					<height>470</height>
					<texture border="66,66,51,51">views/shadow_nf.png</texture>
					<visible>!String.IsEmpty(ListItem.Art(fanart))</visible>
				</control>
				<control type="image">
					<top>504</top>
					<width>665</width>
					<height>374</height>
					<texture>$INFO[ListItem.Art(fanart)]</texture>
				</control>
			</control>
			<control type="group">
				<animation condition="String.IsEmpty(Window(home).Property(AddonDetails))" effect="fade" end="0" start="100" time="0">Conditional</animation>
				<!-- Description -->
				<control type="label">
					<top>235</top>
					<width>792</width>
					<height>32</height>
					<align>left</align>
					<font>Med32</font>
					<textcolor>ffdadada</textcolor>
					<label>21821</label>
					<visible>!String.IsEmpty(ListItem.AddonDescription)</visible>
				</control>
				<control type="textbox">
					<top>291</top>
					<width>792</width>
					<height>528</height>
					<align>left</align>
					<font>Light30</font>
					<autoscroll>false</autoscroll>
					<textcolor>ffa4a4a4</textcolor>
					<label>$INFO[ListItem.AddonDescription]</label>
				</control>
				<!-- More button -->
				<control id="3002" type="button">
					<left>794</left>
					<top>788</top>
					<width>37</width>
					<height>23</height>
					<onleft>7001</onleft>
					<onright>50</onright>
					<onclick>SetProperty(NoLabel,1,home)</onclick>
					<onclick>RunScript(script.toolbox,info=textviewer,header=,text='$ESCINFO[ListItem.AddonDescription]')</onclick>
					<texturefocus>views/more_fo.png</texturefocus>
					<texturenofocus>views/more_nf.png</texturenofocus>
					<visible>Control.IsVisible(96)</visible>
				</control>
				<!-- Details -->
				<control type="grouplist">
					<left>900</left>
					<top>235</top>
					<width>470</width>
					<height>618</height>
					<itemgap>38</itemgap>
					<control type="textbox">
						<width>470</width>
						<height>auto</height>
						<align>left</align>
						<font>Light30</font>
						<autoscroll>false</autoscroll>
						<textcolor>ff8f8f8f</textcolor>
						<label>[COLOR ffdadada]$LOCALIZE[24000] ID[/COLOR][CR]$INFO[ListItem.Property(Addon.ID)]</label>
						<visible>!String.IsEmpty(ListItem.Property(Addon.ID))</visible>
					</control>
					<control type="textbox">
						<width>470</width>
						<height>auto</height>
						<align>left</align>
						<font>Light30</font>
						<autoscroll>false</autoscroll>
						<textcolor>ff8f8f8f</textcolor>
						<label>[COLOR ffdadada]$LOCALIZE[126][/COLOR][CR]$INFO[ListItem.Property(Addon.Status)]</label>
						<visible>!String.IsEmpty(ListItem.Property(Addon.Status))</visible>
					</control>
					<control type="textbox">
						<width>470</width>
						<height>auto</height>
						<align>left</align>
						<font>Light30</font>
						<autoscroll>false</autoscroll>
						<textcolor>ff8f8f8f</textcolor>
						<label>[COLOR ffdadada]$LOCALIZE[24098][/COLOR][CR]$INFO[ListItem.AddonBroken]</label>
						<visible>!String.IsEmpty(ListItem.AddonBroken)</visible>
					</control>
					<control type="textbox">
						<width>470</width>
						<height>auto</height>
						<align>left</align>
						<font>Light30</font>
						<autoscroll>false</autoscroll>
						<textcolor>ff8f8f8f</textcolor>
						<label>[COLOR ffdadada]$LOCALIZE[24052][/COLOR][CR]$INFO[ListItem.AddonDisclaimer]</label>
						<visible>!String.IsEmpty(ListItem.AddonDisclaimer)</visible>
					</control>
				</control>
			</control>
		</control>
	</controls>
</window>