<?xml version="1.0" encoding="UTF-8"?>
<window>
	<!-- mediasource -->
	<defaultcontrol always="true">5</defaultcontrol>
	<controls>
		<!-- Background -->
		<include>DialogTextBackgroundImage</include>

		<control type="group">
			<animation reversible="true" type="WindowOpen">
				<effect center="auto" easing="inout" end="100" start="92" time="120" tween="sine" type="zoom" />
				<effect easing="inout" end="100" start="0" time="120" tween="sine" type="fade" />
			</animation>
			<animation reversible="true" type="WindowClose">
				<effect center="auto" easing="inout" end="92" start="100" time="120" tween="sine" type="zoom" />
				<effect easing="inout" end="0" start="100" time="120" tween="sine" type="fade" />
			</animation>
			<control type="group">
				<centertop>50%</centertop>
				<width>1920</width>
				<height>784</height>
				<!-- Plot background -->
				<control type="image">
					<centerleft>50%</centerleft>
					<centertop>50%</centertop>
					<width>973</width>
					<height>784</height>
					<texture border="4,7,4,7">views/text_viewer_background.png</texture>
				</control>
				<!-- Arrow up -->
				<control type="image">
					<left>942</left>
					<top>92</top>
					<width>36</width>
					<height>20</height>
					<texture>views/arrow_up.png</texture>
					<visible>Container(3001).HasPrevious</visible>
					<animation delay="80" effect="fade" end="100" start="0" time="120">Visible</animation>
					<animation delay="80" effect="fade" end="0" start="100" time="120">Hidden</animation>
				</control>
				<!-- Text -->
				<control id="3001" type="textbox">
					<centerleft>50%</centerleft>
					<centertop>50%</centertop>					
					<width>788</width>
					<height>352</height>
					<align>left</align>
					<font>Reg36Spaced</font>
					<pagecontrol>3000</pagecontrol>
					<autoscroll>false</autoscroll>
					<textcolor>ffdadada</textcolor>
					<label>[B][COLOR ffffffff]$INFO[ListItem.Title][CR][/B][/COLOR]$VAR[Plot]</label>
					<animation condition="true" effect="slide" start="0,0" end="0,-31" time="0">Conditional</animation>
				</control>
				<!-- Arrow down -->
				<control type="image">
					<left>942</left>
					<top>600</top>
					<width>36</width>
					<height>20</height>
					<texture>views/arrow_down.png</texture>
					<visible>Container(3001).HasNext</visible>
					<animation delay="80" effect="fade" end="100" start="0" time="120">Visible</animation>
					<animation delay="80" effect="fade" end="0" start="100" time="120">Hidden</animation>
				</control>
				<!-- Scrollbar -->
				<control id="3000" type="scrollbar">
					<left>1394</left>
					<centertop>50%</centertop>
					<width>8</width>
					<height>446</height>
					<onup>noop</onup>
					<ondown>SetFocus(5)</ondown>
					<onleft>Close</onleft>
					<onright>Close</onright>
					<onclick>SetFocus(5)</onclick>
					<onclick>Select</onclick>
					<showonepage>false</showonepage>
					<orientation>vertical</orientation>
					<texturesliderbarfocus border="3">common/Scrollbar.png</texturesliderbarfocus>
					<visible allowhiddenfocus="true">Control.HasFocus(3000)</visible>
					<animation condition="System.IdleTime(1)" effect="fade" end="0" start="100" time="200">Conditional</animation>
					<animation condition="true" effect="slide" start="0,0" end="0,-31" time="0">Conditional</animation>
				</control>
				<!-- Button grouplist -->
				<control type="grouplist" id="2000">
					<centerleft>50%</centerleft>
					<bottom>24</bottom>
					<width>1540</width>
					<height>76</height>
					<itemgap>0</itemgap>
					<onleft>noop</onleft>
					<onright>noop</onright>
					<onup>13</onup>
					<ondown>noop</ondown>
					<align>center</align>
					<orientation>horizontal</orientation>

					<!-- Switch Button -->
					<control type="button" id="5">
						<width>320</width>
						<height>76</height>
						<align>center</align>
						<aligny>top</aligny>
						<font>Med24</font>
						<onup condition="Container(3001).HasNext | Container(3001).HasPrevious">SetFocus(3000)</onup>
						<textoffsetx>23</textoffsetx>
						<textoffsety>27</textoffsety>
						<label>19165</label>
						<visible>Control.IsEnabled(5)</visible>
					</control>

					<!-- Cancel Button -->
					<control type="button" id="7">
						<width>320</width>
						<height>76</height>
						<align>center</align>
						<aligny>top</aligny>
						<font>Med24</font>
						<onup condition="Container(3001).HasNext | Container(3001).HasPrevious">SetFocus(3000)</onup>
						<textoffsetx>23</textoffsetx>
						<textoffsety>27</textoffsety>
						<label>$LOCALIZE[222]</label>
						<visible>false</visible>
					</control>

					<!-- Rec Button -->
					<control type="button" id="6">
						<width>320</width>
						<height>76</height>
						<align>center</align>
						<aligny>top</aligny>
						<font>Med24</font>
						<onup condition="Container(3001).HasNext | Container(3001).HasPrevious">SetFocus(3000)</onup>
						<textoffsetx>23</textoffsetx>
						<textoffsety>27</textoffsety>
						<label>-</label>
					</control>

				</control>
			</control>
		</control>

	</controls>
</window>