<?xml version="1.0" encoding="UTF-8"?>
<includes> 

	<variable name="PVRTimeProgress">
		<value condition="!IntegerGreaterThan(ListItem.Progress,5)">windows/pvr/clock_progress/5.png</value>
		<value condition="IntegerGreaterThan(ListItem.Progress,5) + !IntegerGreaterThan(ListItem.Progress,10)">windows/pvr/clock_progress/10.png</value>
		<value condition="IntegerGreaterThan(ListItem.Progress,10) + !IntegerGreaterThan(ListItem.Progress,15)">windows/pvr/clock_progress/15.png</value>
		<value condition="IntegerGreaterThan(ListItem.Progress,15) + !IntegerGreaterThan(ListItem.Progress,20)">windows/pvr/clock_progress/20.png</value>
		<value condition="IntegerGreaterThan(ListItem.Progress,20) + !IntegerGreaterThan(ListItem.Progress,25)">windows/pvr/clock_progress/25.png</value>
		<value condition="IntegerGreaterThan(ListItem.Progress,25) + !IntegerGreaterThan(ListItem.Progress,30)">windows/pvr/clock_progress/30.png</value>
		<value condition="IntegerGreaterThan(ListItem.Progress,30) + !IntegerGreaterThan(ListItem.Progress,35)">windows/pvr/clock_progress/35.png</value>
		<value condition="IntegerGreaterThan(ListItem.Progress,35) + !IntegerGreaterThan(ListItem.Progress,40)">windows/pvr/clock_progress/40.png</value>
		<value condition="IntegerGreaterThan(ListItem.Progress,40) + !IntegerGreaterThan(ListItem.Progress,45)">windows/pvr/clock_progress/45.png</value>
		<value condition="IntegerGreaterThan(ListItem.Progress,45) + !IntegerGreaterThan(ListItem.Progress,50)">windows/pvr/clock_progress/50.png</value>		
		<value condition="IntegerGreaterThan(ListItem.Progress,50) + !IntegerGreaterThan(ListItem.Progress,55)">windows/pvr/clock_progress/55.png</value>		
		<value condition="IntegerGreaterThan(ListItem.Progress,55) + !IntegerGreaterThan(ListItem.Progress,60)">windows/pvr/clock_progress/60.png</value>		
		<value condition="IntegerGreaterThan(ListItem.Progress,60) + !IntegerGreaterThan(ListItem.Progress,65)">windows/pvr/clock_progress/65.png</value>		
		<value condition="IntegerGreaterThan(ListItem.Progress,65) + !IntegerGreaterThan(ListItem.Progress,70)">windows/pvr/clock_progress/70.png</value>		
		<value condition="IntegerGreaterThan(ListItem.Progress,70) + !IntegerGreaterThan(ListItem.Progress,75)">windows/pvr/clock_progress/75.png</value>		
		<value condition="IntegerGreaterThan(ListItem.Progress,75) + !IntegerGreaterThan(ListItem.Progress,80)">windows/pvr/clock_progress/80.png</value>		
		<value condition="IntegerGreaterThan(ListItem.Progress,80) + !IntegerGreaterThan(ListItem.Progress,85)">windows/pvr/clock_progress/85.png</value>		
		<value condition="IntegerGreaterThan(ListItem.Progress,85) + !IntegerGreaterThan(ListItem.Progress,90)">windows/pvr/clock_progress/90.png</value>		
		<value condition="IntegerGreaterThan(ListItem.Progress,90) + !IntegerGreaterThan(ListItem.Progress,95)">windows/pvr/clock_progress/95.png</value>		
		<value condition="IntegerGreaterThan(ListItem.Progress,95) + !IntegerGreaterThan(ListItem.Progress,100)">windows/pvr/clock_progress/100.png</value>
		<value condition="IntegerGreaterThan(ListItem.Progress,100)">windows/pvr/clock_progress/100.png</value>
	</variable>

  <variable name="PVRTimersRadioButton">
    <value condition="!StringCompare(ListItem.Comment,$LOCALIZE[305]) + !IsEmpty(ListItem.ChannelName)">buttons/radio_button_off.png</value>
    <value condition="StringCompare(ListItem.Comment,$LOCALIZE[305]) + !IsEmpty(ListItem.ChannelName)">buttons/radio_button_on.png</value>
  </variable>

  <variable name="PVRContentInfo">
    <value condition="Window.IsVisible(TVChannels)">$LOCALIZE[19023]</value>
    <value condition="Window.IsVisible(RadioChannels)">$LOCALIZE[19024]</value>
    <value condition="Window.IsVisible(TVGuide) | Window.IsActive(RadioGuide)">$LOCALIZE[22020]</value>
    <value condition="Window.IsVisible(TVRecordings)">$LOCALIZE[19163]</value>
    <value condition="Window.IsVisible(TVTimers)">$LOCALIZE[19040]</value>
    <value condition="Window.IsVisible(TVSearch)">$LOCALIZE[137]</value>
  </variable>

  <variable name="PVRChannelsGroupLabel">
    <value condition="Window.IsVisible(TVGuide) | Window.IsActive(RadioGuide)">$LOCALIZE[19019]$INFO[Control.GetLabel(30),: ]</value>
    <value>$LOCALIZE[19019]$INFO[Control.GetLabel(29),: ]</value>
  </variable>
  <variable name="PVRChannelsGroupAltLabel">
    <value condition="Window.IsVisible(TVGuide) | Window.IsActive(RadioGuide)">$LOCALIZE[19019]$INFO[Control.GetLabel(30),: ]</value>
    <value>$LOCALIZE[19019]$INFO[Control.GetLabel(29),: ]</value>
  </variable>

  <variable name="PVRGuideGroupLabel">
    <value condition="Window.IsVisible(TVGuide) | Window.IsActive(RadioGuide)">$LOCALIZE[22020]$INFO[Control.GetLabel(30),: ]</value>
    <value>$LOCALIZE[22020]$INFO[Control.GetLabel(29),: ]</value>
  </variable>
  <variable name="PVRGuideGroupAltLabel">
    <value condition="Window.IsVisible(TVGuide) | Window.IsActive(RadioGuide)">$LOCALIZE[22020]$INFO[Control.GetLabel(30),: ]</value>
    <value>$LOCALIZE[22020]$INFO[Control.GetLabel(29),: ]</value>
  </variable>

  <include name="PVRControlsMenu">
    <!-- PVR Controls Menu -->
	  <control type="group" id="9000">
			<left>45</left>
			<top>-10</top>
      <include>TopOptionsSlideAnimations</include>
	    <visible allowhiddenfocus="true">ControlGroup(9111).HasFocus + !Window.IsActive(ContextMenu) + !Window.IsActive(ShutdownMenu) + !Window.IsActive(favourites)</visible>
      <animation type="Visible"  reversible="false">
        <effect type="fade" start="0" end="100" time="300" tween="sine" easing="in"  />
        <effect type="slide" start="0,35" end="0,0" time="350" tween="cubic" easing="out" />
      </animation>
      <animation type="Hidden" reversible="false">
        <effect type="fade" start="100" end="0" time="300" tween="sine" easing="out" />
        <effect type="slide" start="0,0" end="0,35" time="350" tween="sine" easing="out" />
      </animation>
			<control type="label">
			  <label>$LOCALIZE[33063] $LOCALIZE[33061]</label>
			  <include>TopBigLabel</include>
			</control>
  	  <control type="grouplist" id="9111">
  			<left>0</left>
  			<top>50</top>
  			<width>460</width>
  			<height max="520">auto</height>
  			<itemgap>0</itemgap>
  			<onleft>50</onleft>
  			<onright>50</onright>
  			<onup>9111</onup>
  			<ondown>9111</ondown>
			<include>GeneralOptionsTopMenuAnimation</include>
				<control type="togglebutton" id="30">
					<description>Channels</description>
					<label>$VAR[PVRChannelsGroupLabel]</label>
					<altlabel>$VAR[PVRChannelsGroupAltLabel]</altlabel>
					<include>TopLeftMenusButton</include>
					<onclick condition="Window.IsActive(TVChannels) | Window.IsActive(RadioChannels)">NextChannelGroup</onclick>
					<onclick condition="IsEmpty(Window.Property(IsRadio))">ActivateWindow(TVChannels)</onclick>
					<onclick condition="!IsEmpty(Window.Property(IsRadio))">ActivateWindow(RadioChannels)</onclick>
				</control>
				
				<control type="radiobutton" id="31">
					<description>Filter</description>
					<include>TopLeftMenusButton</include>
					<label>587</label>
					<selected>Container.Filtered</selected>
					<onclick>right</onclick>
					<visible>Window.IsActive(TVChannels) | Window.IsActive(RadioChannels)</visible>
				</control>

				<control type="togglebutton" id="32">
					<description>EPG Guide</description>
          <label>$VAR[PVRGuideGroupLabel]</label>
          <altlabel>$VAR[PVRGuideGroupAltLabel]</altlabel>
  			  <include>TopLeftMenusButton</include>
					<onclick condition="Window.IsActive(TVGuide) | Window.IsActive(RadioGuide)">NextChannelGroup</onclick>
					<onclick condition="IsEmpty(Window.Property(IsRadio))">ActivateWindow(TVGuide)</onclick>
					<onclick condition="!IsEmpty(Window.Property(IsRadio))">ActivateWindow(RadioGuide)</onclick>
				</control>
				<control type="button" id="33">
					<description>Recordings</description>
          <label>$LOCALIZE[19163]</label>
  			  <include>TopLeftMenusButton</include>
					<onclick condition="IsEmpty(Window.Property(IsRadio))">ActivateWindow(TVRecordings)</onclick>
					<onclick condition="!IsEmpty(Window.Property(IsRadio))">ActivateWindow(RadioRecordings)</onclick>
				</control>
				<control type="button" id="34">
					<description>Timers</description>
          <label>$LOCALIZE[19040]</label>
  			  <include>TopLeftMenusButton</include>
					<onclick condition="IsEmpty(Window.Property(IsRadio))">ActivateWindow(TVTimers)</onclick>
					<onclick condition="!IsEmpty(Window.Property(IsRadio))">ActivateWindow(RadioTimers)</onclick>
				</control>
				<control type="button" id="35">
					<description>Search</description>
					<label>$LOCALIZE[137]</label>
  			  <include>TopLeftMenusButton</include>
					<onclick condition="IsEmpty(Window.Property(IsRadio))">ActivateWindow(TVSearch)</onclick>
					<onclick condition="!IsEmpty(Window.Property(IsRadio))">ActivateWindow(RadioSearch)</onclick>
				</control>
  			<control type="button" id="2">
  				<description>View as</description>
  			  <label>-</label>
  			  <include>TopLeftMenusButton</include>
					<enable>Window.IsActive(TVGuide) | Window.IsActive(RadioGuide)</enable>
  			</control>
  			<control type="button" id="3">
  				<description>Sort by</description>
  			  <label>-</label>
  			  <include>TopLeftMenusButton</include>
  			</control>
  			<control type="togglebutton" id="4">
  				<description>Ascending/Descending</description>
          <label>$LOCALIZE[21429]:  $LOCALIZE[21430]</label>
          <altlabel>$LOCALIZE[21429]:  $LOCALIZE[21431]</altlabel>
  			  <include>TopLeftMenusButton</include>
  			</control>
  			<control type="togglebutton" id="5">
  				<description>Sort by</description>
  				<label>$LOCALIZE[19270]: $LOCALIZE[31012]</label>
          <altlabel>$LOCALIZE[19270]: $LOCALIZE[31011]</altlabel>
  			  <include>TopLeftMenusButton</include>
          <visible>Window.IsActive(TVRecordings) | Window.IsActive(RadioRecordings)</visible>
  			</control>
			<control type="radiobutton" id="6">
				<description>Show hidden channels</description>
				<include>TopLeftMenusButton</include>
				<label>19051</label>
				<visible>Window.IsActive(TVChannels) | Window.IsActive(RadioChannels)</visible>
			</control>
			<control type="radiobutton" id="7">
				<description>Show deleted recordings</description>
				<include>TopLeftMenusButton</include>
				<label>19184</label>
				<visible>Window.IsActive(TVRecordings) | Window.IsActive(RadioRecordings)</visible>
			</control>
  	  </control>
	  </control>

    <!-- Top Content Info -->
	  <control type="group">
			<left>45</left>
			<top>25</top>
		  <include>CommonSlideAnimations</include>
			<include>ShutdownMenuAnimation</include>
		  <visible>!ControlGroup(9000).HasFocus + !Window.IsActive(favourites) + !Window.IsActive(contextmenu.xml)</visible>
			<control type="grouplist">
				<left>0</left>
				<top>0</top>
				<width>1000</width>
			  <height>70</height>
				<align>left</align>
				<itemgap>12</itemgap>
				<orientation>horizontal</orientation>
	      <include>Logo</include>
				<control type="label">
				  <include>TopBigLabel</include>
				  <label>$LOCALIZE[31000]</label>
				</control>
				<control type="label">
				  <include>TopZoomedSmallLabel</include>
			    <label>$VAR[PVRContentInfo]</label>
				</control>
				<control type="label">
				  <include>TopZoomedSmallLabel</include>
          <label>$INFO[Control.GetLabel(29)]</label>
          <visible>Window.IsActive(TVGuide) | Window.IsActive(RadioGuide)</visible>
				</control>
			</control>
			<control type="label">
				<description>Page Count Label</description>
				<left>0</left>
				<top>45</top>
				<width>300</width>
				<height>20</height>
				<font>FontSize_18</font>
				<textcolor>blue</textcolor>
				<scroll>false</scroll>
				<align>left</align>
				<aligny>center</aligny>
				<label>$INFO[Container.NumItems,, $LOCALIZE[31025]]</label>
			</control>

      <control type="label" id="29">
      	<description>Empty so we can pass the values up one level</description>
      	<visible>False</visible>
      </control>
      <control type="label" id="30">
      	<description>Empty so we can pass the values up one level</description>
      	<visible>False</visible>
      </control>
	  </control>

  </include>


  <include name="LiveTV_InfoLabels">
    <control type="group">
  		<posx>45</posx>
  		<posy>215</posy>
  		<visible>!Window.IsActive(ProgressDialog)</visible>
  	  <animation effect="slide" end="0,-25" time="0" condition="Control.IsVisible(10)">Conditional</animation>
  		<control type="grouplist">
  			<posx>0</posx>
  			<posy>0</posy>
  			<height>70</height>
  			<width>1000</width>
  			<align>left</align>
  			<orientation>horizontal</orientation>
  			<control type="label">
  			  <include>TopBigLabel</include>
  			  <label>$INFO[Control.GetLabel(29)]</label>
          <visible>![Window.IsActive(TVGuide) | Window.IsActive(RadioGuide)]</visible>
  			</control>
  			<control type="label">
  			  <include>TopBigLabel</include>
  			  <label>$INFO[Control.GetLabel(30)]</label>
  			</control>
  		</control>
    </control>
  </include>


  <include name="EPGTimelineInfo">  
	  <control type="group">
			<left>47</left>
			<top>630</top>
		  <animation effect="fade" end="100" time="350" tween="sine" easing="inout" condition="Control.HasFocus(10)">Visible</animation>
		  <animation effect="fade" end="0" time="350" tween="sine" easing="inout" condition="!Control.HasFocus(10)">Hidden</animation>
      <visible>Control.HasFocus(10)</visible>
			<control type="image">
		    <left>0</left>
		    <top>0</top>
		    <width>107</width>
		    <height>84</height>
		    <texture fallback="windows/pvr/channel_icon_big.png">$INFO[Container(10).ListItem.Icon]</texture>
		    <aspectratio align="left" aligny="center">keep</aspectratio>
			</control>
			<control type="button">
				<description>Time/Date</description>
      	<left>128</left>
      	<top>0</top>
      	<width>1095</width>
        <font>FontSize_20B</font>
				<textcolor>99white</textcolor>
				<shadowcolor>99000000</shadowcolor>
				<texturefocus>-</texturefocus>
				<texturenofocus>-</texturenofocus>
				<align>left</align>
				<aligny>top</aligny>
				<textoffsetx>0</textoffsetx>
      	<label>$INFO[ListItem.Title]</label>
      	<label2>$INFO[ListItem.StartTime]$INFO[ListItem.EndTime, - ]$INFO[ListItem.Genre, • ]</label2>
			</control>
			<control type="textbox">
				<left>128</left>
				<top>25</top>
				<width>1095</width>
				<height>55</height>
        <font>FontSize_20</font>
				<textcolor>99white</textcolor>
				<shadowcolor>99000000</shadowcolor>
				<align>justify</align>
				<autoscroll delay="8000" time="2000" repeat="8000">Skin.HasSetting(AutoScroll)</autoscroll>
        <info>ListItem.Plot</info>
			</control>
	  </control>
  </include>


</includes>    