<?xml version="1.0" encoding="UTF-8"?>
<window  id="1">
	<defaultcontrol always="true">50</defaultcontrol>
	<allowoverlay>yes</allowoverlay>
	<backgroundcolor>0</backgroundcolor>
	<views>50,56,560,579,582,583</views>
	<controls>
		<include>BackgroundItems</include>
		<include>ProgramsViews</include>
		<include>CommonItems</include>
		<!--====================-->
		<!--Top Options Controls-->
		<!--====================-->
		<control type="group"  id="9000">
			<left>45</left>
			<top>-10</top>
			<include>TopOptionsSlideAnimations</include>
			<visible allowhiddenfocus="false">!Skin.HasSetting(EnableKioskMode)</visible>
			<visible allowhiddenfocus="true">ControlGroup(9111).HasFocus + !Window.IsActive(ContextMenu) + !Window.IsActive(ShutdownMenu) + !Window.IsActive(favourites)</visible>
			<!--Head Labels-->
			<control type="grouplist">
				<left>0</left>
				<top>0</top>
				<height>70</height>
				<width>1000</width>
				<align>left</align>
				<aligny>center</aligny>
				<itemgap>20</itemgap>
				<orientation>horizontal</orientation>
				<include>TopOptionsSlideAnimations</include>
				<control type="label">
					<include>TopBigLabel</include>
					<label>$LOCALIZE[33063] $LOCALIZE[33061]</label>
				</control>
				<control type="label">
					<include>TopZoomedSmallLabel</include>
					<label>$LOCALIZE[0]</label>
				</control>
			</control>
			<!--Main Options-->
			<control type="grouplist" id="9111">
				<visible allowhiddenfocus="false">!Skin.HasSetting(EnableKioskMode)</visible>
				<left>0</left>
				<top>50</top>
				<width>460</width>
				<height max="520">auto</height>
				<itemgap>0</itemgap>
				<onleft>50</onleft>
				<onright>50</onright>
				<onup>9111</onup>
				<ondown>9111</ondown>
				<onback>50</onback>
				<include>TopOptionsSlideAnimations</include>
				<control type="button" id="2">
					<description>View as</description>
					<label>-</label>
					<include>TopLeftMenusButton</include>
				</control>
				<control type="togglebutton" id="294">
					<description>Change Thumbs Size (Thumbnails View)</description>
					<include>TopLeftMenusButton</include>
					<label>$LOCALIZE[31098]</label>
					<altlabel>$LOCALIZE[31099]</altlabel>
					<onclick>Skin.ToggleSetting(ShowSmallProgramsThumbs)</onclick>
					<selected>Skin.HasSetting(ShowSmallProgramsThumbs)</selected>
					<visible>Control.IsVisible(560)</visible>
				</control>				
				<control type="togglebutton" id="295">
					<description>Episode View Landscape Toggle</description>
					<include>TopLeftMenusButton</include>
					<label>$LOCALIZE[31085]: $LOCALIZE[21371]</label>
					<altlabel>$LOCALIZE[31085]: $LOCALIZE[31266]</altlabel>
					<onclick>Skin.ToggleSetting(AddonViewThumb)</onclick>
					<selected>Skin.HasSetting(AddonViewThumb)</selected>
					<visible>SubString(Container.FolderPath,plugin.program.advanced.launcher) + Control.IsVisible(582)</visible>
				</control>
				<control type="button" id="3">
					<description>Sort by</description>
					<label>103</label>
					<include>TopLeftMenusButton</include>
				</control>
				<control type="togglebutton" id="4">
					<description>Sort Ascending/Descending</description>
					<label>$LOCALIZE[21429]: $LOCALIZE[21430]</label>
					<altlabel>$LOCALIZE[21429]: $LOCALIZE[21431]</altlabel>
					<usealttexture>Container.SortDirection(Ascending)</usealttexture>
					<include>TopLeftMenusButton</include>
				</control>
				<control type="button" id="8">
					<description>Search</description>
					<label>587</label>
					<include>TopLeftMenusButton</include>
					<onclick>SetFocus(50)</onclick>
					<onclick>SendClick(19)</onclick>
				</control>
				<control type="button" id="19">
					<description>Filter</description>
					<visible>false</visible>
				</control>
			</control>
		</control>
		<!--================-->
		<!--Top Content Info-->
		<!--================-->
		<control type="group">
			<left>45</left>
			<top>25</top>
			<include>CommonSlideAnimations</include>
			<include>ShutdownMenuAnimation</include>
			<visible>!ControlGroup(9000).HasFocus + !Window.IsActive(AddonInformation) + !Window.IsActive(script-globalsearch-main.xml)</visible>
			<control type="grouplist">
				<left>0</left>
				<top>0</top>
				<height>70</height>
				<width>1000</width>
				<align>left</align>
				<itemgap>12</itemgap>
				<orientation>horizontal</orientation>
				<include>CommonSlideAnimations</include>
				<control type="label">
					<include>TopBigLabel</include>
					<label>$LOCALIZE[0]</label>
				</control>
				<control type="label">
					<include>TopZoomedSmallLabel</include>
					<label>$INFO[Container.FolderName]</label>
				</control>
			</control>
		</control>
		<include>CommonWeatherAndClock</include>
	</controls>
</window>
