<?xml version="1.0" encoding="UTF-8"?>
<window  id="145">
	<defaultcontrol>11</defaultcontrol>
	<controls>

		<control type="group">
			<posx>478</posx>
			<posy>40</posy>
	    <animation type="WindowOpen">
	      <effect type="fade" start="0" end="100" time="250" tween="sine" easing="out"  />
	      <effect type="slide" start="0,-35" end="0,0" time="300" tween="cubic" easing="out" />
	    </animation>
	    <animation type="WindowClose">
	      <effect type="fade" start="100" end="0" time="300" tween="sine" easing="out" />
	      <effect type="slide" start="0,0" end="0,-35" time="350" tween="sine" easing="out" />
	    </animation>
			<control type="image">
				<width>325</width>     
				<height>138</height> 
				<texture border="65">osd/osd_controls_bg.png</texture>
			  <colordiffuse>AA999999</colordiffuse>
			</control>
			<control type="label" id="10">
				<description>Option Name</description>
				<posx>25</posx>
				<posy>25</posy>
				<label>-</label>
				<width>275</width>
				<height>30</height>
				<align>center</align>
				<font>FontSize_20B</font>
				<textcolor>99white</textcolor>
				<shadowcolor>55000000</shadowcolor>
			</control>
			<control type="slider" id="11">
				<description>Slider</description>
				<posx>42</posx>
				<posy>56</posy>
				<width>240</width>
				<height>26</height>
				<align>center</align>
				<sliderwidth>220</sliderwidth>
				<sliderheight>22</sliderheight>
				<texturesliderbar>osd/osd_slider_bg.png</texturesliderbar>
				<textureslidernib>osd/osd_slider_nib_nf.png</textureslidernib>
				<textureslidernibfocus>osd/osd_slider_nib_fo.png</textureslidernibfocus>
				<onup>11</onup>
				<ondown>11</ondown>
				<onleft>11</onleft>
				<onright>11</onright>
			</control>
			<control type="label" id="12">
				<description>Slider Value</description>
				<posx>25</posx>
				<posy>80</posy>
				<label>-</label>
				<width>275</width>
				<height>30</height>
				<align>center</align>
				<font>FontSize_20B</font>
				<textcolor>99white</textcolor>
				<shadowcolor>55000000</shadowcolor>
			</control>
		</control>
	</controls>
</window>
