<?xml version="1.0" encoding="UTF-8"?>
<window  id="135">
	<defaultcontrol always="true">10</defaultcontrol>
	<controls>

		<control type="group">
			<visible>!Window.IsActive(MusicInformation) + !Window.IsActive(FileBrowser) + !Window.IsActive(SelectDialog) + !Window.IsActive(DialogSelect.xml)</visible>
	    <include>DialogAnimation</include>
			<control type="group">
				<posx>45</posx>
				<posy>170</posy>
				<include>VisibleFadeEffect</include>
				<control type="image">
					<posx>0</posx>
					<posy>0</posy>
					<width>386</width>
					<height>386</height>
					<aspectratio align="center" aligny="center">stretch</aspectratio>
					<texture background="true" fallback="thumbs/fallback_square.png" diffuse="thumbs/music_diffuse_big.png">$INFO[ListItem.Icon]</texture>
				</control>
				<control type="image">
					<posx>-12</posx>
					<posy>-12</posy>
					<width>410</width>
					<height>410</height>
					<aspectratio align="center" aligny="center">stretch</aspectratio>
					<texture background="true">thumbs/music_overlay_big.png</texture>
				</control>
				<control type="label">
					<description>Title</description>
					<posx>410</posx>
					<posy>5</posy>
					<width>775</width>
					<height>30</height>
					<font>FontSize_40</font>
					<label>$INFO[Listitem.Title]</label>
					<align>left</align>
					<aligny>center</aligny>
					<textcolor>white</textcolor>
					<shadowcolor>99000000</shadowcolor>
				</control>
				<control type="label">
					<description>Under Title</description>
					<posx>410</posx>
					<posy>37</posy>
					<width>775</width>
					<height>30</height>
					<font>FontSize_22</font>
					<label>$VAR[DialogsInfo]</label>
					<align>left</align>
					<aligny>center</aligny>
					<textcolor>99white</textcolor>
					<shadowcolor>99000000</shadowcolor>
				</control>
				<control type="textbox">
					<description>Description Value</description>
					<posx>410</posx>
					<posy>230</posy>
					<width>775</width>
					<height>155</height>
					<font>FontSize_22</font>
					<align>justify</align>
					<textcolor>99white</textcolor>
					<shadowcolor>99000000</shadowcolor>
					<label fallback="195">$VAR[GlobalPlotDescription]</label>
					<autoscroll time="3000" delay="5000" repeat="5000">Skin.HasSetting(AutoScroll)</autoscroll>
				</control>
			</control>

			<control type="group">
				<posx>455</posx>
				<posy>255</posy>
				<!-- Genre label -->
				<control type="grouplist">
					<posx>0</posx>
					<posy>0</posy>
					<width>775</width>
	        <height>30</height>
				  <orientation>horizontal</orientation>
					<control type="label">
						<textcolor>white</textcolor>
						<shadowcolor>99000000</shadowcolor>
						<font>FontSize_22</font>
						<width min="10" max="720">auto</width>
						<height>30</height>
						<label>$LOCALIZE[515]: </label>
					</control>
					<control type="label">
						<textcolor>99white</textcolor>
						<shadowcolor>99000000</shadowcolor>
						<font>FontSize_22</font>
						<width min="10" max="705">auto</width>
						<height>30</height>
					  <label fallback="195">$INFO[ListItem.Genre]</label>
					</control>
				</control>
				<!-- Year label -->
				<control type="grouplist">
					<posx>0</posx>
					<posy>25</posy>
					<width>775</width>
	        <height>30</height>
				  <orientation>horizontal</orientation>
					<control type="label">
						<textcolor>white</textcolor>
						<shadowcolor>99000000</shadowcolor>
						<font>FontSize_22</font>
						<width min="10" max="720">auto</width>
						<height>30</height>
						<label>$LOCALIZE[562]: </label>
					</control>
					<control type="label">
						<textcolor>99white</textcolor>
						<shadowcolor>99000000</shadowcolor>
						<font>FontSize_22</font>
						<width min="10" max="720">auto</width>
						<height>30</height>
						<label fallback="195">$INFO[ListItem.Year]</label>
					</control>
				</control>				
				<!-- Track Number label -->
				<control type="grouplist">
					<posx>0</posx>
					<posy>50</posy>
					<width>900</width>
	        <height>30</height>
				  <orientation>horizontal</orientation>
					<control type="label">
						<textcolor>white</textcolor>
						<shadowcolor>99000000</shadowcolor>
						<font>FontSize_22</font>
						<width min="10" max="900">auto</width>
						<label>$LOCALIZE[554]: </label>
					</control>
					<control type="label">
						<textcolor>99white</textcolor>
						<shadowcolor>99000000</shadowcolor>
						<font>FontSize_22</font>
						<width min="10" max="900">auto</width>
						<height>30</height>
						<label fallback="195">$INFO[ListItem.TrackNumber,#]</label>
					  <visible>IntegerGreaterThan(ListItem.TrackNumber,9)</visible>
					</control>
					<control type="label">
						<textcolor>99white</textcolor>
						<shadowcolor>99000000</shadowcolor>
						<font>FontSize_22</font>
						<width min="10" max="900">auto</width>
						<height>30</height>
						<label fallback="195">$INFO[ListItem.TrackNumber,#0]</label>
					  <visible>!IntegerGreaterThan(ListItem.TrackNumber,9)</visible>
					</control>
				</control>
				<!-- Rating label -->
				<control type="grouplist">
					<posx>0</posx>
					<posy>75</posy>
					<width>900</width>
	        <height>30</height>
				  <orientation>horizontal</orientation>
					<control type="label">
						<textcolor>white</textcolor>
						<shadowcolor>99000000</shadowcolor>
						<font>FontSize_22</font>
						<width min="10" max="900">auto</width>
						<height>30</height>
						<label>$LOCALIZE[563]: </label>
					  <visible>!Control.HasFocus(61)</visible>
					</control>
					<control type="label">
						<textcolor>blue</textcolor>
						<shadowcolor>99000000</shadowcolor>
						<font>FontSize_22</font>
						<width min="10" max="900">auto</width>
						<height>30</height>
						<label>$LOCALIZE[31037]: </label>
					  <visible>Control.HasFocus(61)</visible>
					  <animation type="Conditional" reversible="false" condition="Control.HasFocus(61)">
					    <effect type="slide" start="0,0" end="0,0" time="0" tween="cubic" easing="in" />
					  </animation>
					  <animation type="Conditional" reversible="false" condition="Control.HasFocus(61)">
					    <effect type="slide" start="0,0" end="0,0" time="0" tween="cubic" easing="in" />
					  </animation>
					</control>
					<control type="group">
						<control type="label">
							<textcolor>99white</textcolor>
							<shadowcolor>99000000</shadowcolor>
							<font>FontSize_22</font>
							<width min="10" max="900">auto</width>
							<height>30</height>
							<label fallback="0/5">$INFO[ListItem.Rating,,/5]</label>
						  <animation type="Conditional" reversible="false" condition="Control.HasFocus(61)">
						    <effect type="slide" start="0,0" end="0,0" time="0" tween="cubic" easing="in" />
						  </animation>
						  <animation type="Conditional" reversible="false" condition="Control.HasFocus(61)">
						    <effect type="slide" start="0,0" end="0,0" time="0" tween="cubic" easing="in" />
						  </animation>
						</control>
						<control type="image.">
							<width>120</width>
							<height>30</height>
							<aspectratio align="left" aligny="center">keep</aspectratio>
					    <texture fallback="rating/rating0.png">$INFO[ListItem.StarRating,rating/]</texture>
						  <animation type="Conditional" reversible="false" condition="Control.HasFocus(61)">
						    <effect type="slide" start="0,0" end="0,0" time="0" tween="cubic" easing="in" />
						  </animation>
						  <animation type="Conditional" reversible="false" condition="Control.HasFocus(61)">
						    <effect type="slide" start="0,0" end="0,0" time="0" tween="cubic" easing="in" />
						  </animation>
						</control>
						<control type="button" id="61">
					    <include>TopButton</include>
							<onup>9000</onup>
							<ondown>9000</ondown>
			        <onleft>DecreaseRating</onleft>
					    <onright>IncreaseRating</onright>
						</control>
					</control>
				</control>
				<!-- Path Label label -->
				<control type="grouplist">
					<posx>0</posx>
					<posy>100</posy>
					<width>775</width>
	        <height>30</height>
				  <orientation>horizontal</orientation>
					<control type="label">
						<textcolor>white</textcolor>
						<shadowcolor>99000000</shadowcolor>
						<font>FontSize_22</font>
						<width min="10" max="720">auto</width>
						<height>30</height>
						<label>$LOCALIZE[15311] </label>
					</control>
					<control type="label">
						<textcolor>99white</textcolor>
						<shadowcolor>99000000</shadowcolor>
						<font>FontSize_22</font>
						<width min="10" max="720">auto</width>
						<height>30</height>
            <haspath>true</haspath>
						<label fallback="195">$INFO[ListItem.FilenameAndPath]</label>
					</control>
				</control>
			</control>

		</control>



    <!-- ================== -->
    <!-- Top Buttons Labels -->
    <!-- ================== -->    
	  <control type="group">
			<posx>45</posx>
			<posy>25</posy>
	    <animation type="WindowOpen" reversible="false">
	        <effect type="fade" start="0" end="100" time="300" tween="sine" easing="in"  />
	        <effect type="slide" start="0,-55" end="0,0" time="350" tween="cubic" easing="out" />
	    </animation>
	    <animation type="WindowClose" condition="!Window.IsActive(shutdownmenu)" reversible="false">
	        <effect type="fade" start="100" end="0" time="300" tween="sine" easing="out" />
	        <effect type="slide" start="0,0" end="0,-55" time="350" tween="sine" easing="out" />
	    </animation>
	    <animation type="WindowClose" condition="Window.IsActive(shutdownmenu)" reversible="false">
	        <effect type="fade" start="100" end="0" time="300" tween="sine" easing="out" />
	        <effect type="slide" start="0,0" end="0,55" time="350" tween="sine" easing="out" />
	    </animation>
			<!-- StarRating -->
			<control type="image">
				<posx>1050</posx>
				<posy>12</posy>
				<width>140</width>
				<height>30</height>
        <aspectratio>keep</aspectratio>
				<texture fallback="rating/rating0.png">$INFO[ListItem.StarRating,rating/,]</texture>
			  <animation type="Conditional" reversible="false" condition="!Window.IsActive(VolumeBar) + !Window.IsActive(MusicInformation)">
		      <effect type="fade" start="0" end="100" time="300" tween="sine" easing="in"  />
		      <effect type="slide" start="0,35" end="0,0" time="350" tween="cubic" easing="out" />
			  </animation>
			  <animation type="Conditional" reversible="false" condition="Window.IsActive(VolumeBar) | Window.IsActive(MusicInformation)">
		      <effect type="fade" start="100" end="0" time="300" tween="sine" easing="out" />
		      <effect type="slide" start="0,0" end="0,35" time="350" tween="sine" easing="out" />
			  </animation>
			</control>
      <!-- Buttons -->
			<control type="grouplist" id="9000">
			  <visible>!Window.IsActive(MusicInformation)</visible>
				<posx>0</posx>
				<posy>0</posy>
				<width>0</width>
				<height>0</height>
				<itemgap>0</itemgap>
				<align>left</align>
				<orientation>horizontal</orientation>
				<onleft>9000</onleft>
				<onright>9000</onright>
				<ondown>61</ondown>
				<control type="button" id="10">
					<description>Save</description>
				  <include>TopButton</include>
					<label>190</label>
				</control>
				<control type="button" id="11">
					<description>Cancel</description>
				  <include>TopButton</include>
					<label>222</label>
				</control>
				<control type="button" id="12">
					<description>Album Info</description>
				  <include>TopButton</include>
					<label>10523</label>
				</control>
				<control type="button" id="14">
					<description>Library Editor</description>
					<label>31125</label>
				  <include>TopButton</include>
	        <onclick>RunScript(script.libraryeditor,DBID=$INFO[ListItem.DBID])</onclick>
	        <visible>[Container.Content(songs)] + System.HasAddon(script.libraryeditor)</visible>
				</control>
				<control type="button" id="13">
					<description>Get Thumb</description>
				  <include>TopButton</include>
					<label>13405</label>
				</control>
				<control type="button" id="16">
					<description>Search YouTube</description>
					<label>31254</label>
				  <include>TopButton</include>
			    <include>OnClickDialogsClose</include>
          <onclick>ActivateWindow(videos,plugin://plugin.video.youtube/kodion/search/query/?q=$INFO[ListItem.Label],return)</onclick>
				</control>
			</control>
      <!-- Labels -->
			<control type="grouplist">
			  <visible>!Window.IsActive(MusicInformation)</visible>
	      <animation type="Visible" reversible="false">
	          <effect type="fade" start="0" end="100" time="300" tween="sine" easing="out"  />
	          <effect type="slide" start="0,35" end="0,0" time="350" tween="sine" easing="out" />
	      </animation>
	      <animation type="Hidden" reversible="false">
	          <effect type="fade" start="100" end="0" time="300" tween="sine" easing="out" />
	          <effect type="slide" start="0,0" end="0,35" time="350" tween="sine" easing="out" />
	      </animation>
				<posx>0</posx>
				<posy>0</posy>
				<height>70</height>
				<width>1190</width>
				<itemgap>15</itemgap>
				<align>left</align>
				<orientation>horizontal</orientation>
				<control type="label">
				  <include>TopBigLabel</include>
				  <label>$LOCALIZE[544]:</label>
				</control>
				<control type="label">
					<description>Get Thumb</description>
				  <include>TopSmallLabel</include>
					<label>$INFO[Control.GetLabel(10)]</label>
					<animation effect="fade" start="100" end="70" time="200" tween="cubic" easing="inout" condition="!Control.HasFocus(10)" reversible="true">Conditional</animation>
          <animation effect="zoom"  start="100" end="90" time="200" tween="cubic" easing="inout" center="auto" condition="!Control.HasFocus(10)" reversible="true">Conditional</animation>
				</control>
				<control type="label">
					<description>Info</description>
				  <include>TopSmallLabel</include>
					<label>$INFO[Control.GetLabel(11)]</label>
					<animation effect="fade" start="100" end="70" time="200" tween="cubic" easing="inout" condition="!Control.HasFocus(11)" reversible="true">Conditional</animation>
          <animation effect="zoom" start="100" end="90" time="200" tween="cubic" easing="inout" center="auto" condition="!Control.HasFocus(11)" reversible="true">Conditional</animation>
				</control>
				<control type="label">
					<description>Get Fanart</description>
				  <include>TopSmallLabel</include>
					<label>$INFO[Control.GetLabel(12)]</label>
					<animation effect="fade" start="100" end="70" time="200" tween="cubic" easing="inout" condition="!Control.HasFocus(12)" reversible="true">Conditional</animation>
          <animation effect="zoom"  start="100" end="90" time="200" tween="cubic" easing="inout" center="auto" condition="!Control.HasFocus(12)" reversible="true">Conditional</animation>
				</control>
				<control type="label">
					<description>Library Editor</description>
				  <include>TopSmallLabel</include>
					<label>$INFO[Control.GetLabel(14)]</label>
					<animation effect="fade" start="100" end="70" time="200" tween="cubic" easing="inout" condition="!Control.HasFocus(14)" reversible="true">Conditional</animation>
          <animation effect="zoom"  start="100" end="90" time="200" tween="cubic" easing="inout" center="auto" condition="!Control.HasFocus(14)" reversible="true">Conditional</animation>
	        <visible>[Container.Content(songs)] + System.HasAddon(script.libraryeditor)</visible>
				</control>
				<control type="label">
					<description>Refresh</description>
				  <include>TopSmallLabel</include>
          <label>$INFO[Control.GetLabel(13)]</label>
					<animation effect="fade" start="100" end="70" time="200" tween="cubic" easing="inout" condition="!Control.HasFocus(13)" reversible="true">Conditional</animation>
          <animation effect="zoom"  start="100" end="90" time="200" tween="cubic" easing="inout" center="auto" condition="!Control.HasFocus(13)" reversible="true">Conditional</animation>
				</control>
				<control type="label">
					<description>Search YouTube</description>
				  <include>TopSmallLabel</include>
          <label>$INFO[Control.GetLabel(16)]</label>
					<animation effect="fade" start="100" end="70" time="200" tween="cubic" easing="inout" condition="!Control.HasFocus(16)" reversible="true">Conditional</animation>
          <animation effect="zoom"  start="100" end="90" time="200" tween="cubic" easing="inout" center="auto" condition="!Control.HasFocus(16)" reversible="true">Conditional</animation>
				</control>
			</control>
		</control>

    <!-- ================ -->
    <!-- Top Content Info -->
    <!-- ================ -->
		<control type="group">
			<posx>47</posx>
			<posy>70</posy>
	    <animation type="WindowOpen" reversible="false">
	        <effect type="fade" start="0" end="100" time="300" tween="sine" easing="in"  />
	        <effect type="slide" start="0,-55" end="0,0" time="350" tween="cubic" easing="out" />
	    </animation>
	    <animation type="WindowClose" condition="!Window.IsActive(shutdownmenu)" reversible="false">
	        <effect type="fade" start="100" end="0" time="300" tween="sine" easing="out" />
	        <effect type="slide" start="0,0" end="0,-55" time="350" tween="sine" easing="out" />
	    </animation>
	    <animation type="WindowClose" condition="Window.IsActive(shutdownmenu)" reversible="false">
	        <effect type="fade" start="100" end="0" time="300" tween="sine" easing="out" />
	        <effect type="slide" start="0,0" end="0,55" time="350" tween="sine" easing="out" />
	    </animation>
      <animation type="Visible" reversible="false">
          <effect type="fade" start="0" end="100" time="300" tween="sine" easing="out"  />
          <effect type="slide" start="0,35" end="0,0" time="350" tween="sine" easing="out" />
      </animation>
      <animation type="Hidden" reversible="false">
          <effect type="fade" start="100" end="0" time="300" tween="sine" easing="out" />
          <effect type="slide" start="0,0" end="0,35" time="350" tween="sine" easing="out" />
      </animation>
			<visible>!Window.IsActive(MusicInformation)</visible>
			<control type="label">
				<width>300</width>
				<height>20</height>
				<font>FontSize_18</font>
				<textcolor>blue</textcolor>
				<scroll>false</scroll>
				<align>left</align>
				<aligny>center</aligny>
				<label>132</label>
		    <visible>Container.Content(Albums)</visible>
			</control>
			<control type="label">
				<width>300</width>
				<height>20</height>
				<font>FontSize_18</font>
				<textcolor>blue</textcolor>
				<scroll>false</scroll>
				<align>left</align>
				<aligny>center</aligny>
				<label>133</label>
				<visible>Container.Content(Artists)</visible>
			</control>
			<control type="label">
				<width>300</width>
				<height>20</height>
				<font>FontSize_18</font>
				<textcolor>blue</textcolor>
				<scroll>false</scroll>
				<align>left</align>
				<aligny>center</aligny>
				<label>134</label>
				<visible>Container.Content(Songs)</visible>
			</control>
		</control>




	</controls>
</window>
