<?xml version="1.0" encoding="UTF-8"?>
<window  id="502">
	<defaultcontrol always="true">50</defaultcontrol>
	<allowoverlay>yes</allowoverlay>
	<backgroundcolor>0</backgroundcolor>
	<views>50,51,52,56,560,582,57,59</views>
	<controls>
		<include>BackgroundItems</include>
		<include>MusicLibraryViews</include>
		<include>CommonItems</include>

		<!-- ==================== -->
		<!-- Top Options Controls -->
		<!-- ==================== -->
		<control type="group"  id="9000">
			<left>45</left>
			<top>-10</top>
			<include>TopOptionsSlideAnimations</include>
			<visible allowhiddenfocus="false">!Skin.HasSetting(EnableKioskMode)</visible>
			<visible allowhiddenfocus="true">ControlGroup(9111).HasFocus + !Window.IsActive(ContextMenu) + !Window.IsActive(ShutdownMenu) + !Window.IsActive(favourites)</visible>
			<!-- Head Labels -->
			<control type="grouplist">
				<left>0</left>
				<top>0</top>
				<height>70</height>
				<width>1000</width>
				<align>left</align>
				<aligny>center</aligny>
				<itemgap>20</itemgap>
				<orientation>horizontal</orientation>
				<include>TopOptionsSlideAnimations</include>
				<control type="label">
					<include>TopBigLabel</include>
					<label>$LOCALIZE[33063] $LOCALIZE[33061]</label>
				</control>
				<control type="label">
					<include>TopZoomedSmallLabel</include>
					<label>$LOCALIZE[2]</label>
				</control>
			</control>
			<!-- Main Options -->
			<control type="grouplist" id="9111">
				<visible allowhiddenfocus="false">!Skin.HasSetting(EnableKioskMode)</visible>
				<left>0</left>
				<top>50</top>
				<width>460</width>
				<height max="520">auto</height>
				<itemgap>0</itemgap>
				<onleft>Close</onleft>
				<onright>Close</onright>
				<onleft>50</onleft>
				<onright>50</onright>
				<onup>9111</onup>
				<ondown>9111</ondown>
				<onback>50</onback>
				<include>TopOptionsSlideAnimations</include>
				<control type="button" id="2">
					<description>View as</description>
					<include>TopLeftMenusButton</include>
				</control>
				<control type="togglebutton" id="294">
					<description>Change Thumbs Size (Thumbnails View)</description>
					<include>TopLeftMenusButton</include>
					<label>$LOCALIZE[31098]</label>
					<altlabel>$LOCALIZE[31099]</altlabel>
					<onclick>Skin.ToggleSetting(ShowSmallMusicThumbs)</onclick>
					<selected>Skin.HasSetting(ShowSmallMusicThumbs)</selected>
					<visible>[Control.IsVisible(560) + !stringcompare(Container.FolderPath,addons://sources/audio/)]</visible>
				</control>
				<control type="togglebutton" id="295">
					<description>Change Thumbs Size (Thumbnails View)</description>
					<include>TopLeftMenusButton</include>
					<label>$LOCALIZE[31098]</label>
					<altlabel>$LOCALIZE[31099]</altlabel>
					<onclick>Skin.ToggleSetting(ShowSmallMusicAddonsThumbs)</onclick>
					<selected>Skin.HasSetting(ShowSmallMusicAddonsThumbs)</selected>
					<visible>[Control.IsVisible(560) + stringcompare(Container.FolderPath,addons://sources/audio/)]</visible>
				</control>
				<control type="button" id="3">
					<description>Sort by</description>
					<include>TopLeftMenusButton</include>
				</control>
				<control type="togglebutton" id="4">
					<description>Sort Ascending/Descending</description>
					<label>$LOCALIZE[21429]: $LOCALIZE[21430]</label>
					<altlabel>$LOCALIZE[21429]: $LOCALIZE[21431]</altlabel>
					<include>TopLeftMenusButton</include>
				</control>
				<control type="button" id="19">
					<description>Filter</description>
					<label>$LOCALIZE[587]</label>
					<include>TopLeftMenusButton</include>
					<visible>Container.CanFilter + !Container.CanFilterAdvanced</visible>
					<onclick>Action(right)</onclick>
				</control>
				<control type="button" id="98">
					<visible>Container.CanFilterAdvanced</visible>
					<description>Filter</description>
					<include>TopLeftMenusButton</include>
					<label>$LOCALIZE[587]</label>
					<selected>Container.Filtered</selected>
					<onclick>right</onclick>
					<onclick>Filter</onclick>
				</control>
				<control type="button" id="8">
					<description>Search</description>
					<label>$LOCALIZE[137]</label>
					<onclick>right</onclick>
					<include>TopLeftMenusButton</include>
				</control>
				<control type="button" id="99">
					<description>Files</description>
					<label>$LOCALIZE[744]</label>
					<include>TopLeftMenusButton</include>
					<onclick>SetFocus(50)</onclick>
					<onclick>ReplaceWindow(MusicFiles)</onclick>
					<selected>Window.IsVisible(MusicFiles)</selected>
				</control>
				<control type="togglebutton" id="16">
					<description>Party Mode</description>
					<label>$LOCALIZE[589]: $LOCALIZE[31012]</label>
					<altlabel>$LOCALIZE[589]: $LOCALIZE[31011]</altlabel>
					<include>TopLeftMenusButton</include>
				</control>
				<control type="togglebutton" id="20">
					<description>Update Library</description>
					<label>$LOCALIZE[653]</label>
					<altlabel>$LOCALIZE[13353]</altlabel>
					<usealttexture>Library.IsScanningMusic</usealttexture>
					<onclick>Action(right)</onclick>
					<include>TopLeftMenusButton</include>
				</control>
				<control type="button" id="97">
					<description>Current Playlist</description>
					<label>$LOCALIZE[13350]</label>
					<include>TopLeftMenusButton</include>
					<onclick>$VAR[CurrentPlayList]</onclick>
					<visible>!StringCompare(Playlist.Length(music),0)</visible>
				</control>
			</control>
		</control>


		<!-- ================ -->
		<!-- Top Content Info -->
		<!-- ================ -->
		<control type="group">
			<left>45</left>
			<top>25</top>
			<include>CommonSlideAnimations</include>
			<include>ShutdownMenuAnimation</include>
			<visible>!ControlGroup(9000).HasFocus + !Window.IsActive(MusicInformation) + !Window.IsActive(SongInformation) + !Window.IsActive(AddonInformation)</visible>
			<control type="grouplist">
				<left>0</left>
				<top>0</top>
				<height>70</height>
				<width>1000</width>
				<align>left</align>
				<itemgap>20</itemgap>
				<orientation>horizontal</orientation>
				<include>CommonSlideAnimations</include>					
				<control type="label">
					<include>TopBigLabel</include>
					<label>$LOCALIZE[31021]</label>
					<visible>![Substring(Container.FolderPath,.xsp,Right) | Substring(Container.FolderPath,.m3u,Right)]</visible>
				</control>
				<control type="label">
					<include>TopBigLabel</include>
					<label>$LOCALIZE[2] $LOCALIZE[559]</label>
					<visible>Substring(Container.FolderPath,.xsp,Right) | Substring(Container.FolderPath,.m3u,Right)</visible>
				</control>
				<control type="label">
					<include>TopZoomedSmallLabel</include>
					<label>$LOCALIZE[24001]</label>
					<visible>substring(Container.FolderPath,plugin://plugin.audio,left) | substring(Container.FolderPath,plugin://plugin.video,left)</visible>
				</control>
				<control type="label">
					<include>TopZoomedSmallLabel</include>
					<label>$INFO[Container.FolderName]</label>
				</control>
			</control>
		</control>

		<include>CommonWeatherAndClock</include>
	</controls>
</window>
