<?xml version="1.0" encoding="UTF-8"?>
<window  id="128">
	<defaultcontrol>10</defaultcontrol>
	<controls>
	 <control type="group">
		<include>DialogAnimation</include>
    <visible>!Window.IsActive(virtualkeyboard) + !Window.IsActive(numericinput) + !Window.IsActive(okdialog) + ![Window.IsActive(filebrowser) + !IsEmpty(Window(home).Property(ShowDialog))]</visible>
	   <control type="image">
			<left>346</left>
			<top>143</top>
		  <width>587</width>
		  <height>57</height>
		  <colordiffuse>blue</colordiffuse>
		  <texture background="true" border="9">dialogs/other/header.png</texture>
	   </control>
	   <control type="image">
			<left>346</left>
			<top>197</top>
		  <width>587</width>
		  <height>341</height>
		  <texture background="true" border="39,19,39,19">dialogs/other/body.png</texture>
	   </control>
		 <control type="image">
			<description>background image</description>
			<include>FullscreenDimensions</include>
			<texture background="true">dialogs/other/bg_networksettings.png</texture>
		 </control>
		 <control type="image">
			<left>348</left>
			<top>196</top>
			<width>583</width>
			<height>4</height>
			<aspectratio>stretch</aspectratio>
			<texture background="true">dialogs/other/header_line.png</texture>
		 </control>
		 <control type="label">
			<description>header label</description>
			<left>360</left>
			<top>157</top>
			<width>560</width>
	    <include>DialogsHeaderLabel</include>
      <label>$LOCALIZE[1007]</label>
		 </control>

  	 <control type="group" id="10010">
  		<control type="spincontrolex" id="10">
  			<description>Protocol SpinControl</description>
  			<left>363</left>
  			<top>214</top>
  			<width>553</width>
  			<label>1008</label>
  			<onup>15</onup>
  			<ondown>11</ondown>
  			<onleft>10</onleft>
  			<onright>10000</onright>
  	    <include>DialogsSpincontrolex</include>
  		</control>
  		<control type="edit" id="11">
  			<description>Server Address Button</description>
  			<left>363</left>
  			<top>265</top>
  			<width>389</width>
  			<label>-</label>
  			<onup>10</onup>
  			<onleft>10000</onleft>
  			<onright>12</onright>
  			<ondown>16</ondown>
  	    <include>DialogsButton</include>
  		</control>
  		<control type="button" id="12">
  			<description>Server Browse Button</description>
  			<left>756</left>
  			<top>265</top>
  			<width>160</width>
  			<label>1024</label>
  			<onup>10</onup>
  			<onleft>11</onleft>
  			<onright>10000</onright>
  			<ondown>16</ondown>
  			<align>center</align>
  	    <include>DialogsButton</include>
  		</control>
  		<control type="edit" id="16">
  			<description>Remote path Button</description>
  			<left>363</left>
  			<top>316</top>
  			<width>553</width>
  			<label>-</label>
  			<onup>11</onup>
  			<onleft>16</onleft>
  			<onright>10000</onright>
  			<ondown>13</ondown>
  	    <include>DialogsButton</include>
  		</control>
  		<control type="edit" id="13">
  			<description>Port Button</description>
  			<left>363</left>
  			<top>367</top>
  			<width>553</width>
  			<label>1013</label>
  			<onup>16</onup>
  			<onleft>13</onleft>
  			<onright>10000</onright>
  			<ondown>14</ondown>
  	    <include>DialogsButton</include>
  		</control>
  		<control type="edit" id="14">
  			<description>Username Button</description>
  			<left>363</left>
  			<top>418</top>
  			<width>553</width>
  			<label>1014</label>
  			<onup>13</onup>
  			<onleft>14</onleft>
  			<onright>10000</onright>
  			<ondown>15</ondown>
  	    <include>DialogsButton</include>
  		</control>
  		<control type="edit" id="15">
  			<description>Password Button</description>
  			<left>363</left>
  			<top>469</top>
  			<width>553</width>
  			<label>15052</label>
  			<onup>14</onup>
  			<onleft>15</onleft>
  			<onright>10000</onright>
  			<ondown>12</ondown>
  	    <include>DialogsButton</include>
  		</control>
		 </control>

     <!-- Control Buttons -->
	   <control type="group"  id="10000">
			<left>940</left>
			<top>493</top>
  		<control type="button" id="18">
				<description>Save</description>
    		<width>150</width>
	      <include>DialogsButtonsText</include>
    		<texturefocus border="49,0,49,0">dialogs/buttons/save_focus.png</texturefocus>
    		<texturenofocus border="49,0,49,0">dialogs/buttons/save_nofocus.png</texturenofocus>
  			<onleft>10010</onleft>
  			<onright>10010</onright>
  			<onup>19</onup>
  			<ondown>19</ondown>
				<label>$LOCALIZE[190]</label>
  		</control>
  		<control type="button" id="19">
				<description>Cancel</description>
  			<top>-50</top>
    		<width>150</width>
	      <include>DialogsButtonsText</include>
    		<texturefocus border="49,0,49,0">dialogs/buttons/cancel_focus.png</texturefocus>
    		<texturenofocus border="49,0,49,0">dialogs/buttons/cancel_nofocus.png</texturenofocus>
  			<onleft>10010</onleft>
  			<onright>10010</onright>
  			<onup>18</onup>
  			<ondown>18</ondown>
				<label>$LOCALIZE[222]</label>
  		</control>
	   </control>
	   
	 </control>
	</controls>
</window>
