<?xml version="1.0" encoding="UTF-8"?>
<window>
	<defaultcontrol>5</defaultcontrol>
	<controls>
		<control type="group">
			<include>DialogAnimation</include>
			<visible>!Window.IsActive(virtualkeyboard) + !Window.IsActive(numericinput)</visible>
			<include>DialogSelectBackground</include>
			<control type="label">
				<description>header label</description>
				<left>360</left>
				<top>152</top>
				<width>560</width>
				<include>DialogsHeaderLabel</include>
				<label>$LOCALIZE[19057]</label>
			</control>

			<control type="group" id="10010">
				<left>364</left>
				<top>209</top>
				<control type="grouplist" id="5">
					<description>control area</description>
					<left>0</left>
					<top>0</top>
					<width>553</width>
					<height>302</height>
					<itemgap>4</itemgap>
					<onup>5</onup>
					<ondown>5</ondown>
					<onleft>10000</onleft>
					<onright>10000</onright>
				</control>
				<control type="button" id="7">
					<description>Default Button</description>
					<include>DialogsButton</include>
				</control>
				<control type="radiobutton" id="8">
					<description>Default RadioButton</description>
					<include>DialogsRadioButton</include>
				</control>
				<control type="spincontrolex" id="9">
					<description>Default spincontrolex</description>
					<include>DialogsSpincontrolex</include>
				</control>
				<control type="sliderex" id="13">
					<description>Default Slider</description>
					<include>DialogsSliderex</include>
				</control>
				<control type="edit" id="12">
					<description>Default edit</description>
					<include>DialogsButton</include>
				</control>
				<control type="image" id="11">
					<description>Default Seperator</description>
					<height>2</height>
					<texture>-</texture>
				</control>
				<control type="image" id="14">
					<description>Default Label</description>
					<height>2</height>
					<label>-</label>
					<visible>false</visible>
				</control>
			</control>

			<!-- Control Buttons -->
			<control type="group"  id="10000">
				<left>939</left>
				<top>488</top>
				<control type="button" id="28">
					<description>Save</description>
					<width>150</width>
					<include>DialogsButtonsText</include>
					<texturefocus border="49,0,49,0">dialogs/buttons/save_focus.png</texturefocus>
					<texturenofocus border="49,0,49,0">dialogs/buttons/save_nofocus.png</texturenofocus>
					<onleft>10010</onleft>
					<onright>10010</onright>
					<onup>29</onup>
					<ondown>29</ondown>
					<label>$LOCALIZE[190]</label>
				</control>
				<control type="button" id="29">
					<description>Clear</description>
					<top>-50</top>
					<width>150</width>
					<include>DialogsButtonsText</include>
					<texturefocus border="49,0,49,0">dialogs/buttons/cancel_focus.png</texturefocus>
					<texturenofocus border="49,0,49,0">dialogs/buttons/cancel_nofocus.png</texturenofocus>
					<onleft>10010</onleft>
					<onright>10010</onright>
					<onup>28</onup>
					<ondown>28</ondown>
					<label>$LOCALIZE[222]</label>
				</control>
			</control>
		</control>		
	</controls>
</window>