<?xml version="1.0" encoding="UTF-8"?>
<window>
	<defaultcontrol always="true">50</defaultcontrol>
    <allowoverlay>no</allowoverlay>
  <views>10,11,12,13</views>
	<controls>
	<include>BackgroundItemsPVR</include>

  <control type="group" id="50">
    <include>EPGTimeline_View</include>
    <include>EPGNow_View</include>
    <include>EPGNext_View</include>
    <include>EPGChannel_View</include>
  </control>

	<include>CommonDialogsFadeOutBG</include>
	<include>PVRControlsMenu</include>
	<include>CommonScrollingLetters</include>
	<include>CommonNowPlaying</include>
	<include>CommonWeatherAndClock</include>



	</controls>
</window>
