<?xml version="1.0" encoding="UTF-8"?>
<window id="125">
	<defaultcontrol always="true">9000</defaultcontrol>
	<controls>
		<control type="group">
			<control type="image">
				<left>0</left>
				<top>410</top>
				<width>1280</width>
				<height>220</height>
				<fadetime>200</fadetime>
				<texture background="true">osd/tile.png</texture>
				<colordiffuse>D9FFFFFF</colordiffuse>
				<include>FanartFade</include>
				<visible>!IsEmpty(Container(11).ListItem.Icon)</visible>
				<visible>![Window.IsActive(ShutdownMenu) | Window.IsActive(NumericInput)]</visible>
			</control>
			<control type="list" id="11">
				<visible>![Window.IsActive(ShutdownMenu) | Window.IsActive(NumericInput)]</visible>
				<animation type="WindowOpen">
					<effect type="slide" start="-150,0" end="0,0" time="450" delay="0" tween="sine" easing="out" />
					<effect type="fade" start="0" end="100" time="450" delay="0" tween="sine" easing="out" />
				</animation>
				<animation type="WindowClose">
					<effect type="slide" start="0,0" end="-200,0" time="400" delay="0" tween="sine" easing="out" />
					<effect type="fade" start="100" end="0" time="400" delay="0" tween="sine" easing="out" />
				</animation>
				<animation type="Visible">
					<effect type="slide" start="-150,0" end="0,0" time="450" delay="0" tween="sine" easing="out" />
					<effect type="fade" start="0" end="100" time="450" delay="0" tween="sine" easing="out" />
				</animation>
				<animation type="Hidden">
					<effect type="slide" start="0,0" end="-300,0" time="400" delay="0" tween="sine" easing="out" />
					<effect type="fade" start="100" end="0" time="400" delay="0" tween="sine" easing="out" />
				</animation>
				<left>37</left>
				<top>430</top>
				<width>1224</width>
				<height>200</height>
				<onleft>11</onleft>
				<onright>11</onright>
				<ondown>2</ondown>
				<onup>2</onup>
				<scrolltime tween="cubic" easing="out">500</scrolltime>
				<itemgap>0</itemgap>
				<orientation>horizontal</orientation>
				<viewtype label="536">icon</viewtype>
				<pagecontrol>-</pagecontrol>
				<itemlayout width="306">
					<control type="image">
						<left>7</left>
						<top>7</top>
						<width>276</width>
						<height>168</height>
						<texture diffuse="thumbs/video_diffuse.png">$INFO[ListItem.Icon]</texture>
						<aspectratio aligny="center" scalediffuse="false">scale</aspectratio>
						<include>VisibleFadeEffect</include>
					</control>
						<control type="image">
							<left>7</left>
							<top>7</top>
							<width>276</width>
							<height>168</height>
							<texture diffuse="thumbs/video_diffuse.png">views/episode/episode_label.png</texture>
							<aspectratio aligny="center" scalediffuse="false">scale</aspectratio>
							<include>VisibleFadeEffect</include>
						</control>
					<control type="image">
						<left>0</left>
						<top>0</top>
						<width>290</width>
						<height>182</height>
						<texture>thumbs/video_overlay_noglass.png</texture>
						<aspectratio aligny="center">stretch</aspectratio>
						<include>VisibleFadeEffect</include>
					</control>
					<control type="label">
						<left>0</left>
						<top>150</top>
						<width>290</width>
						<height>15</height>
						<font>FontSize_18B</font>
						<textcolor>white</textcolor>
						<shadowcolor>99000000</shadowcolor>
						<selectedcolor>selected</selectedcolor>
						<align>center</align>
						<aligny>center</aligny>
						<label>$INFO[ListItem.Label]$INFO[ListItem.Label2, - ]</label>
					</control>
				</itemlayout>
				<focusedlayout width="306">
					<control type="group">
						<control type="image">
							<left>7</left>
							<top>7</top>
							<width>276</width>
							<height>168</height>
							<texture diffuse="thumbs/video_diffuse.png">$INFO[ListItem.Icon]</texture>
							<aspectratio aligny="center" scalediffuse="false">scale</aspectratio>
							<include>VisibleFadeEffect</include>
						</control>
						<control type="image">
							<left>7</left>
							<top>7</top>
							<width>276</width>
							<height>168</height>
							<texture diffuse="thumbs/video_diffuse.png">views/episode/episode_label.png</texture>
							<aspectratio aligny="center" scalediffuse="false">scale</aspectratio>
							<include>VisibleFadeEffect</include>
						</control>
						<control type="image">
							<left>0</left>
							<top>0</top>
							<width>290</width>
							<height>182</height>
							<texture>thumbs/video_overlay_noglass.png</texture>
							<aspectratio aligny="center">stretch</aspectratio>
							<include>VisibleFadeEffect</include>
						</control>
						<control type="image">
							<left>-12</left>
							<top>-12</top>
							<width>314</width>
							<height>206</height>
							<aspectratio align="center" aligny="center">stretch</aspectratio>
							<texture border="35">dialogs/albuminfo/focus.png</texture>
							<visible>Control.HasFocus(11)</visible>
						</control>
						<control type="label">
							<left>0</left>
							<top>150</top>
							<width>290</width>
							<height>15</height>
							<font>FontSize_18B</font>
							<textcolor>white</textcolor>
							<shadowcolor>99000000</shadowcolor>
							<selectedcolor>selected</selectedcolor>
							<align>center</align>
							<aligny>center</aligny>
							<label>$INFO[ListItem.Label]$INFO[ListItem.Label2, - ]</label>
							<visible>!Control.HasFocus(11)</visible>
						</control>
						<control type="label">
							<left>0</left>
							<top>150</top>
							<width>290</width>
							<height>15</height>
							<font>FontSize_18B</font>
							<textcolor>blue</textcolor>
							<shadowcolor>99000000</shadowcolor>
							<selectedcolor>blue</selectedcolor>
							<align>center</align>
							<aligny>center</aligny>
							<label>$INFO[ListItem.Label]$INFO[ListItem.Label2, - ]</label>
							<visible>Control.HasFocus(11)</visible>
						</control>
					</control>
				</focusedlayout>
			</control>
		</control>

		<!-- ============= -->
		<!-- == Buttons == -->
		<!-- ============= -->
		<control type="group">
			<left>45</left>
			<top>25</top>
			<visible>!Window.IsActive(ShutdownMenu) + !Window.IsActive(ContextMenu)</visible>
			<include>OSDSlideAnimations</include>
			<control type="grouplist" id="9000">
				<left>0</left>
				<top>0</top>
				<height>0</height>
				<width>0</width>
				<itemgap>0</itemgap>
				<onleft>9000</onleft>
				<onright>9000</onright>
				<onup>11</onup>
				<ondown>11</ondown>
				<align>left</align>
				<orientation>horizontal</orientation>						
				<control type="button" id="2">
					<description>Add Bookmark</description>
					<label>294</label>
					<include>TopButton</include>
				</control>
				<control type="button" id="3">
					<description>Delete Bookmark</description>
					<label>296</label>
					<include>TopButton</include>
				</control>
				<control type="button" id="4">
					<description>Add Episode Bookmark</description>
					<label>20406</label>
					<include>TopButton</include>
					<visible>VideoPlayer.Content(Episodes)</visible>
				</control>
			</control>
			<control type="grouplist">
				<left>0</left>
				<top>0</top>
				<height>70</height>
				<width>1190</width>
				<itemgap>15</itemgap>
				<align>left</align>
				<orientation>horizontal</orientation>
				<control type="label">
					<include>TopBigLabel</include>
					<label>$LOCALIZE[298]:</label>
				</control>
				<control type="label">
					<include>TopSmallLabel</include>
					<label>$INFO[Control.GetLabel(2)]</label>
					<animation effect="fade" start="100" end="50" time="200" tween="cubic" easing="in" condition="!Control.IsEnabled(2)" reversible="true">Conditional</animation>
					<animation effect="fade" start="100" end="70" time="200" tween="cubic" easing="in" condition="!Control.HasFocus(2)" reversible="true">Conditional</animation>
					<animation effect="zoom"  start="100" end="90" time="200" tween="cubic" easing="in" center="auto" condition="!Control.HasFocus(2)" reversible="true">Conditional</animation>
				</control>
				<control type="label">
					<include>TopSmallLabel</include>
					<label>$INFO[Control.GetLabel(3)]</label>
					<animation effect="fade" start="100" end="50" time="200" tween="cubic" easing="in" condition="!Control.IsEnabled(3)" reversible="true">Conditional</animation>
					<animation effect="fade" start="100" end="70" time="200" tween="cubic" easing="in" condition="!Control.HasFocus(3)" reversible="true">Conditional</animation>
					<animation effect="zoom"  start="100" end="90" time="200" tween="cubic" easing="in" center="auto" condition="!Control.HasFocus(3)" reversible="true">Conditional</animation>
				</control>
				<control type="label">
					<include>TopSmallLabel</include>
					<label>$INFO[Control.GetLabel(4)]</label>
					<animation effect="fade" start="100" end="50" time="200" tween="cubic" easing="in" condition="!Control.IsEnabled(4)" reversible="true">Conditional</animation>
					<animation effect="fade" start="100" end="70" time="200" tween="cubic" easing="in" condition="!Control.HasFocus(4)" reversible="true">Conditional</animation>
					<animation effect="zoom"  start="100" end="90" time="200" tween="cubic" easing="in" center="auto" condition="!Control.HasFocus(4)" reversible="true">Conditional</animation>
					<visible>VideoPlayer.Content(Episodes)</visible>
				</control>
			</control>
			<control type="label">
				<description>Page Count Label</description>
				<left>2</left>
				<top>48</top>
				<width>300</width>
				<height>20</height>
				<font>FontSize_18</font>
				<textcolor>blue</textcolor>
				<scroll>false</scroll>
				<align>left</align>
				<aligny>center</aligny>
				<label>$INFO[Container(11).NumItems,, $LOCALIZE[31025]]</label>
				<visible>IntegerGreaterThan(Container(11).NumItems,0)</visible>
				<visible>!Window.IsActive(ShutdownMenu)</visible>
			</control>
		</control>
	</controls>
</window>