<?xml version="1.0" encoding="UTF-8"?>
<sounds>
  <actions>
    <action>
      <name>left</name>
      <file>cursor.wav</file>
    </action>
    <action>
      <name>right</name>
      <file>cursor.wav</file>
    </action>
    <action>
      <name>up</name>
      <file>cursor.wav</file>
    </action>
    <action>
      <name>down</name>
      <file>cursor.wav</file>
    </action>
    <action>
      <name>select</name>
      <file>Select.wav</file>
    </action>
    <action>
      <name>parentdir</name>
      <file>click-back.wav</file>
    </action>
    <action>
      <name>previousmenu</name>
      <file>Back.wav</file>
    </action>
    <action>
      <name>screenshot</name>
      <file>shutter.wav</file>
    </action>
  </actions>
  <windows>
    <window>
      <name>infodialog</name>
      <activate>Notify.wav</activate>
      <deactivate>out.wav</deactivate>
    </window>
  </windows>
</sounds>