<?xml version="1.0" encoding="UTF-8"?>
<window  type="dialog" id="114">
	<defaultcontrol always="true">150</defaultcontrol>
	<zorder>3</zorder>	
	<include>OnLoadDialogsClose</include>
	<onload condition="[Player.HasMedia + !VideoPlayer.Content(LiveTV)]">SetFocus(602)</onload>
	<onload condition="[Player.HasMedia + VideoPlayer.Content(LiveTV)]">SetFocus(601)</onload>>
	<onload condition="[System.HasAddon(script.extendedinfo) + stringcompare(Skin.String(QuickNavWidgetMoviesType),4)]">RunScript(script.extendedinfo,info=incinemas)</onload>
	<onload condition="[System.HasAddon(script.extendedinfo) + stringcompare(Skin.String(QuickNavWidgetMoviesType),5)]">RunScript(script.extendedinfo,info=trendingmovies)</onload>
	<onload condition="[System.HasAddon(script.extendedinfo) + stringcompare(Skin.String(QuickNavWidgetTVShowsType),4)]">RunScript(script.extendedinfo,info=trendingshows)</onload>
	<onload condition="[System.HasAddon(script.extendedinfo) + stringcompare(Skin.String(QuickNavWidgetMusicType),4)]">RunScript(script.extendedinfo,info=topartists)</onload>
	<visible>[Window.IsActive(PlayerControls) + ![Skin.HasSetting(DisableQuickNav) + !Player.HasMedia]] + !Window.IsActive(FullscreenVideo) + !Window.IsActive(Visualisation)</visible>-->
	<controls>

		<control type="image">
			<animation effect="fade" time="300" start="0" end="100" tween="sine" easing="out">WindowOpen</animation>
			<animation effect="fade" time="300" start="100" end="0" tween="sine" easing="in">WindowClose</animation>
			<animation effect="fade" time="300" start="0" end="100" tween="sine" easing="out">Visible</animation>
			<animation effect="fade" time="300" start="100" end="0" tween="sine" easing="in">Hidden</animation>
			<include>FullscreenDimensions</include>
			<texture background="true" diffuse="osd/quicknav/fanart_diffuse.png">$VAR[QuickNavWidgetFanart]</texture>
			<fadetime>FanartCrossfadeTime</fadetime>
			<visible>!Skin.HasSetting(HideBGFanart)</visible>
		</control>

		<control type="group">
			<visible>!Window.IsActive(FullscreenVideo) + !Window.IsActive(Visualisation)</visible>
			<include>QuickNavOpenCloseAnimation</include>	
			<!-- Quick Nav -->
			<control type="group">
				<include>QuickNavAnimation</include>
				<visible allowhiddenfocus="true">Control.HasFocus(150) + !Skin.HasSetting(DisableQuickNav)</visible>
				<control type="image">
					<include>FullscreenDimensions</include>
					<texture background="true">views/list/shine.png</texture>
				</control>
				<control type="image">
					<left>293</left>
					<top>240</top>
					<width>695</width>
					<height>235</height>
					<aspectratio align="center" aligny="center">stretch</aspectratio>
					<texture background="true" border="39">views/other/panel.png</texture>
					<animation effect="fade" time="0" start="100" end="50" condition="true">Conditional</animation>
				</control>
				<control type="label">
					<description>header label</description>
					<left>290</left>
					<top>185</top>
					<height>50</height>
					<width>705</width>
					<font>FontSize_40</font>
					<textcolor>white</textcolor>
					<shadowcolor>77000000</shadowcolor>
					<align>center</align>
					<aligny>center</aligny>
					<scroll>false</scroll>
					<label>$LOCALIZE[31374]</label>
				</control>
				<control type="wraplist" id="150">
					<left>298</left>
					<top>265</top>
					<width>685</width>
					<height>360</height>
					<onleft>150</onleft>
					<onright>150</onright>
					<onup>SetProperty(Movement,1)</onup>
					<onup condition="Player.HasMedia">100</onup>
					<onup condition="!Player.HasMedia">650</onup>
					<ondown>ClearProperty(Movement)</ondown>
					<ondown>25</ondown>
					<preloaditems>3</preloaditems>
					<focusposition>1</focusposition>
					<itemgap>0</itemgap>
					<orientation>horizontal</orientation>
					<scrolltime tween="Cubic" easing="out">300</scrolltime>
					<itemlayout height="235" width="235">
						<control type="image">
							<left>20</left>
							<top>0</top>
							<width>175</width>
							<height>165</height>
							<aspectratio align="center" aligny="center">stretch</aspectratio>
							<texture background="true" border="8">osd/quicknav/nofocus_square.png</texture>
						</control>
						<control type="image">
							<left>25</left>
							<top>5</top>
							<width>165</width>
							<height>155</height>
							<aspectratio align="center" aligny="center">scale</aspectratio>
							<texture background="true" fallback="thumbs/fallback_square_tp.png">$INFO[ListItem.Icon]</texture>
							<bordersize>6</bordersize>
						</control>
					</itemlayout>
					<focusedlayout height="235" width="235">
						<control type="image">
							<left>20</left>
							<top>0</top>
							<width>175</width>
							<height>165</height>
							<aspectratio align="center" aligny="center">stretch</aspectratio>
							<texture background="true" border="8">osd/quicknav/nofocus_square.png</texture>
						</control>
						<control type="image">
							<left>25</left>
							<top>5</top>
							<width>165</width>
							<height>155</height>
							<aspectratio align="center" aligny="center">scale</aspectratio>
							<texture background="true" fallback="thumbs/fallback_square_tp.png">$INFO[ListItem.Icon]</texture>
							<bordersize>6</bordersize>
						</control>
						<control type="label">
							<left>-40</left>
							<top>168</top>
							<width>295</width>
							<height>35</height>
							<textcolor>blue</textcolor>
							<shadowcolor>99000000</shadowcolor>
							<font>FontSize_24</font>
							<scrollspeed>35</scrollspeed>
							<align>center</align>
							<aligny>center</aligny>
							<label>$INFO[ListItem.Label]</label>
							<animation type="Focus">
								<effect type="zoom" start="95" end="100" time="200" tween="sine" easing="inout" center="auto" />
								<effect type="fade" start="0" end="100" time="200" tween="sine" easing="in" />
							</animation>
							<animation type="Unfocus">
								<effect type="zoom" start="100" end="95" time="200" tween="sine" easing="inout" center="auto" />
								<effect type="fade" start="100" end="0" time="200" tween="sine" easing="out" />
							</animation>
						</control>
						<control type="image">
							<left>20</left>
							<top>0</top>
							<width>175</width>
							<height>165</height>
							<aspectratio align="center" aligny="center">stretch</aspectratio>
							<texture background="true">osd/quicknav/focus_square.png</texture>
							<animation type="Focus">
								<effect type="zoom" start="95" end="100" time="200" tween="sine" easing="inout" center="auto" />
								<effect type="fade" start="0" end="100" time="200" tween="sine" easing="in" />
							</animation>
							<animation type="Unfocus">
								<effect type="zoom" start="100" end="95" time="200" tween="sine" easing="inout" center="auto" />
								<effect type="fade" start="100" end="0" time="200" tween="sine" easing="out" />
							</animation>
						</control>
					</focusedlayout>
					<content>
						<include>QuickNavContent</include>
						<include>CustomItems</include>
					</content>
				</control>
				<control type="image">
					<left>617</left>
					<top>489</top>
					<width>25</width>
					<height>22</height>
					<colordiffuse>99ffffff</colordiffuse>
					<texture>buttons/arrow.png</texture>
					<animation type="Conditional" condition="true" pulse="true">
						<effect type="fade" start="0" end="100" delay="1000" time="1000"  />
						<effect type="slide" start="0,-2" end="0,2" tween="sine" easing="inout" delay="1000" time="1000" />
					</animation>
					<visible>!Skin.HasSetting(DisableQuickNav)</visible>
				</control>
				<control type="image">
					<left>641</left>
					<top>489</top>
					<width>25</width>
					<height>22</height>
					<colordiffuse>99ffffff</colordiffuse>
					<texture>buttons/arrow_top.png</texture>
					<animation type="Conditional" condition="true" pulse="true">
						<effect type="fade" start="0" end="100" delay="1000" time="1000"  />
						<effect type="slide" start="0,2" end="0,-2" tween="sine" easing="inout" delay="1000" time="1000" />
					</animation>
					<visible>!Skin.HasSetting(DisableQuickNav)</visible>
				</control>
			</control>

			<!-- Movies -->
			<control type="group">
				<include>QuickNavMoviesWidgetAnimation</include>
				<visible allowhiddenfocus="true">[Control.HasFocus(25) | Control.HasFocus(250)] + !Skin.HasSetting(DisableQuickNav) + !Window.IsActive(progressdialog)</visible>
				<control type="image">
					<include>FullscreenDimensions</include>
					<texture background="true">views/list/shine.png</texture>
				</control>
				<control type="image">
					<left>265</left>
					<top>237</top>
					<width>751</width>
					<height>248</height>
					<aspectratio align="center" aligny="center">stretch</aspectratio>
					<texture background="true" border="39">views/other/panel.png</texture>
					<animation effect="fade" time="0" start="100" end="50" condition="true">Conditional</animation>
				</control>
				<control type="label">
					<description>header title</description>
					<left>275</left>
					<top>185</top>
					<height>50</height>
					<width>730</width>
					<font>FontSize_40</font>
					<textcolor>white</textcolor>
					<shadowcolor>77000000</shadowcolor>
					<align>center</align>
					<aligny>center</aligny>
					<scroll>false</scroll>
					<label>$VAR[QuickNavWidgetHeaderTitle]</label>
				</control>
				<control type="button" id="25">
					<onleft>Control.Move(250,-1)</onleft>
					<onright>Control.Move(250,1)</onright>
					<onup>SetProperty(Movement,1)</onup>
					<onup>150</onup>
					<ondown>ClearProperty(Movement)</ondown>
					<ondown>35</ondown>
					<onclick condition="stringcompare(Skin.String(QuickNavWidgetMoviesType),4) | stringcompare(Skin.String(QuickNavWidgetMoviesType),5)">PreviousMenu</onclick>
					<onclick condition="stringcompare(Skin.String(QuickNavWidgetMoviesType),4) | stringcompare(Skin.String(QuickNavWidgetMoviesType),5)">ActivateWindow(videos,plugin://plugin.video.youtube/kodion/search/query/?q=$INFO[Container(250).ListItem.Label, trailer],return)</onclick>
					<onclick condition="![stringcompare(Skin.String(QuickNavWidgetMoviesType),4) | stringcompare(Skin.String(QuickNavWidgetMoviesType),5)]">SetFocus(250)</onclick>
					<onclick condition="![stringcompare(Skin.String(QuickNavWidgetMoviesType),4) | stringcompare(Skin.String(QuickNavWidgetMoviesType),5)]">Select</onclick>
					<include>TopButton</include>
				</control>
				<control type="fixedlist" id="250">
					<left>272</left>
					<top>262</top>
					<width>736</width>
					<height>360</height>
					<preloaditems>3</preloaditems>
					<focusposition>0</focusposition>
					<movement>4</movement>
					<onup>SetProperty(Movement,1)</onup>
					<onup>150</onup>
					<ondown>ClearProperty(Movement)</ondown>
					<ondown>35</ondown>
					<orientation>horizontal</orientation>
					<scrolltime tween="Quadratic" easing="out">300</scrolltime>
					<itemlayout height="200" width="144">
						<control type="image">
							<left>22</left>
							<top>5</top>
							<width>116.5</width>
							<height>167.5</height>
							<aspectratio align="center" aligny="center" scalediffuse="false">stretch</aspectratio>
							<texture background="true" diffuse="osd/widgets/poster_diffuse.png">thumbs/thumb_back.png</texture>
							<fadetime>800</fadetime>
						</control>
						<control type="image">
							<left>22</left>
							<top>5</top>
							<width>116.5</width>
							<height>167.5</height>
							<aspectratio align="center" aligny="center" scalediffuse="false">scale</aspectratio>
							<texture background="true" fallback="thumbs/fallback_poster_tp.png" diffuse="osd/widgets/poster_diffuse.png">$VAR[QuickNavWidgetThumb]</texture>
							<fadetime>800</fadetime>
						</control>
						<control type="image">
							<left>15.5</left>
							<top>-1</top>
							<width>128.5</width>
							<height>178.5</height>
							<texture background="true">osd/widgets/poster_overlay.png</texture>
							<aspectratio align="center" aligny="center">stretch</aspectratio>
							<fadetime>800</fadetime>
						</control>
					</itemlayout>
					<focusedlayout height="200" width="144">
						<control type="group">
							<control type="image">
								<left>22</left>
								<top>5</top>
								<width>116.5</width>
								<height>167.5</height>
								<aspectratio align="center" aligny="center" scalediffuse="false">stretch</aspectratio>
								<texture background="true" diffuse="osd/widgets/poster_diffuse.png">thumbs/thumb_back.png</texture>
								<fadetime>800</fadetime>
							</control>
							<control type="image">
								<left>22</left>
								<top>5</top>
								<width>116.5</width>
								<height>167.5</height>
								<aspectratio align="center" aligny="center" scalediffuse="false">scale</aspectratio>
								<texture background="true" fallback="thumbs/fallback_poster_tp.png" diffuse="osd/widgets/poster_diffuse.png">$VAR[QuickNavWidgetThumb]</texture>
								<fadetime>800</fadetime>
							</control>
							<control type="image">
								<left>15.5</left>
								<top>-1</top>
								<width>128.5</width>
								<height>178.5</height>
								<texture background="true">osd/widgets/poster_overlay.png</texture>
								<aspectratio align="center" aligny="center">stretch</aspectratio>
								<fadetime>800</fadetime>
							</control>
							<control type="image">
								<left>18</left>
								<top>2</top>
								<width>126</width>
								<height>173</height>
								<aspectratio align="center" aligny="center">stretch</aspectratio>
								<texture>osd/widgets/poster_focus.png</texture>
								<animation type="Focus">
									<effect type="zoom" start="95" end="100" time="200" tween="sine" easing="inout" center="auto" />
									<effect type="fade" start="0" end="100" time="200" tween="sine" easing="in" />
								</animation>
								<animation type="Unfocus">
									<effect type="zoom" start="100" end="95" time="200" tween="sine" easing="inout" center="auto" />
									<effect type="fade" start="100" end="0" time="200" tween="sine" easing="out" />
								</animation>
							</control>
						</control>
					</focusedlayout>
					<content>$VAR[QuickNav_WidgetListContentMovies]</content>
				</control>
				<control type="button">
					<left>288</left>
					<top>445</top>
					<width>707</width>
					<height>35</height>
					<font>FontSize_22</font>
					<textcolor>bbwhite</textcolor>
					<focusedcolor>bbwhite</focusedcolor>
					<disabledcolor>bbwhite</disabledcolor>
					<shadowcolor>77000000</shadowcolor>
					<texturefocus>-</texturefocus>
					<texturenofocus>-</texturenofocus>
					<align>left</align>
					<aligny>top</aligny>
					<label>$VAR[QuickNavWidgetListItemLabel]</label>
					<label2>$VAR[QuickNavWidgetListItemLabel2]</label2>
				</control>
				<control type="image">
					<left>617</left>
					<top>497</top>
					<width>25</width>
					<height>22</height>
					<colordiffuse>99ffffff</colordiffuse>
					<texture>buttons/arrow.png</texture>
					<animation type="Conditional" condition="true" pulse="true">
						<effect type="fade" start="0" end="100" delay="1000" time="1000"  />
						<effect type="slide" start="0,-2" end="0,2" tween="sine" easing="inout" delay="1000" time="1000" />
					</animation>
					<visible>!Skin.HasSetting(DisableQuickNav)</visible>
				</control>
				<control type="image">
					<left>641</left>
					<top>497</top>
					<width>25</width>
					<height>22</height>
					<colordiffuse>99ffffff</colordiffuse>
					<texture>buttons/arrow_top.png</texture>
					<animation type="Conditional" condition="true" pulse="true">
						<effect type="fade" start="0" end="100" delay="1000" time="1000"  />
						<effect type="slide" start="0,2" end="0,-2" tween="sine" easing="inout" delay="1000" time="1000" />
					</animation>
					<visible>!Skin.HasSetting(DisableQuickNav)</visible>
				</control>
			</control>

			<!-- TVShows -->
			<control type="group">
				<include>QuickNavTVShowsWidgetAnimation</include>
				<visible allowhiddenfocus="true">[Control.HasFocus(350) | Control.HasFocus(35)] + !Skin.HasSetting(DisableQuickNav) + !Window.IsActive(progressdialog)</visible>
				<control type="image">
					<include>FullscreenDimensions</include>
					<texture background="true">views/list/shine.png</texture>
				</control>
				<control type="image">
					<left>265</left>
					<top>237</top>
					<width>751</width>
					<height>248</height>
					<aspectratio align="center" aligny="center">stretch</aspectratio>
					<texture background="true" border="39">views/other/panel.png</texture>
					<animation effect="fade" time="0" start="100" end="50" condition="true">Conditional</animation>
				</control>
				<control type="label">
					<description>header label</description>
					<left>275</left>
					<top>185</top>
					<height>50</height>
					<width>730</width>
					<font>FontSize_40</font>
					<textcolor>white</textcolor>
					<shadowcolor>77000000</shadowcolor>
					<align>center</align>
					<aligny>center</aligny>
					<scroll>false</scroll>
					<label>$VAR[QuickNavWidgetHeaderTitle]</label>
				</control>
				<control type="button" id="35">
					<onleft>Control.Move(350,-1)</onleft>
					<onright>Control.Move(350,1)</onright>
					<onup>SetProperty(Movement,1)</onup>
					<onup>25</onup>
					<ondown>ClearProperty(Movement)</ondown>
					<ondown>45</ondown>
					<onclick condition="stringcompare(Skin.String(QuickNavWidgetTVShowsType),4)">PreviousMenu</onclick>
					<onclick condition="stringcompare(Skin.String(QuickNavWidgetTVShowsType),4)">ActivateWindow(videos,plugin://plugin.video.youtube/kodion/search/query/?q=$INFO[Container(350).ListItem.Label, trailer],return)</onclick>
					<onclick condition="!stringcompare(Skin.String(QuickNavWidgetTVShowsType),4)">SetFocus(350)</onclick>
					<onclick condition="!stringcompare(Skin.String(QuickNavWidgetTVShowsType),4)">Select</onclick>
					<include>TopButton</include>
				</control>
				<control type="fixedlist" id="350">
					<left>272</left>
					<top>262</top>
					<width>736</width>
					<height>360</height>
					<preloaditems>3</preloaditems>
					<focusposition>0</focusposition>
					<movement>4</movement>
					<orientation>horizontal</orientation>
					<onup>SetProperty(Movement,1)</onup>
					<onup>25</onup>
					<ondown>ClearProperty(Movement)</ondown>
					<ondown>45</ondown>
					<scrolltime tween="Quadratic" easing="out">300</scrolltime>
					<itemlayout height="200" width="144">
						<control type="image">
							<left>22</left>
							<top>5</top>
							<width>116.5</width>
							<height>167.5</height>
							<aspectratio align="center" aligny="center" scalediffuse="false">stretch</aspectratio>
							<texture background="true" diffuse="osd/widgets/poster_diffuse.png">thumbs/thumb_back.png</texture>
							<fadetime>800</fadetime>
						</control>
						<control type="image">
							<left>22</left>
							<top>5</top>
							<width>116.5</width>
							<height>167.5</height>
							<aspectratio align="center" aligny="center" scalediffuse="false">scale</aspectratio>
							<texture background="true" fallback="thumbs/fallback_poster_tp.png" diffuse="osd/widgets/poster_diffuse.png">$VAR[QuickNavWidgetThumb]</texture>
							<fadetime>800</fadetime>
						</control>
						<control type="image">
							<left>15.5</left>
							<top>-1</top>
							<width>128.5</width>
							<height>178.5</height>
							<texture background="true">osd/widgets/poster_overlay.png</texture>
							<aspectratio align="center" aligny="center">stretch</aspectratio>
							<fadetime>800</fadetime>
						</control>
					</itemlayout>
					<focusedlayout height="200" width="144">
						<control type="group">
							<control type="image">
								<left>22</left>
								<top>5</top>
								<width>116.5</width>
								<height>167.5</height>
								<aspectratio align="center" aligny="center" scalediffuse="false">stretch</aspectratio>
								<texture background="true" diffuse="osd/widgets/poster_diffuse.png">thumbs/thumb_back.png</texture>
								<fadetime>800</fadetime>
							</control>
							<control type="image">
								<left>22</left>
								<top>5</top>
								<width>116.5</width>
								<height>167.5</height>
								<aspectratio align="center" aligny="center" scalediffuse="false">scale</aspectratio>
								<texture background="true" fallback="thumbs/fallback_poster_tp.png" diffuse="osd/widgets/poster_diffuse.png">$VAR[QuickNavWidgetThumb]</texture>
								<fadetime>800</fadetime>
							</control>
							<control type="image">
								<left>15.5</left>
								<top>-1</top>
								<width>128.5</width>
								<height>178.5</height>
								<texture background="true">osd/widgets/poster_overlay.png</texture>
								<aspectratio align="center" aligny="center">stretch</aspectratio>
								<fadetime>800</fadetime>
							</control>
							<control type="image">
								<left>18</left>
								<top>2</top>
								<width>126</width>
								<height>173</height>
								<aspectratio align="center" aligny="center">stretch</aspectratio>
								<texture>osd/widgets/poster_focus.png</texture>
								<animation type="Focus">
									<effect type="zoom" start="95" end="100" time="200" tween="sine" easing="inout" center="auto" />
									<effect type="fade" start="0" end="100" time="200" tween="sine" easing="in" />
								</animation>
								<animation type="Unfocus">
									<effect type="zoom" start="100" end="95" time="200" tween="sine" easing="inout" center="auto" />
									<effect type="fade" start="100" end="0" time="200" tween="sine" easing="out" />
								</animation>
							</control>
						</control>
					</focusedlayout>
					<content>$VAR[QuickNav_WidgetListContentTVShows]</content>
				</control>
				<control type="button">
					<left>288</left>
					<top>445</top>
					<width>707</width>
					<height>35</height>
					<font>FontSize_22</font>
					<textcolor>bbwhite</textcolor>
					<focusedcolor>bbwhite</focusedcolor>
					<disabledcolor>bbwhite</disabledcolor>
					<shadowcolor>77000000</shadowcolor>
					<texturefocus>-</texturefocus>
					<texturenofocus>-</texturenofocus>
					<align>left</align>
					<aligny>top</aligny>
					<label>$VAR[QuickNavWidgetListItemLabel]</label>
					<label2>$VAR[QuickNavWidgetListItemLabel2]</label2>
				</control>
				<control type="image">
					<left>617</left>
					<top>497</top>
					<width>25</width>
					<height>22</height>
					<colordiffuse>99ffffff</colordiffuse>
					<texture>buttons/arrow.png</texture>
					<animation type="Conditional" condition="true" pulse="true">
						<effect type="fade" start="0" end="100" delay="1000" time="1000"  />
						<effect type="slide" start="0,-2" end="0,2" tween="sine" easing="inout" delay="1000" time="1000" />
					</animation>
					<visible>!Skin.HasSetting(DisableQuickNav)</visible>
				</control>
				<control type="image">
					<left>641</left>
					<top>497</top>
					<width>25</width>
					<height>22</height>
					<colordiffuse>99ffffff</colordiffuse>
					<texture>buttons/arrow_top.png</texture>
					<animation type="Conditional" condition="true" pulse="true">
						<effect type="fade" start="0" end="100" delay="1000" time="1000"  />
						<effect type="slide" start="0,2" end="0,-2" tween="sine" easing="inout" delay="1000" time="1000" />
					</animation>
					<visible>!Skin.HasSetting(DisableQuickNav)</visible>
				</control>
			</control>

			<!-- Music -->
			<control type="group">
				<include>QuickNavMusicWidgetAnimation</include>
				<visible allowhiddenfocus="true">[Control.HasFocus(45) | Control.HasFocus(450)] + !Skin.HasSetting(DisableQuickNav) + !Window.IsActive(progressdialog)</visible>
				<control type="image">
					<include>FullscreenDimensions</include>
					<texture background="true">views/list/shine.png</texture>				
				</control>
				<control type="image">
					<left>265</left>
					<top>237</top>
					<width>751</width>
					<height>233</height>
					<aspectratio align="center" aligny="center">stretch</aspectratio>
					<texture background="true" border="39">views/other/panel.png</texture>
					<animation effect="fade" time="0" start="100" end="50" condition="true">Conditional</animation>
				</control>
				<control type="label">
					<description>header label</description>
					<left>270</left>
					<top>185</top>
					<height>50</height>
					<width>745</width>
					<font>FontSize_40</font>
					<textcolor>white</textcolor>
					<shadowcolor>77000000</shadowcolor>
					<align>center</align>
					<aligny>center</aligny>
					<scroll>false</scroll>
					<label>$VAR[QuickNavWidgetHeaderTitle]</label>
				</control>
				<control type="button" id="45">
					<onleft>Control.Move(450,-1)</onleft>
					<onright>Control.Move(450,1)</onright>
					<onup>SetProperty(Movement,1)</onup>
					<onup>35</onup>
					<ondown>ClearProperty(Movement)</ondown>
					<ondown condition="!System.HasAddon(plugin.audio.tuneinradio)">650</ondown>				
					<ondown condition="System.HasAddon(plugin.audio.tuneinradio)">550</ondown>							
					<onclick condition="stringcompare(Skin.String(QuickNavWidgetMusicType),4)">ActivateWindow(videos,plugin://plugin.video.youtube/kodion/search/query/?q=$INFO[Container(450).ListItem.Label],return)</onclick>
					<onclick condition="stringcompare(Skin.String(QuickNavWidgetMusicType),5) + !IsEmpty(Container(450).ListItem.DBID)">RunScript(script.playalbum,albumid=$INFO[Container(450).ListItem.DBID])</onclick>
					<onclick condition="stringcompare(Skin.String(QuickNavWidgetMusicType),5) + IsEmpty(Container(450).ListItem.DBID)">PlayMedia("musicdb://recentlyplayedalbums/-1/")</onclick>
					<onclick condition="!stringcompare(Skin.String(QuickNavWidgetMusicType),4) + !stringcompare(Skin.String(QuickNavWidgetMusicType),5)">SetFocus(450)</onclick>
					<onclick condition="!stringcompare(Skin.String(QuickNavWidgetMusicType),4) + !stringcompare(Skin.String(QuickNavWidgetMusicType),5)">Select</onclick>
					<include>TopButton</include>
				</control>
				<control type="fixedlist" id="450">
					<left>274</left>
					<top>262</top>
					<width>734</width>
					<height>360</height>
					<preloaditems>3</preloaditems>
					<focusposition>0</focusposition>
					<movement>3</movement>
					<orientation>horizontal</orientation>
					<onup>SetProperty(Movement,1)</onup>
					<onup>35</onup>
					<ondown>ClearProperty(Movement)</ondown>
					<ondown condition="!System.HasAddon(plugin.audio.tuneinradio)">650</ondown>				
					<ondown condition="System.HasAddon(plugin.audio.tuneinradio)">550</ondown>	
					<scrolltime tween="Quadratic" easing="out">300</scrolltime>
					<itemlayout height="200" width="180">
						<control type="image">
							<left>20</left>
							<top>5</top>
							<width>154</width>
							<height>154</height>
							<aspectratio align="center" aligny="center" scalediffuse="false">stretch</aspectratio>
							<texture background="true" diffuse="osd/widgets/square_diffuse.png">thumbs/thumb_back.png</texture>
							<fadetime>800</fadetime>
						</control>
						<control type="image">
							<left>20</left>
							<top>5</top>
							<width>154</width>
							<height>154</height>
							<aspectratio align="center" aligny="center" scalediffuse="false">scale</aspectratio>
							<texture background="true" fallback="thumbs/fallback_square_tp.png" diffuse="osd/widgets/square_diffuse.png">$VAR[QuickNavWidgetThumb]</texture>
							<fadetime>800</fadetime>
						</control>
						<control type="image">
							<left>14</left>
							<top>-1</top>
							<width>165</width>
							<height>165</height>
							<texture background="true">osd/widgets/square_overlay.png</texture>
							<aspectratio align="center" aligny="center">stretch</aspectratio>
							<fadetime>800</fadetime>
						</control>
					</itemlayout>
					<focusedlayout height="200" width="180">
						<control type="group">	
							<control type="image">
								<left>20</left>
								<top>5</top>
								<width>154</width>
								<height>154</height>
								<aspectratio align="center" aligny="center" scalediffuse="false">stretch</aspectratio>
								<texture background="true" diffuse="osd/widgets/square_diffuse.png">thumbs/thumb_back.png</texture>
								<fadetime>800</fadetime>
							</control>
							<control type="image">
								<left>20</left>
								<top>5</top>
								<width>154</width>
								<height>154</height>
								<aspectratio align="center" aligny="center" scalediffuse="false">scale</aspectratio>
								<texture background="true" fallback="thumbs/fallback_square_tp.png" diffuse="osd/widgets/square_diffuse.png">$VAR[QuickNavWidgetThumb]</texture>
								<fadetime>800</fadetime>
							</control>
							<control type="image">
								<left>14</left>
								<top>-1</top>
								<width>165</width>
								<height>165</height>
								<texture background="true">osd/widgets/square_overlay.png</texture>
								<aspectratio align="center" aligny="center">stretch</aspectratio>
								<fadetime>800</fadetime>
							</control>
							<control type="image">
								<left>17</left>
								<top>1</top>
								<width>160</width>
								<height>160</height>
								<aspectratio align="center" aligny="center">stretch</aspectratio>				
								<texture border="3,2,3,2">osd/widgets/square_focus.png</texture>
								<animation type="Focus">
									<effect type="zoom" start="95" end="100" time="200" tween="sine" easing="inout" center="auto" />
									<effect type="fade" start="0" end="100" time="200" tween="sine" easing="in" />
								</animation>
								<animation type="Unfocus">
									<effect type="zoom" start="100" end="95" time="200" tween="sine" easing="inout" center="auto" />
									<effect type="fade" start="100" end="0" time="200" tween="sine" easing="out" />
								</animation>
							</control>
						</control>
					</focusedlayout>
					<content>$VAR[QuickNav_WidgetListContentMusic]</content>
				</control>
				<control type="button">
					<left>288</left>
					<top>430</top>
					<width>707</width>
					<height>70</height>
					<font>FontSize_22</font>
					<textcolor>bbwhite</textcolor>
					<focusedcolor>bbwhite</focusedcolor>
					<disabledcolor>bbwhite</disabledcolor>
					<shadowcolor>77000000</shadowcolor>
					<texturefocus>-</texturefocus>
					<texturenofocus>-</texturenofocus>
					<align>left</align>
					<aligny>top</aligny>
					<label>$VAR[QuickNavWidgetListItemLabel]</label>
					<label2>$VAR[QuickNavWidgetListItemLabel2]</label2>
				</control>
				<control type="image">
					<left>617</left>
					<top>482</top>
					<width>25</width>
					<height>22</height>
					<colordiffuse>99ffffff</colordiffuse>
					<texture>buttons/arrow.png</texture>
					<animation type="Conditional" condition="true" pulse="true">
						<effect type="fade" start="0" end="100" delay="1000" time="1000"  />
						<effect type="slide" start="0,-2" end="0,2" tween="sine" easing="inout" delay="1000" time="1000" />
					</animation>
					<visible>!Skin.HasSetting(DisableQuickNav)</visible>
				</control>
				<control type="image">
					<left>641</left>
					<top>482</top>
					<width>25</width>
					<height>22</height>
					<colordiffuse>99ffffff</colordiffuse>
					<texture>buttons/arrow_top.png</texture>
					<animation type="Conditional" condition="true" pulse="true">
						<effect type="fade" start="0" end="100" delay="1000" time="1000"  />
						<effect type="slide" start="0,2" end="0,-2" tween="sine" easing="inout" delay="1000" time="1000" />
					</animation>
					<visible>!Skin.HasSetting(DisableQuickNav)</visible>
				</control>
			</control>

			<!-- TuneIn -->
			<control type="group">
				<include>QuickNavTuneInWidgetAnimation</include>
				<visible allowhiddenfocus="true">Control.HasFocus(550) + !Skin.HasSetting(DisableQuickNav) + !Window.IsActive(progressdialog)</visible>
				<control type="image">
					<include>FullscreenDimensions</include>
					<texture background="true">views/list/shine.png</texture>
				</control>
				<control type="image">
					<left>265</left>
					<top>237</top>
					<width>751</width>
					<height>233</height>
					<aspectratio align="center" aligny="center">stretch</aspectratio>
					<texture background="true" border="39">views/other/panel.png</texture>
					<animation effect="fade" time="0" start="100" end="50" condition="true">Conditional</animation>
				</control>
				<control type="label">
					<description>header label</description>
					<left>270</left>
					<top>185</top>
					<height>50</height>
					<width>745</width>
					<font>FontSize_40</font>
					<textcolor>white</textcolor>
					<shadowcolor>77000000</shadowcolor>
					<align>center</align>
					<aligny>center</aligny>
					<scroll>false</scroll>
					<label>$VAR[QuickNavWidgetHeaderTitle]</label>
				</control>
				<control type="fixedlist" id="550">
					<left>274</left>
					<top>262</top>
					<width>734</width>
					<height>360</height>
					<preloaditems>3</preloaditems>
					<focusposition>0</focusposition>
					<movement>3</movement>
					<orientation>horizontal</orientation>
					<scrolltime tween="Quadratic" easing="out">300</scrolltime>
					<onup>SetProperty(Movement,1)</onup>
					<onup>45</onup>
					<ondown>ClearProperty(Movement)</ondown>
					<ondown>650</ondown>		
					<itemlayout height="200" width="180">
						<control type="image">
							<left>20</left>
							<top>5</top>
							<width>154</width>
							<height>154</height>
							<aspectratio align="center" aligny="center" scalediffuse="false">stretch</aspectratio>
							<texture background="true" diffuse="osd/widgets/square_diffuse.png">thumbs/thumb_back.png</texture>
							<fadetime>800</fadetime>
						</control>
						<control type="image">
							<left>20</left>
							<top>5</top>
							<width>154</width>
							<height>154</height>
							<aspectratio align="center" aligny="center" scalediffuse="false">scale</aspectratio>
							<texture background="true" fallback="thumbs/fallback_square_tp.png" diffuse="osd/widgets/square_diffuse.png">$VAR[QuickNavWidgetThumb]</texture>
							<fadetime>800</fadetime>
						</control>
						<control type="image">
							<left>14</left>
							<top>-1</top>
							<width>165</width>
							<height>165</height>
							<texture background="true">osd/widgets/square_overlay.png</texture>
							<aspectratio align="center" aligny="center">stretch</aspectratio>
							<fadetime>800</fadetime>
						</control>
					</itemlayout>
					<focusedlayout height="200" width="180">
						<control type="group">	
							<control type="image">
								<left>20</left>
								<top>5</top>
								<width>154</width>
								<height>154</height>
								<aspectratio align="center" aligny="center" scalediffuse="false">stretch</aspectratio>
								<texture background="true" diffuse="osd/widgets/square_diffuse.png">thumbs/thumb_back.png</texture>
								<fadetime>800</fadetime>
							</control>
							<control type="image">
								<left>20</left>
								<top>5</top>
								<width>154</width>
								<height>154</height>
								<aspectratio align="center" aligny="center" scalediffuse="false">scale</aspectratio>
								<texture background="true" fallback="thumbs/fallback_square_tp.png" diffuse="osd/widgets/square_diffuse.png">$VAR[QuickNavWidgetThumb]</texture>
								<fadetime>800</fadetime>
							</control>
							<control type="image">
								<left>14</left>
								<top>-1</top>
								<width>165</width>
								<height>165</height>
								<texture background="true">osd/widgets/square_overlay.png</texture>
								<aspectratio align="center" aligny="center">stretch</aspectratio>
								<fadetime>800</fadetime>
							</control>
							<control type="image">
								<left>17</left>
								<top>1</top>
								<width>160</width>
								<height>160</height>
								<aspectratio align="center" aligny="center">stretch</aspectratio>				
								<texture border="3,2,3,2">osd/widgets/square_focus.png</texture>
								<animation type="Focus">
									<effect type="zoom" start="95" end="100" time="200" tween="sine" easing="inout" center="auto" />
									<effect type="fade" start="0" end="100" time="200" tween="sine" easing="in" />
								</animation>
								<animation type="Unfocus">
									<effect type="zoom" start="100" end="95" time="200" tween="sine" easing="inout" center="auto" />
									<effect type="fade" start="100" end="0" time="200" tween="sine" easing="out" />
								</animation>
							</control>
						</control>
					</focusedlayout>
					<content>$VAR[QuickNav_WidgetListContentTuneIn]</content>
				</control>
				<control type="button">
					<left>288</left>
					<top>430</top>
					<width>707</width>
					<height>70</height>
					<font>FontSize_22</font>
					<textcolor>bbwhite</textcolor>
					<focusedcolor>bbwhite</focusedcolor>
					<disabledcolor>bbwhite</disabledcolor>
					<shadowcolor>77000000</shadowcolor>
					<texturefocus>-</texturefocus>
					<texturenofocus>-</texturenofocus>
					<align>left</align>
					<aligny>top</aligny>
					<label>$VAR[QuickNavWidgetListItemLabel]</label>
					<label2>$VAR[QuickNavWidgetListItemLabel2]</label2>
				</control>
				<control type="image">
					<left>617</left>
					<top>482</top>
					<width>25</width>
					<height>22</height>
					<colordiffuse>99ffffff</colordiffuse>
					<texture>buttons/arrow.png</texture>
					<animation type="Conditional" condition="true" pulse="true">
						<effect type="fade" start="0" end="100" delay="1000" time="1000"  />
						<effect type="slide" start="0,-2" end="0,2" tween="sine" easing="inout" delay="1000" time="1000" />
					</animation>
					<visible>!Skin.HasSetting(DisableQuickNav)</visible>
				</control>
				<control type="image">
					<left>641</left>
					<top>482</top>
					<width>25</width>
					<height>22</height>
					<colordiffuse>99ffffff</colordiffuse>
					<texture>buttons/arrow_top.png</texture>
					<animation type="Conditional" condition="true" pulse="true">
						<effect type="fade" start="0" end="100" delay="1000" time="1000"  />
						<effect type="slide" start="0,2" end="0,-2" tween="sine" easing="inout" delay="1000" time="1000" />
					</animation>
					<visible>!Skin.HasSetting(DisableQuickNav)</visible>
				</control>
			</control>

			<!-- Video Feeds -->
			<control type="group">
				<include>QuickNavMiscWidgetAnimation</include>
				<visible allowhiddenfocus="true">[Control.HasFocus(65) | Control.HasFocus(650)] + !Skin.HasSetting(DisableQuickNav) + !Window.IsVisible(ProgressDialog)</visible>
				<control type="image">
					<include>FullscreenDimensions</include>
					<texture background="true">views/list/shine.png</texture>
				</control>
				<control type="image">
					<left>265</left>
					<top>237</top>
					<width>751</width>
					<height>233</height>
					<aspectratio align="center" aligny="center">stretch</aspectratio>
					<texture background="true" border="39">views/other/panel.png</texture>
					<animation effect="fade" time="0" start="100" end="50" condition="true">Conditional</animation>
				</control>
				<control type="label">
					<description>header label</description>
					<left>290</left>
					<top>185</top>
					<height>50</height>
					<width>705</width>
					<font>FontSize_40</font>
					<textcolor>white</textcolor>
					<shadowcolor>77000000</shadowcolor>
					<align>center</align>
					<aligny>center</aligny>
					<scroll>false</scroll>
					<label>$LOCALIZE[31255]</label>
				</control>
				<control type="label">
					<description>RSS Feed header Label</description>
					<left>290</left>
					<top>240</top>
					<height>50</height>
					<width>705</width>
					<font>FontSize_30</font>
					<textcolor>white</textcolor>
					<shadowcolor>77000000</shadowcolor>
					<align>center</align>
					<aligny>center</aligny>
					<scroll>false</scroll>
					<label>$VAR[QuickNavWidgetHeaderTitle]</label>
				</control>
				<control type="fixedlist" id="650">				
					<left>274</left>
					<top>262</top>
					<width>734</width>
					<height>360</height>
					<preloaditems>3</preloaditems>
					<focusposition>0</focusposition>
					<movement>3</movement>
					<orientation>horizontal</orientation>
					<scrolltime tween="Quadratic" easing="out">300</scrolltime>
					<onup>SetProperty(Movement,1)</onup>
					<onup condition="!System.HasAddon(plugin.audio.tuneinradio)">45</onup>				
					<onup condition="System.HasAddon(plugin.audio.tuneinradio)">550</onup>
					<ondown>ClearProperty(Movement)</ondown>
					<ondown condition="Player.HasMedia">100</ondown>
					<ondown condition="!Player.HasMedia">150</ondown>		
					<itemlayout height="200" width="180">
						<control type="image">
							<left>20</left>
							<top>5</top>
							<width>154</width>
							<height>154</height>
							<aspectratio align="center" aligny="center" scalediffuse="false">stretch</aspectratio>
							<texture background="true" diffuse="osd/widgets/square_diffuse.png">thumbs/thumb_back.png</texture>
							<fadetime>800</fadetime>
						</control>
						<control type="image">
							<left>20</left>
							<top>5</top>
							<width>154</width>
							<height>154</height>
							<aspectratio align="center" aligny="center" scalediffuse="false">scale</aspectratio>
							<texture background="true" fallback="thumbs/fallback_square_tp.png" diffuse="osd/widgets/square_diffuse.png">$VAR[QuickNavWidgetThumb]</texture>
							<fadetime>800</fadetime>
						</control>
						<control type="image">
							<left>14</left>
							<top>-1</top>
							<width>165</width>
							<height>165</height>
							<texture background="true">osd/widgets/square_overlay.png</texture>
							<aspectratio align="center" aligny="center">stretch</aspectratio>
							<fadetime>800</fadetime>
						</control>
					</itemlayout>
					<focusedlayout height="200" width="180">
						<control type="group">	
							<control type="image">
								<left>20</left>
								<top>5</top>
								<width>154</width>
								<height>154</height>
								<aspectratio align="center" aligny="center" scalediffuse="false">stretch</aspectratio>
								<texture background="true" diffuse="osd/widgets/square_diffuse.png">thumbs/thumb_back.png</texture>
								<fadetime>800</fadetime>
							</control>
							<control type="image">
								<left>20</left>
								<top>5</top>
								<width>154</width>
								<height>154</height>
								<aspectratio align="center" aligny="center" scalediffuse="false">scale</aspectratio>
								<texture background="true" fallback="thumbs/fallback_square_tp.png" diffuse="osd/widgets/square_diffuse.png">$VAR[QuickNavWidgetThumb]</texture>
								<fadetime>800</fadetime>
							</control>
							<control type="image">
								<left>14</left>
								<top>-1</top>
								<width>165</width>
								<height>165</height>
								<texture background="true">osd/widgets/square_overlay.png</texture>
								<aspectratio align="center" aligny="center">stretch</aspectratio>
								<fadetime>800</fadetime>
							</control>
							<control type="image">
								<left>17</left>
								<top>1</top>
								<width>160</width>
								<height>160</height>
								<aspectratio align="center" aligny="center">stretch</aspectratio>				
								<texture border="3,2,3,2">osd/widgets/square_focus.png</texture>
								<animation type="Focus">
									<effect type="zoom" start="95" end="100" time="200" tween="sine" easing="inout" center="auto" />
									<effect type="fade" start="0" end="100" time="200" tween="sine" easing="in" />
								</animation>
								<animation type="Unfocus">
									<effect type="zoom" start="100" end="95" time="200" tween="sine" easing="inout" center="auto" />
									<effect type="fade" start="100" end="0" time="200" tween="sine" easing="out" />
								</animation>
							</control>
						</control>
					</focusedlayout>
					<content>plugin://script.extendedinfo?info=youtubeusersearch&amp;&amp;id=$VAR[RSSVideoFeedURL]</content>
				</control><control type="button">
				<left>288</left>
				<top>430</top>
				<width>707</width>
				<height>70</height>
				<font>FontSize_22</font>
				<textcolor>bbwhite</textcolor>
				<focusedcolor>bbwhite</focusedcolor>
				<disabledcolor>bbwhite</disabledcolor>
				<shadowcolor>77000000</shadowcolor>
				<texturefocus>-</texturefocus>
				<texturenofocus>-</texturenofocus>
				<align>left</align>
				<aligny>top</aligny>
				<label>$VAR[QuickNavWidgetListItemLabel]</label>
			</control>
			<control type="image">
				<left>617</left>
				<top>487</top>
				<width>25</width>
				<height>22</height>
				<colordiffuse>99ffffff</colordiffuse>
				<texture>buttons/arrow.png</texture>
				<animation type="Conditional" condition="true" pulse="true">
					<effect type="fade" start="0" end="100" delay="1000" time="1000"  />
					<effect type="slide" start="0,-2" end="0,2" tween="sine" easing="inout" delay="1000" time="1000" />
				</animation>
				<visible>!Skin.HasSetting(DisableQuickNav)</visible>
			</control>
			<control type="image">
				<left>641</left>
				<top>487</top>
				<width>25</width>
				<height>22</height>
				<colordiffuse>99ffffff</colordiffuse>
				<texture>buttons/arrow_top.png</texture>
				<animation type="Conditional" condition="true" pulse="true">
					<effect type="fade" start="0" end="100" delay="1000" time="1000"  />
					<effect type="slide" start="0,2" end="0,-2" tween="sine" easing="inout" delay="1000" time="1000" />
				</animation>
				<visible>!Skin.HasSetting(DisableQuickNav)</visible>
			</control>
		</control>


		<!-- Mini Player -->
		<control type="group">
			<include>QuickNavMiniPlayerAnimation</include>
			<visible allowhiddenfocus="true">ControlGroup(100).HasFocus + Player.HasMedia</visible>
			<control type="image">
				<include>FullscreenDimensions</include>
				<texture background="true">views/list/shine.png</texture>
			</control>
			<control type="image">
				<left>283</left>
				<top>244</top>
				<width>717</width>
				<height>228</height>
				<aspectratio align="center" aligny="center">stretch</aspectratio>
				<texture background="true" border="39">views/other/panel.png</texture>
				<visible>!VideoPlayer.Content(Movies) + !VideoPlayer.Content(Episodes)</visible>
				<animation effect="fade" time="0" start="100" end="50" condition="true">Conditional</animation>
			</control>
			<control type="image">
				<include>FullscreenDimensions</include>
				<texture background="true">osd/miniplayer/np_music.png</texture>
				<visible>!VideoPlayer.Content(Movies) + !VideoPlayer.Content(Episodes)</visible>
				<animation effect="fade" time="0" start="100" end="50" condition="true">Conditional</animation>
			</control>
			<control type="image">
				<left>283</left>
				<top>244</top>
				<width>729</width>
				<height>228</height>
				<aspectratio align="center" aligny="center">stretch</aspectratio>
				<texture background="true" border="39">views/other/panel.png</texture>
				<visible>VideoPlayer.Content(Movies) | VideoPlayer.Content(Episodes)</visible>
				<animation effect="fade" time="0" start="100" end="50" condition="true">Conditional</animation>
			</control>
			<control type="image">
				<include>FullscreenDimensions</include>
				<texture background="true">osd/miniplayer/np_videos.png</texture>
				<visible>VideoPlayer.Content(Movies) | VideoPlayer.Content(Episodes)</visible>
				<animation effect="fade" time="0" start="100" end="50" condition="true">Conditional</animation>
			</control>
			<control type="label">
				<description>header label</description>
				<left>290</left>
				<top>190</top>
				<height>50</height>
				<width>705</width>
				<font>FontSize_40</font>
				<textcolor>white</textcolor>
				<shadowcolor>77000000</shadowcolor>
				<align>center</align>
				<aligny>center</aligny>
				<scroll>false</scroll>
				<label>$LOCALIZE[31316]</label>
			</control>
			<!-- Covers -->
			<control type="group">
				<left>300</left>
				<top>261</top>
				<!-- Cover Movies & Episodes -->
				<control type="group">
					<visible>VideoPlayer.Content(Movies) | VideoPlayer.Content(Episodes)</visible>
					
					<!--<control type="image">
						<left>0</left>
						<top>0</top>
						<width>144</width>
						<height>194</height>
						<aspectratio align="center" aligny="center">stretch</aspectratio>
						<texture border="3,2,3,2">osd/quicknav/nofocus_poster.png</texture>
					</control>
					<control type="image">
						<description>Cover image</description>
						<left>0</left>
						<top>0</top>
						<width>144</width>
						<height>194</height>
						<aspectratio aligny="center" scalediffuse="false">scale</aspectratio>
						<texture background="true" fallback="thumbs/fallback_poster_tp.png">$VAR[VideoPlayerThumb]</texture>
						<bordersize>6</bordersize>
					</control>-->
					<control type="group">
						<left>8</left>
						<top>5</top>
						<control type="image">
							<left>0</left>
							<top>0</top>
							<width>130</width>
							<height>185</height>
							<aspectratio align="center" aligny="center" scalediffuse="false">stretch</aspectratio>
							<texture background="true" diffuse="thumbs/poster_diffuse.png">thumbs/thumb_back.png</texture>
							<fadetime>800</fadetime>
						</control>
						<control type="image">
							<left>0</left>
							<top>0</top>
							<width>130</width>
							<height>185</height>
							<texture background="true" fallback="thumbs/fallback_poster.png" diffuse="thumbs/poster_diffuse.png">$VAR[VideoPlayerThumb]</texture>
							<aspectratio align="center" aligny="center" scalediffuse="false">scale</aspectratio>
							<fadetime>800</fadetime>
						</control>
						<control type="image">
							<left>-7</left>
							<top>-7</top>
							<width>145</width>
							<height>200</height>
							<texture background="true">thumbs/poster_overlay.png</texture>
							<aspectratio align="center" aligny="center">stretch</aspectratio>
							<fadetime>800</fadetime>
						</control>
						<control type="image">
							<description>paused indicator</description>
							<left>0</left>
							<top>0</top>
							<width>130</width>
							<height>185</height>
							<texture background="true" diffuse="thumbs/poster_diffuse.png">osd/paused-overlay.png</texture>
							<aspectratio align="center" aligny="center" scalediffuse="false">scale</aspectratio>				
							<animation type="conditional" condition="!Player.Paused" reversible="false">
								<effect type="fade" start="50" end="0" time="300" />
							</animation>	
							<animation type="conditional" condition="Player.Paused" reversible="false">
								<effect type="fade" start="0" end="50" time="300" />
							</animation>				
						</control>
						<control type="image">
							<description>ff indicator</description>
							<left>0</left>
							<top>0</top>
							<width>130</width>
							<height>185</height>
							<aspectratio align="center" aligny="center">scale</aspectratio>
							<texture background="true">osd/ff-overlay_two.png</texture>
							<visible>Player.Forwarding</visible>
							<include>VisibleFadeEffect</include>
							<animation type="conditional" condition="Player.Forwarding" reversible="true">
								<effect type="fade" start="0" end="50" time="300" />
							</animation>		
						</control>
						<control type="image">
							<description>rw indicator</description>
							<left>0</left>
							<top>0</top>
							<width>130</width>
							<height>185</height>
							<aspectratio align="center" aligny="center">scale</aspectratio>
							<texture background="true">osd/rw-overlay_two.png</texture>
							<visible>Player.Rewinding</visible>
							<include>VisibleFadeEffect</include>
							<animation type="conditional" condition="Player.Rewinding" reversible="true">
								<effect type="fade" start="0" end="50" time="300" />
							</animation>		
						</control>
					</control>
				</control>

				<!-- Cover Videos & Music -->			
				<control type="group">
					<visible>!VideoPlayer.Content(Movies) + !VideoPlayer.Content(Episodes)</visible>					
					<control type="group">
						<top>4</top>
						<left>6</left>		
						<control type="image">
							<left>0</left>
							<top>0</top>
							<width>186</width>
							<height>186</height>
							<aspectratio align="center" aligny="center" scalediffuse="false">scale</aspectratio>
							<texture background="true" fallback="thumbs/fallback_square.png" diffuse="thumbs/music_diffuse.png">thumbs/thumb_back.png</texture>
							<fadetime>800</fadetime>
						</control>				
						<control type="image">
							<left>0</left>
							<top>0</top>
							<width>186</width>
							<height>186</height>
							<aspectratio align="center" aligny="center" scalediffuse="false">scale</aspectratio>
							<texture background="true" fallback="thumbs/fallback_square.png" diffuse="thumbs/music_diffuse.png">$INFO[Player.Art(thumb)]</texture>
							<fadetime>800</fadetime>
							<visible>Player.HasAudio</visible>
						</control>		
						<control type="image">
							<left>0</left>
							<top>0</top>
							<width>186</width>
							<height>186</height>
							<aspectratio align="center" aligny="center" scalediffuse="false">scale</aspectratio>
							<texture background="true" fallback="thumbs/fallback_square.png" diffuse="thumbs/music_diffuse.png">$VAR[VideoPlayerThumb]</texture>
							<fadetime>800</fadetime>
							<visible>!Player.HasAudio + !VideoPlayer.Content(LiveTV)</visible>
						</control>	
						<control type="image">
							<left>0</left>
							<top>0</top>
							<width>186</width>
							<height>186</height>
							<aspectratio align="center" aligny="center" scalediffuse="false">keep</aspectratio>
							<texture background="true" fallback="thumbs/fallback_square.png" diffuse="thumbs/music_diffuse.png">$VAR[VideoPlayerThumb]</texture>
							<fadetime>800</fadetime>
							<visible>!Player.HasAudio + VideoPlayer.Content(LiveTV)</visible>
						</control>
						<control type="image">
							<left>-7</left>
							<top>-7</top>
							<width>200</width>
							<height>200</height>
							<aspectratio align="center" aligny="center">stretch</aspectratio>
							<texture background="true">thumbs/music_overlay.png</texture>
							<fadetime>800</fadetime>
						</control>
						<control type="image">
							<description>paused indicator</description>
							<left>-1</left>
							<top>-1</top>
							<width>188</width>
							<height>188</height>
							<texture background="true" diffuse="thumbs/music_diffuse.png">osd/paused-overlay.png</texture>
							<aspectratio align="center" aligny="center" scalediffuse="false">stretch</aspectratio>
							<animation type="conditional" condition="!Player.Paused" reversible="false">
								<effect type="fade" start="50" end="0" time="300" />
							</animation>	
							<animation type="conditional" condition="Player.Paused" reversible="false">
								<effect type="fade" start="0" end="50" time="300" />
							</animation>				
						</control>
						<control type="image">
							<description>ff indicator</description>
							<left>-1</left>
							<top>-1</top>
							<width>188</width>
							<height>188</height>
							<aspectratio align="center" aligny="center">scale</aspectratio>
							<texture background="true">osd/ff-overlay_two.png</texture>
							<visible>Player.Forwarding</visible>
							<include>VisibleFadeEffect</include>
							<animation type="conditional" condition="Player.Forwarding" reversible="true">
								<effect type="fade" start="0" end="60" time="300" />
							</animation>				
						</control>
						<control type="image">
							<description>rw indicator</description>
							<left>-1</left>
							<top>-1</top>
							<width>188</width>
							<height>188</height>
							<aspectratio align="center" aligny="center">scale</aspectratio>
							<texture background="true">osd/rw-overlay_two.png</texture>
							<visible>Player.Rewinding</visible>
							<include>VisibleFadeEffect</include>
							<animation type="conditional" condition="Player.Rewinding" reversible="true">
								<effect type="fade" start="0" end="60" time="300" />
							</animation>				
						</control>
					</control>
				</control>
			</control>

			<!-- Info Movies & Episodes -->
			<control type="group">
				<left>486</left>
				<top>245</top>
				<visible>VideoPlayer.Content(Movies) | VideoPlayer.Content(Episodes)</visible>
				<control type="group">
					<left>3</left>
					<visible>VideoPlayer.Content(Movies)</visible>
					<control type="label">
						<description>Title label</description>
						<left>-2</left>
						<top>15</top>
						<height>30</height>
						<width>505</width>
						<label>$INFO[VideoPlayer.Title,, ]$INFO[VideoPlayer.Year, (,) ]</label>
						<align>left</align>
						<aligny>center</aligny>
						<font>FontSize_30</font>
						<textcolor>white</textcolor>
						<shadowcolor>99000000</shadowcolor>
					</control>
					<control type="label">
						<left>0</left>
						<top>45</top>
						<height>30</height>
						<width>505</width>
						<label>$INFO[VideoPlayer.Genre]</label>
						<align>left</align>
						<aligny>center</aligny>
						<font>FontSize_18</font>
						<textcolor>99white</textcolor>
						<shadowcolor>99000000</shadowcolor>
					</control>
				</control>
				<control type="group">
					<left>3</left>
					<visible>VideoPlayer.Content(Episodes)</visible>
					<control type="label">
						<description>Title label</description>
						<left>0</left>
						<top>15</top>
						<height>30</height>
						<width>505</width>
						<label>$INFO[VideoPlayer.Title]</label>
						<align>left</align>
						<aligny>center</aligny>
						<font>FontSize_30</font>
						<textcolor>white</textcolor>
						<shadowcolor>99000000</shadowcolor>
					</control>
					<control type="label">
						<description>Label</description>
						<left>0</left>
						<top>45</top>
						<height>30</height>
						<width>505</width>
						<label>$INFO[VideoPlayer.TVShowTitle,,  •  ]$INFO[VideoPlayer.Season,$LOCALIZE[20373] ,  •  ]$INFO[VideoPlayer.Episode,$LOCALIZE[20359] ,]</label>
						<align>left</align>
						<aligny>center</aligny>
						<font>FontSize_18</font>
						<textcolor>99white</textcolor>
						<shadowcolor>99000000</shadowcolor>
					</control>
				</control>
				<control type="group">
					<left>0</left>
					<top>115</top>
					<control type="fadelabel">
						<left>3</left>
						<top>0</top>
						<width>365</width>
						<height>40</height>
						<font>FontSize_16</font>
						<align>left</align>
						<aligny>center</aligny>
						<textcolor>99white</textcolor>
						<shadowcolor>99000000</shadowcolor>
						<label>$INFO[VideoPlayer.Director,[COLOR=white]$LOCALIZE[20339]:[/COLOR] ]</label>
						<label>$INFO[VideoPlayer.Writer,[COLOR=white]$LOCALIZE[20417]:[/COLOR] ]</label>
						<label>$INFO[VideoPlayer.RatingAndVotes,[COLOR=white]$LOCALIZE[563]:[/COLOR] ]</label>
						<label>$INFO[VideoPlayer.Top250,[COLOR=white]$LOCALIZE[368] $LOCALIZE[13409][/COLOR] # ]</label>
						<scroll>false</scroll>
						<scrollout>false</scrollout>
						<scrollspeed>100</scrollspeed>
						<pauseatend>5000</pauseatend>
						<visible>VideoPlayer.Content(Movies)</visible>
					</control>
					<control type="fadelabel">
						<left>3</left>
						<top>0</top>
						<width>400</width>
						<height>40</height>
						<font>FontSize_16</font>
						<align>left</align>
						<aligny>center</aligny>
						<textcolor>99white</textcolor>
						<shadowcolor>99000000</shadowcolor>
						<label>$INFO[VideoPlayer.Premiered,[COLOR=white]$LOCALIZE[20416]:[/COLOR] ]</label>
						<label>$INFO[VideoPlayer.Director,[COLOR=white]$LOCALIZE[20339]:[/COLOR] ]</label>
						<label>$INFO[VideoPlayer.Writer,[COLOR=white]$LOCALIZE[20417]:[/COLOR] ]</label>
						<label>$INFO[VideoPlayer.RatingAndVotes,[COLOR=white]$LOCALIZE[563]:[/COLOR] ]</label>
						<scroll>false</scroll>
						<scrollout>false</scrollout>
						<scrollspeed>100</scrollspeed>
						<pauseatend>5000</pauseatend>
						<visible>VideoPlayer.Content(Episodes)</visible>
					</control>
					<control type="label">
						<right>290</right>
						<top>0</top>
						<width>300</width>
						<height>40</height>
						<font>FontSize_16</font>
						<align>right</align>
						<aligny>center</aligny>
						<label>$INFO[Player.Time(mm:ss)]$INFO[Player.Duration, / ]</label>
						<textcolor>99white</textcolor>
						<shadowcolor>99000000</shadowcolor>
					</control>
				</control>
				<control type="image">
					<description>Rating image</description>
					<left>3</left>
					<top>77</top>
					<width>125</width>
					<height>25</height>
					<aspectratio align="left">keep</aspectratio>
					<texture>rating/$INFO[Player.StarRating]</texture>
				</control>	 
			</control>

			<!-- Info Music & Videos -->
			<control type="group">
				<left>536</left>
				<top>0</top>
				<visible>![VideoPlayer.Content(Movies) | VideoPlayer.Content(Episodes) | VideoPlayer.Content(LiveTV)]</visible>
				<control type="group">
					<left>3</left>
					<top>245</top>	
					<control type="label">
						<description>Title label</description>
						<left>-2</left>
						<top>15</top>
						<height>30</height>
						<width>445</width>
						<label>$INFO[MusicPlayer.Title]</label>
						<align>left</align>
						<aligny>center</aligny>
						<font>FontSize_30</font>
						<textcolor>white</textcolor>
						<shadowcolor>99000000</shadowcolor>
					</control>	
					<control type="label">
						<description>Album Label</description>
						<left>0</left>
						<top>45</top>
						<height>30</height>
						<width>445</width>
						<label>$INFO[MusicPlayer.Artist,, - ]$INFO[MusicPlayer.Album]$INFO[MusicPlayer.DiscNumber, - $LOCALIZE[427]:]</label>
						<align>left</align>
						<aligny>center</aligny>
						<font>FontSize_18</font>
						<textcolor>99white</textcolor>
						<shadowcolor>99000000</shadowcolor>
					</control>
					<control type="label">
						<description>Title label</description>
						<left>0</left>
						<top>15</top>
						<height>30</height>
						<width>460</width>
						<label>$INFO[VideoPlayer.Title]</label>
						<align>left</align>
						<aligny>center</aligny>
						<font>FontSize_30</font>
						<textcolor>white</textcolor>
						<shadowcolor>99000000</shadowcolor>
					</control>
					<control type="label">
						<description>Genre Label</description>
						<left>0</left>
						<top>45</top>
						<height>30</height>
						<width>460</width>
						<label>$INFO[VideoPlayer.Genre]</label>
						<align>left</align>
						<aligny>center</aligny>
						<font>FontSize_18</font>
						<textcolor>99white</textcolor>
						<shadowcolor>99000000</shadowcolor>
					</control>
					<control type="image">
						<description>Rating image</description>
						<left>-1</left>
						<top>77</top>
						<width>125</width>
						<height>25</height>
						<aspectratio align="left">keep</aspectratio>
						<texture>rating/$INFO[Player.StarRating]</texture>
					</control>
				</control>
				<control type="group">
					<left>3</left>
					<top>360</top>
					<visible>Player.HasAudio</visible>
					<control type="label">
						<left>-5</left>
						<top>0</top>
						<width>340</width>
						<height>40</height>
						<font>FontSize_16</font>
						<align>left</align>
						<aligny>center</aligny>
						<label>$INFO[MusicPlayer.PlaylistPosition,$LOCALIZE[554] ,]$INFO[MusicPlayer.PlaylistLength,/, ·] $INFO[musicplayer.Codec,]$INFO[musicplayer.Bitrate, · ,kbps]$INFO[musicplayer.bitspersample, · ,bit]$INFO[musicplayer.Samplerate, · ,kHz]</label>
						<textcolor>99white</textcolor>
						<shadowcolor>99000000</shadowcolor>
						<animation type="Conditional" reversible="false" condition="MusicPlayer.HasNext" loop="true">
							<effect type="fade" start="0" end="100" time="500" delay="0" />
							<effect type="fade" start="100" end="0" time="500" delay="10000" />
							<effect type="fade" start="100" end="0" time="500" delay="20000" />
						</animation>
					</control>
					<control type="label">
						<left>0</left>
						<top>0</top>
						<width>340</width>
						<height>40</height>
						<font>FontSize_16</font>
						<align>left</align>
						<aligny>center</aligny>
						<label>$LOCALIZE[209]: $INFO[MusicPlayer.offset(1).Title]$INFO[MusicPlayer.offset(1).Artist, (,) ]</label>
						<textcolor>99white</textcolor>
						<shadowcolor>99000000</shadowcolor>
						<animation type="Conditional" reversible="false" condition="MusicPlayer.HasNext" loop="true">
							<effect type="fade" start="0" end="100" time="500" delay="10500" />
							<effect type="fade" start="100" end="0" time="500" delay="20000" />
						</animation>
						<visible>MusicPlayer.HasNext</visible>
					</control>
				</control>
				<control type="label">
					<left>3</left>
					<top>360</top>
					<width>340</width>
					<height>40</height>
					<font>FontSize_16</font>
					<align>left</align>
					<aligny>center</aligny>
					<label>$LOCALIZE[21396]: [COLOR=white]$INFO[Player.Chapter]$INFO[Player.ChapterCount, / ][/COLOR]</label>
					<textcolor>99white</textcolor>
					<shadowcolor>99000000</shadowcolor>
					<visible>IntegerGreaterThan(Player.ChapterCount,0)</visible>
				</control>
				<control type="label">
					<right>303</right>
					<top>360</top>
					<width>350</width>
					<height>40</height>
					<font>FontSize_16</font>
					<align>right</align>
					<aligny>center</aligny>
					<label>$INFO[Player.Time(mm:ss)]$INFO[Player.Duration, / ]</label>
					<textcolor>99white</textcolor>
					<shadowcolor>99000000</shadowcolor>
				</control>
			</control>

			<!-- Info LiveTV -->
			<control type="group">
				<left>536</left>
				<top>0</top>
				<visible>VideoPlayer.Content(LiveTV)</visible>
				<control type="group">
					<left>0</left>
					<top>245</top>	
					<control type="label">
						<description>Title label</description>
						<left>3</left>
						<top>15</top>
						<height>30</height>
						<width>445</width>
						<label>$INFO[VideoPlayer.ChannelNumber,,. ]$INFO[VideoPlayer.ChannelName]</label>
						<align>left</align>
						<aligny>center</aligny>
						<font>FontSize_30</font>
						<textcolor>white</textcolor>
						<shadowcolor>55000000</shadowcolor>
					</control>
					<control type="label">
						<description>Album Label</description>
						<left>3</left>
						<top>45</top>
						<height>30</height>
						<width>445</width>
						<label>$INFO[VideoPlayer.Title]</label>
						<align>left</align>
						<aligny>center</aligny>
						<font>FontSize_18</font>
						<textcolor>99white</textcolor>
						<shadowcolor>55000000</shadowcolor>
					</control>
				</control>
				<control type="group">
					<left>3</left>
					<top>360</top>
					<control type="label">
						<left>0</left>
						<top>0</top>
						<width>340</width>
						<height>40</height>
						<font>FontSize_16</font>
						<align>left</align>
						<aligny>center</aligny>
						<label>$INFO[VideoPlayer.NextTitle,[COLOR=white]$LOCALIZE[19031]:[/COLOR] ,]$INFO[VideoPlayer.NextStartTime, (,)]</label>
						<textcolor>99white</textcolor>
						<shadowcolor>55000000</shadowcolor>
						<animation type="Conditional" reversible="false" condition="Pvr.IsPlayingTv" loop="true">
							<effect type="fade" start="0" end="100" time="500" delay="0" />
							<effect type="fade" start="100" end="0" time="500" delay="10000" />
							<effect type="fade" start="100" end="0" time="500" delay="20000" />
						</animation>
					</control>
					<control type="label">
						<left>0</left>
						<top>0</top>
						<width>340</width>
						<height>40</height>
						<font>FontSize_16</font>
						<align>left</align>
						<aligny>center</aligny>
						<label>$INFO[VideoPlayer.NextStartTime,[COLOR=white]$LOCALIZE[19080][/COLOR] ,]$INFO[VideoPlayer.NextEndTime,  [COLOR=white]$LOCALIZE[19081][/COLOR] ,]</label>
						<textcolor>99white</textcolor>
						<shadowcolor>55000000</shadowcolor>
						<animation type="Conditional" reversible="false" condition="Pvr.IsPlayingTv" loop="true">
							<effect type="fade" start="0" end="100" time="500" delay="10500" />
							<effect type="fade" start="100" end="0" time="500" delay="20000" />
						</animation>
						<visible>Pvr.IsPlayingTv</visible>
					</control>
					<control type="label">
						<right>303</right>
						<top>0</top>
						<width>350</width>
						<height>40</height>
						<font>FontSize_16</font>
						<align>right</align>
						<aligny>center</aligny>
						<label>$INFO[Player.Time(mm:ss)]$INFO[Player.Duration, / ]</label>
						<textcolor>99white</textcolor>
						<shadowcolor>55000000</shadowcolor>
					</control>
				</control>
			</control>


			<!-- Buttons Controls -->
			<control type="group" id="100">
				<left>539</left>
				<top>398</top>
				<visible>!VideoPlayer.Content(LiveTV)</visible>
				<animation effect="slide" start="0,0" end="-50,0" time="0" condition="VideoPlayer.Content(Movies) | VideoPlayer.Content(Episodes)" reversible="true">Conditional</animation>
				<control type="button" id="600">
					<left>0</left>
					<top>0</top>
					<width>61</width>
					<height>50</height>
					<label>-</label>
					<texturefocus>osd/miniplayer/previous_fo.png</texturefocus>
					<texturenofocus>osd/miniplayer/previous_nf.png</texturenofocus>
					<onleft condition="VideoPlayer.HasMenu">607</onleft>
					<onleft condition="!VideoPlayer.HasMenu">606</onleft>
					<onright>601</onright>
					<onup>SetProperty(Movement,1)</onup>
					<onup>650</onup>
					<ondown>ClearProperty(Movement)</ondown>
					<ondown>150</ondown>
					<onclick>XBMC.PlayerControl(Previous)</onclick>
				</control>
				<control type="button" id="601">
					<left>62</left>
					<top>0</top>
					<width>62</width>
					<height>50</height>
					<label>-</label>
					<texturefocus>osd/miniplayer/rw_fo.png</texturefocus>
					<texturenofocus>osd/miniplayer/rw_nf.png</texturenofocus>
					<onleft>600</onleft>
					<onright>602</onright>
					<onup>SetProperty(Movement,1)</onup>
					<onup>650</onup>
					<ondown>ClearProperty(Movement)</ondown>
					<ondown>150</ondown>
					<onclick>XBMC.PlayerControl(Rewind)</onclick>
				</control>
				<control type="togglebutton" id="602">
					<left>125</left>
					<top>0</top>
					<width>62</width>
					<height>50</height>
					<label>-</label>
					<texturefocus>osd/miniplayer/pause_fo.png</texturefocus>
					<texturenofocus>osd/miniplayer/pause_nf.png</texturenofocus>
					<usealttexture>Player.Paused | Player.Forwarding | Player.Rewinding</usealttexture>
					<alttexturefocus>osd/miniplayer/play_fo.png</alttexturefocus>
					<alttexturenofocus>osd/miniplayer/play_nf.png</alttexturenofocus>
					<onleft>601</onleft>
					<onright>603</onright>
					<onup>SetProperty(Movement,1)</onup>
					<onup>650</onup>
					<ondown>ClearProperty(Movement)</ondown>
					<ondown>150</ondown>
					<onclick>XBMC.PlayerControl(Play)</onclick>
				</control>
				<control type="button" id="603">
					<left>188</left>
					<top>0</top>
					<width>62</width>
					<height>50</height>
					<label>-</label>
					<texturefocus>osd/miniplayer/stop_fo.png</texturefocus>
					<texturenofocus>osd/miniplayer/stop_nf.png</texturenofocus>
					<onleft>602</onleft>
					<onright>604</onright>
					<onup>SetProperty(Movement,1)</onup>
					<onup>650</onup>
					<ondown>ClearProperty(Movement)</ondown>
					<ondown>150</ondown>
					<onclick>back</onclick>
					<onclick>XBMC.PlayerControl(Stop)</onclick>
				</control>
				<control type="button" id="604">
					<left>251</left>
					<top>0</top>
					<width>62</width>
					<height>50</height>
					<label>-</label>
					<texturefocus>osd/miniplayer/ff_fo.png</texturefocus>
					<texturenofocus>osd/miniplayer/ff_nf.png</texturenofocus>
					<onleft>603</onleft>
					<onright>605</onright>
					<onup>SetProperty(Movement,1)</onup>
					<onup>650</onup>
					<ondown>ClearProperty(Movement)</ondown>
					<ondown>150</ondown>
					<onclick>XBMC.PlayerControl(Forward)</onclick>
				</control>
				<control type="button" id="605">
					<left>314</left>
					<top>0</top>
					<width>62</width>
					<height>50</height>
					<label>-</label>
					<texturefocus>osd/miniplayer/next_fo.png</texturefocus>
					<texturenofocus>osd/miniplayer/next_nf.png</texturenofocus>
					<onleft>604</onleft>
					<onright condition="VideoPlayer.HasMenu">607</onright>
					<onright condition="!VideoPlayer.HasMenu">606</onright>
					<onup>SetProperty(Movement,1)</onup>
					<onup>650</onup>
					<ondown>ClearProperty(Movement)</ondown>
					<ondown>150</ondown>
					<onclick>XBMC.PlayerControl(Next)</onclick>
				</control>
				<control type="button" id="607">
					<left>377</left>
					<top>0</top>
					<width>61</width>
					<height>50</height>
					<label>-</label>
					<texturefocus>osd/miniplayer/dvd_fo.png</texturefocus>
					<texturenofocus>osd/miniplayer/dvd_nf.png</texturenofocus>
					<onclick>PlayerControl(ShowVideoMenu)</onclick>
					<onclick>FullScreen</onclick>
					<enable>VideoPlayer.HasMenu</enable>
					<onleft>605</onleft>
					<onright>600</onright>
					<onup>SetProperty(Movement,1)</onup>
					<onup>650</onup>
					<ondown>ClearProperty(Movement)</ondown>
					<ondown>150</ondown>
					<visible>VideoPlayer.HasMenu</visible>
					<visible>!VideoPlayer.Content(Movies) + !VideoPlayer.Content(Episodes)</visible>
				</control>
				<control type="togglebutton" id="606">
					<left>377</left>
					<top>0</top>
					<width>62</width>
					<height>50</height>
					<label>-</label>
					<texturefocus>osd/miniplayer/random_OFF_fo.png</texturefocus>
					<texturenofocus>osd/miniplayer/random_OFF_nf.png</texturenofocus>
					<usealttexture>Playlist.IsRandom</usealttexture>
					<alttexturefocus>osd/miniplayer/random_ON_fo.png</alttexturefocus>
					<alttexturenofocus>osd/miniplayer/random_ON_nf.png</alttexturenofocus>
					<onclick>XBMC.PlayerControl(Random)</onclick>
					<onleft>605</onleft>
					<onright>600</onright>
					<onup>SetProperty(Movement,1)</onup>
					<onup>650</onup>
					<ondown>ClearProperty(Movement)</ondown>
					<ondown>150</ondown>
					<visible>!VideoPlayer.HasMenu</visible>
				</control>
				<control type="button" id="607">
					<left>440</left>
					<top>0</top>
					<width>61</width>
					<height>50</height>
					<label>-</label>
					<texturefocus>-</texturefocus>
					<texturenofocus>osd/miniplayer/nodvd.png</texturenofocus>
					<enable>!VideoPlayer.HasMenu</enable>
					<onleft>noop</onleft>
					<onright>noop</onright>
					<onup>SetProperty(Movement,1)</onup>
					<onup>650</onup>
					<ondown>ClearProperty(Movement)</ondown>
					<ondown>150</ondown>
					<visible>!VideoPlayer.HasMenu</visible>
					<visible>VideoPlayer.Content(Movies) | VideoPlayer.Content(Episodes)</visible>
				</control>
			</control>

			<!-- Buttons Controls Live TV -->
			<control type="group" id="100">
				<left>539</left>
				<top>398</top>
				<visible>VideoPlayer.Content(LiveTV)</visible>
				<control type="button" id="600">
					<left>0</left>
					<top>0</top>
					<width>61</width>
					<height>50</height>
					<label>-</label>
					<texturefocus>osd/miniplayer/channelUP_fo.png</texturefocus>
					<texturenofocus>osd/miniplayer/channelUP_nf.png</texturenofocus>
					<onleft>606</onleft>
					<onright>601</onright>
					<onup>SetProperty(Movement,1)</onup>
					<onup>650</onup>
					<ondown>ClearProperty(Movement)</ondown>
					<ondown>150</ondown>
					<onclick>XBMC.PlayerControl(Previous)</onclick>
				</control>
				<control type="button" id="601">
					<left>62</left>
					<top>0</top>
					<width>62</width>
					<height>50</height>
					<label>-</label>
					<onleft>600</onleft>
					<onright>602</onright>
					<onup>SetProperty(Movement,1)</onup>
					<onup>650</onup>
					<ondown>ClearProperty(Movement)</ondown>
					<ondown>150</ondown>
					<texturefocus>osd/miniplayer/channelDOWN_fo.png</texturefocus>
					<texturenofocus>osd/miniplayer/channelDOWN_nf.png</texturenofocus>
					<onclick>XBMC.PlayerControl(Next)</onclick>
				</control>
				<control type="button" id="602">
					<left>125</left>
					<top>0</top>
					<width>62</width>
					<height>50</height>
					<label>-</label>
					<onleft>601</onleft>
					<onright>603</onright>
					<onup>SetProperty(Movement,1)</onup>
					<onup>650</onup>
					<ondown>ClearProperty(Movement)</ondown>
					<ondown>150</ondown>
					<texturefocus>osd/miniplayer/rw_fo.png</texturefocus>
					<texturenofocus>osd/miniplayer/rw_nf.png</texturenofocus>
					<onclick>XBMC.PlayerControl(Rewind)</onclick>
					<enable>Player.SeekEnabled</enable>
					<animation effect="fade" start="100" end="50" time="100" condition="!Player.SeekEnabled">Conditional</animation>
				</control>
				<control type="togglebutton" id="603">
					<left>188</left>
					<top>0</top>
					<width>62</width>
					<height>50</height>
					<label>-</label>
					<onleft>602</onleft>
					<onright>604</onright>
					<onup>SetProperty(Movement,1)</onup>
					<onup>650</onup>
					<ondown>ClearProperty(Movement)</ondown>
					<ondown>150</ondown>
					<texturefocus>osd/miniplayer/pause_fo.png</texturefocus>
					<texturenofocus>osd/miniplayer/pause_nf.png</texturenofocus>
					<usealttexture>Player.Paused | Player.Forwarding | Player.Rewinding</usealttexture>
					<alttexturefocus>osd/miniplayer/play_fo.png</alttexturefocus>
					<alttexturenofocus>osd/miniplayer/play_nf.png</alttexturenofocus>
					<onclick>XBMC.PlayerControl(Play)</onclick>
					<enable>Player.PauseEnabled</enable>
					<animation effect="fade" start="100" end="50" time="100" condition="!Player.PauseEnabled">Conditional</animation>
				</control>
				<control type="button" id="604">
					<left>251</left>
					<top>0</top>
					<width>62</width>
					<height>50</height>
					<label>-</label>
					<onleft>603</onleft>
					<onright>605</onright>
					<onup>SetProperty(Movement,1)</onup>
					<onup>650</onup>
					<ondown>ClearProperty(Movement)</ondown>
					<ondown>150</ondown>
					<texturefocus>osd/miniplayer/stop_fo.png</texturefocus>
					<texturenofocus>osd/miniplayer/stop_nf.png</texturenofocus>
					<onclick>down</onclick>
					<onclick>XBMC.PlayerControl(Stop)</onclick>
				</control>
				<control type="button" id="605">
					<left>314</left>
					<top>0</top>
					<width>62</width>
					<height>50</height>
					<label>-</label>
					<onleft>604</onleft>
					<onright>606</onright>
					<onup>SetProperty(Movement,1)</onup>
					<onup>650</onup>
					<ondown>ClearProperty(Movement)</ondown>
					<ondown>150</ondown>
					<texturefocus>osd/miniplayer/ff_fo.png</texturefocus>
					<texturenofocus>osd/miniplayer/ff_nf.png</texturenofocus>
					<onclick>XBMC.PlayerControl(Forward)</onclick>
					<enable>Player.SeekEnabled</enable>
					<animation effect="fade" start="100" end="50" time="100" condition="!Player.SeekEnabled">Conditional</animation>
				</control>
				<control type="togglebutton" id="606">
					<left>377</left>
					<top>0</top>
					<width>62</width>
					<height>50</height>
					<label>-</label>
					<onleft>605</onleft>
					<onright>600</onright>
					<onup>SetProperty(Movement,1)</onup>
					<onup>650</onup>
					<ondown>ClearProperty(Movement)</ondown>
					<ondown>150</ondown>
					<texturefocus>osd/miniplayer/rec_fo.png</texturefocus>
					<texturenofocus>osd/miniplayer/rec_nf.png</texturenofocus>
					<onclick>XBMC.PlayerControl(Record)</onclick>
					<enable>Player.CanRecord</enable>
				</control>
			</control>
			<control type="image">
				<left>617</left>
				<top>487</top>
				<width>25</width>
				<height>22</height>
				<colordiffuse>99ffffff</colordiffuse>
				<texture>buttons/arrow.png</texture>
				<animation type="Conditional" condition="true" pulse="true">
					<effect type="fade" start="0" end="100" delay="1000" time="1000"  />
					<effect type="slide" start="0,-2" end="0,2" tween="sine" easing="inout" delay="1000" time="1000" />
				</animation>
				<visible>!Skin.HasSetting(DisableQuickNav)</visible>
			</control>
			<control type="image">
				<left>641</left>
				<top>487</top>
				<width>25</width>
				<height>22</height>
				<colordiffuse>99ffffff</colordiffuse>
				<texture>buttons/arrow_top.png</texture>
				<animation type="Conditional" condition="true" pulse="true">
					<effect type="fade" start="0" end="100" delay="1000" time="1000"  />
					<effect type="slide" start="0,2" end="0,-2" tween="sine" easing="inout" delay="1000" time="1000" />
				</animation>
				<visible>!Skin.HasSetting(DisableQuickNav)</visible>
			</control>
		</control>

	</control>
</controls>
</window>


