<?xml version="1.0" encoding="UTF-8"?>
<includes> 

	<!-- ======================= -->
	<!-- ===== EPG Timeline ==== -->
	<!-- ======================= -->
	<include name="EPGTimeline_View">
		<control type="group">
			<description>TV Guide Timeline</description>
			<include>DialogZoomInOutAnimation</include>
			<control type="group">
				<include>PVRAnimations</include>
				<include>EPGTimelineInfo</include>
				<include>LiveTV_InfoLabels</include>
				<visible>Control.IsVisible(10)</visible>
				<animation effect="slide" start="0,0" end="0,-90" time="250" tween="sine" easing="inout" condition="Control.HasFocus(10)">Conditional</animation>
				<control type="epggrid" id="10">
					<description>EPG Grid</description>
					<left>35</left>
					<top>220</top>
					<width>1245</width>
					<height>400</height>
					<onleft>9000</onleft>
					<onright>9000</onright>
					<onup>10</onup>
					<ondown>10</ondown>
					<onback>9000</onback>
					<pagecontrol>10</pagecontrol>
					<scrolltime>250</scrolltime>
					<timeblocks>40</timeblocks>
					<rulerunit>6</rulerunit>
					<viewtype label="19032">list</viewtype>
					<progresstexture border="0,59,19,19">windows/pvr/EPGProgressIndicator.png</progresstexture>
					<rulerlayout height="50" width="40">
						<control type="label" id="2">
							<left>10</left>
							<top>5</top>
							<width>325</width>
							<height>50</height>
							<font>FontSize_18</font>
							<textcolor>99white</textcolor>
							<shadowcolor>99000000</shadowcolor>
							<aligny>center</aligny>
							<align>left</align>
							<label>$INFO[ListItem.Label]</label>
						</control>
					</rulerlayout>
					<channellayout height="50" width="340">
						<control type="group">
							<control type="image">
								<description>Number Sep</description>
								<left>10</left>
								<top>0</top>
								<width>60</width>
								<height>45</height>
								<texture>windows/pvr/seperator.png</texture>
								<include>VisibleFadeEffect2</include>
							</control>
							<control type="image">
								<description>Channel Sep</description>
								<left>74</left>
								<top>0</top>
								<width>261</width>
								<height>45</height>
								<texture>windows/pvr/seperator.png</texture>
								<include>VisibleFadeEffect2</include>
							</control>
							<control type="label">
								<left>10</left>
								<top>0</top>
								<width>60</width>
								<height>45</height>
								<font>FontSize_20</font>
								<textcolor>99white</textcolor>
								<shadowcolor>99000000</shadowcolor>
								<selectedcolor>selected</selectedcolor>
								<align>center</align>
								<aligny>center</aligny>
								<label>$INFO[ListItem.ChannelNumber]</label>
							</control>
							<control type="label" id="1">
								<left>87</left>
								<top>0</top>
								<width>243</width>
								<height>45</height>
								<font>FontSize_20</font>
								<textcolor>99white</textcolor>
								<shadowcolor>99000000</shadowcolor>
								<selectedcolor>selected</selectedcolor>
								<align>left</align>
								<aligny>center</aligny>
								<label>$INFO[ListItem.ChannelName]</label>
							</control>
							<control type="image">
								<left>10</left>
								<top>0</top>
								<width>868</width>
								<height>45</height>
								<texture>windows/pvr/selected.png</texture>
								<visible>ListItem.IsSelected | ListItem.IsPlaying</visible>
							</control>
						</control>
					</channellayout>
					<focusedchannellayout height="50" width="340">
						<control type="group">
							<control type="image">
								<description>Number Sep</description>
								<left>10</left>
								<top>0</top>
								<width>60</width>
								<height>45</height>
								<texture>windows/pvr/seperator.png</texture>
								<include>VisibleFadeEffect2</include>
							</control>
							<control type="image">
								<description>Number Focus</description>
								<left>10</left>
								<top>0</top>
								<width>60</width>
								<height>45</height>
								<texture>windows/pvr/focus.png</texture>
								<include>VisibleFadeEffect2</include>
								<visible>Control.HasFocus(10)</visible>
							</control>
							<control type="image">
								<description>Channel Sep</description>
								<left>74</left>
								<top>0</top>
								<width>261</width>
								<height>45</height>
								<texture>windows/pvr/seperator.png</texture>
								<include>VisibleFadeEffect2</include>
							</control>
							<control type="image">
								<description>Channel Focus</description>
								<left>74</left>
								<top>0</top>
								<width>261</width>
								<height>45</height>
								<texture>windows/pvr/focus.png</texture>
								<include>VisibleFadeEffect2</include>
								<visible>Control.HasFocus(10)</visible>
							</control>
							<control type="label">
								<left>10</left>
								<top>0</top>
								<width>60</width>
								<height>45</height>
								<font>FontSize_20</font>
								<textcolor>white</textcolor>
								<shadowcolor>99000000</shadowcolor>
								<selectedcolor>selected</selectedcolor>
								<align>center</align>
								<aligny>center</aligny>
								<label>$INFO[ListItem.ChannelNumber]</label>
							</control>
							<control type="label" id="1">
								<left>87</left>
								<top>0</top>
								<width>243</width>
								<height>45</height>
								<font>FontSize_20</font>
								<textcolor>white</textcolor>
								<shadowcolor>99000000</shadowcolor>
								<selectedcolor>selected</selectedcolor>
								<align>left</align>
								<aligny>center</aligny>
								<label>$INFO[ListItem.ChannelName]</label>
							</control>
							<control type="image">
								<left>10</left>
								<top>0</top>
								<width>868</width>
								<height>45</height>
								<texture>windows/pvr/selected.png</texture>
								<visible>ListItem.IsSelected | ListItem.IsPlaying</visible>
							</control>
						</control>
					</focusedchannellayout>	
					<itemlayout height="50" width="102">
						<control type="image" id="2">
							<left>0</left>
							<top>0</top>
							<width>98</width>
							<height>45</height>
							<aspectratio>stretch</aspectratio>
							<texture>windows/pvr/epg_seperator.png</texture>
							<include>VisibleFadeEffect2</include>
						</control>
						<control type="image" id="2">
							<description>movie / drama</description>
							<width>98</width>
							<height>45</height>
							<texture>windows/pvr/genres.png</texture>
							<colordiffuse>aa8b5015</colordiffuse>
							<visible>StringCompare(ListItem.Property(GenreType),16)</visible>
						</control>
						<control type="image" id="3">
							<description>news</description>
							<width>98</width>
							<height>45</height>
							<texture>windows/pvr/genres.png</texture>
							<colordiffuse>ff446444</colordiffuse>
							<visible>StringCompare(ListItem.Property(GenreType),32)</visible>
						</control>
						<control type="image" id="4">
							<description>show / gameshow</description>
							<width>98</width>
							<height>45</height>
							<texture>windows/pvr/genres.png</texture>
							<colordiffuse>ff8d8c17</colordiffuse>
							<visible>StringCompare(ListItem.Property(GenreType),48)</visible>
						</control>
						<control type="image" id="5">
							<description>sports</description>
							<width>98</width>
							<height>45</height>
							<texture>windows/pvr/genres.png</texture>
							<colordiffuse>ff930d1d</colordiffuse>
							<visible>StringCompare(ListItem.Property(GenreType),64)</visible>
						</control>
						<control type="image" id="6">
							<description>children</description>
							<width>98</width>
							<height>45</height>
							<texture>windows/pvr/genres.png</texture>
							<colordiffuse>ff13897a</colordiffuse>
							<visible>StringCompare(ListItem.Property(GenreType),80)</visible>
						</control>
						<control type="image" id="7">
							<description>music / ballet / dance</description>
							<width>98</width>
							<height>45</height>
							<texture>windows/pvr/genres.png</texture>
							<colordiffuse>ff2d9234</colordiffuse>
							<visible>StringCompare(ListItem.Property(GenreType),96)</visible>
						</control>
						<control type="image" id="8">
							<description>arts / culture</description>
							<width>98</width>
							<height>45</height>
							<texture>windows/pvr/genres.png</texture>
							<colordiffuse>ff022788</colordiffuse>
							<visible>StringCompare(ListItem.Property(GenreType),112)</visible>
						</control>
						<control type="image" id="9">
							<description>social / political / economics</description>
							<width>98</width>
							<height>45</height>
							<texture>windows/pvr/genres.png</texture>
							<colordiffuse>ff641864</colordiffuse>
							<visible>StringCompare(ListItem.Property(GenreType),128)</visible>
						</control>
						<control type="image" id="10">
							<description>education / science / factual</description>
							<width>98</width>
							<height>45</height>
							<texture>windows/pvr/genres.png</texture>
							<colordiffuse>ff797a7c</colordiffuse>
							<visible>StringCompare(ListItem.Property(GenreType),144)</visible>
						</control>
						<control type="image" id="11">
							<description>leisure / hobbies</description>
							<width>98</width>
							<height>45</height>
							<texture>windows/pvr/genres.png</texture>
							<colordiffuse>ff5a5a7e</colordiffuse>
							<visible>StringCompare(ListItem.Property(GenreType),160)</visible>
						</control>
						<control type="image" id="12">
							<description>special event</description>
							<width>98</width>
							<height>45</height>
							<texture>windows/pvr/genres.png</texture>
							<colordiffuse>ff1a6973</colordiffuse>
							<visible>StringCompare(ListItem.Property(GenreType),176)</visible>
						</control>
						<control type="image" id="13">
							<description>other / unknown</description>
							<width>98</width>
							<height>45</height>
							<colordiffuse>ff222222</colordiffuse>
							<texture>windows/pvr/genres.png</texture>
							<visible>!StringCompare(ListItem.Property(GenreType),16) + !StringCompare(ListItem.Property(GenreType),32)
								+ !StringCompare(ListItem.Property(GenreType),48) + !StringCompare(ListItem.Property(GenreType),64)
								+ !StringCompare(ListItem.Property(GenreType),80) + !StringCompare(ListItem.Property(GenreType),96)
								+ !StringCompare(ListItem.Property(GenreType),112) + !StringCompare(ListItem.Property(GenreType),128)
								+ !StringCompare(ListItem.Property(GenreType),144) + !StringCompare(ListItem.Property(GenreType),160)
								+ !StringCompare(ListItem.Property(GenreType),176)</visible>
							</control>
							<control type="label" id="1">
								<left>8</left>
								<top>0</top>
								<width>85</width>
								<height>45</height>
								<font>FontSize_18</font>
								<textcolor>77white</textcolor>
								<shadowcolor>99000000</shadowcolor>
								<selectedcolor>selected</selectedcolor>
								<align>left</align>
								<aligny>center</aligny>
								<label>$INFO[ListItem.Label]</label>
								<visible>!ListItem.IsRecording + !ListItem.HasTimer</visible>
							</control>
							<control type="label" id="1">
								<left>30</left>
								<top>0</top>
								<width>45</width>
								<height>45</height>
								<font>FontSize_18</font>
								<textcolor>77white</textcolor>
								<shadowcolor>99000000</shadowcolor>
								<selectedcolor>selected</selectedcolor>
								<align>left</align>
								<aligny>center</aligny>
								<label>$INFO[ListItem.Label]</label>
								<visible>ListItem.IsRecording | ListItem.HasTimer</visible>
							</control>
							<control type="image">
								<left>0</left>
								<top>8</top>
								<width>32</width>
								<height>32</height>
								<aspectratio>keep</aspectratio>
								<texture>windows/pvr/rec.png</texture>
								<animation effect="fade" start="70" end="100" time="800" pulse="true" condition="true">Conditional</animation>
								<visible>ListItem.IsRecording</visible>
							</control>
							<control type="image">
								<left>0</left>
								<top>8</top>
								<width>32</width>
								<height>32</height>
								<aspectratio>keep</aspectratio>
								<colordiffuse>77ffffff</colordiffuse>
								<texture>windows/pvr/timer_epg.png</texture>
								<visible>ListItem.HasTimer + !ListItem.IsRecording</visible>
							</control>
						</itemlayout>
						
						<focusedlayout height="50" width="102">
							<control type="image" id="2">
								<left>0</left>
								<top>0</top>
								<width>98</width>
								<height>45</height>
								<texture>windows/pvr/epg_seperator.png</texture>
								<include>VisibleFadeEffect2</include>
							</control>
							<control type="image" id="2">
								<description>movie / drama</description>
								<width>98</width>
								<height>45</height>
								<texture>windows/pvr/genres.png</texture>
								<colordiffuse>aa8b5015</colordiffuse>
								<visible>StringCompare(ListItem.Property(GenreType),16)</visible>
							</control>
							<control type="image" id="3">
								<description>news</description>
								<width>98</width>
								<height>45</height>
								<texture>windows/pvr/genres.png</texture>
								<colordiffuse>ff446444</colordiffuse>
								<visible>StringCompare(ListItem.Property(GenreType),32)</visible>
							</control>
							<control type="image" id="4">
								<description>show / gameshow</description>
								<width>98</width>
								<height>45</height>
								<texture>windows/pvr/genres.png</texture>
								<colordiffuse>ff8d8c17</colordiffuse>
								<visible>StringCompare(ListItem.Property(GenreType),48)</visible>
							</control>
							<control type="image" id="5">
								<description>sports</description>
								<width>98</width>
								<height>45</height>
								<texture>windows/pvr/genres.png</texture>
								<colordiffuse>ff930d1d</colordiffuse>
								<visible>StringCompare(ListItem.Property(GenreType),64)</visible>
							</control>
							<control type="image" id="6">
								<description>children</description>
								<width>98</width>
								<height>45</height>
								<texture>windows/pvr/genres.png</texture>
								<colordiffuse>ff13897a</colordiffuse>
								<visible>StringCompare(ListItem.Property(GenreType),80)</visible>
							</control>
							<control type="image" id="7">
								<description>music / ballet / dance</description>
								<width>98</width>
								<height>45</height>
								<texture>windows/pvr/genres.png</texture>
								<colordiffuse>ff2d9234</colordiffuse>
								<visible>StringCompare(ListItem.Property(GenreType),96)</visible>
							</control>
							<control type="image" id="8">
								<description>arts / culture</description>
								<width>98</width>
								<height>45</height>
								<texture>windows/pvr/genres.png</texture>
								<colordiffuse>ff022788</colordiffuse>
								<visible>StringCompare(ListItem.Property(GenreType),112)</visible>
							</control>
							<control type="image" id="9">
								<description>social / political / economics</description>
								<width>98</width>
								<height>45</height>
								<texture>windows/pvr/genres.png</texture>
								<colordiffuse>ff641864</colordiffuse>
								<visible>StringCompare(ListItem.Property(GenreType),128)</visible>
							</control>
							<control type="image" id="10">
								<description>education / science / factual</description>
								<width>98</width>
								<height>45</height>
								<texture>windows/pvr/genres.png</texture>
								<colordiffuse>ff797a7c</colordiffuse>
								<visible>StringCompare(ListItem.Property(GenreType),144)</visible>
							</control>
							<control type="image" id="11">
								<description>leisure / hobbies</description>
								<width>98</width>
								<height>45</height>
								<texture>windows/pvr/genres.png</texture>
								<colordiffuse>ff5a5a7e</colordiffuse>
								<visible>StringCompare(ListItem.Property(GenreType),160)</visible>
							</control>
							<control type="image" id="12">
								<description>special event</description>
								<width>98</width>
								<height>45</height>
								<texture>windows/pvr/genres.png</texture>
								<colordiffuse>ff1a6973</colordiffuse>
								<visible>StringCompare(ListItem.Property(GenreType),176)</visible>
							</control>
							<control type="image" id="13">
								<description>other / unknown</description>
								<width>98</width>
								<height>45</height>
								<colordiffuse>ff222222</colordiffuse>
								<texture>windows/pvr/genres.png</texture>
								<visible>!StringCompare(ListItem.Property(GenreType),16) + !StringCompare(ListItem.Property(GenreType),32)
									+ !StringCompare(ListItem.Property(GenreType),48) + !StringCompare(ListItem.Property(GenreType),64)
									+ !StringCompare(ListItem.Property(GenreType),80) + !StringCompare(ListItem.Property(GenreType),96)
									+ !StringCompare(ListItem.Property(GenreType),112) + !StringCompare(ListItem.Property(GenreType),128)
									+ !StringCompare(ListItem.Property(GenreType),144) + !StringCompare(ListItem.Property(GenreType),160)
									+ !StringCompare(ListItem.Property(GenreType),176)</visible>
								</control>					
								<control type="image" id="2">
									<left>0</left>
									<top>0</top>
									<width>98</width>
									<height>45</height>
									<texture>windows/pvr/epg_focus.png</texture>
									<include>VisibleFadeEffect2</include>
								</control>
								<control type="label" id="1">
									<left>8</left>
									<top>0</top>
									<width>85</width>
									<height>45</height>
									<font>FontSize_18</font>
									<textcolor>white</textcolor>
									<shadowcolor>99000000</shadowcolor>
									<selectedcolor>selected</selectedcolor>
									<align>left</align>
									<aligny>center</aligny>
									<label>$INFO[ListItem.Label]</label>
									<visible>!ListItem.IsRecording + !ListItem.HasTimer</visible>
								</control>
								<control type="label" id="1">
									<left>30</left>
									<top>0</top>
									<width>45</width>
									<height>45</height>
									<font>FontSize_18</font>
									<textcolor>white</textcolor>
									<shadowcolor>99000000</shadowcolor>
									<selectedcolor>selected</selectedcolor>
									<align>left</align>
									<aligny>center</aligny>
									<label>$INFO[ListItem.Label]</label>
									<visible>ListItem.IsRecording | ListItem.HasTimer</visible>
								</control>
								<control type="image">
									<left>0</left>
									<top>8</top>
									<width>32</width>
									<height>32</height>
									<aspectratio>keep</aspectratio>
									<texture>windows/pvr/rec.png</texture>
									<animation effect="fade" start="70" end="100" time="800" pulse="true" condition="true">Conditional</animation>
									<visible>ListItem.IsRecording</visible>
								</control>
								<control type="image">
									<left>0</left>
									<top>8</top>
									<width>32</width>
									<height>32</height>
									<aspectratio>keep</aspectratio>
									<colordiffuse>ccffffff</colordiffuse>
									<texture>windows/pvr/timer_epg.png</texture>
									<visible>ListItem.HasTimer + !ListItem.IsRecording</visible>
								</control>
							</focusedlayout>
						</control>
					</control>

				</control>
			</include>


			<!-- =================== -->
			<!-- ===== EPG Now ===== -->
			<!-- =================== -->
			<include name="EPGNow_View">
				<control type="group">
					<description>TV Guide Now</description>
					<include>DialogZoomInOutAnimation</include>
					<include>FullscreenDimensions</include>
					
					<control type="group">
						<include>PVRAnimations</include>
						<include>LiveTV_InfoLabels</include>
						<visible>Control.IsVisible(11)</visible>
						<control type="list" id="11">
							<left>35</left>
							<top>270</top>
							<width>1200</width>
							<height>350</height>
							<onleft>32</onleft>
							<onright>60</onright>
							<onup>11</onup>
							<ondown>11</ondown>
							<preloaditems>2</preloaditems>
							<viewtype label="19030">list</viewtype>
							<pagecontrol>60</pagecontrol>
							<scrolltime tween="cubic" easing="out">300</scrolltime>
							<itemlayout height="50">
								<control type="group">
									<control type="image">
										<description>ChannelNumber Sep</description>
										<left>10</left>
										<top>0</top>
										<width>60</width>
										<height>45</height>
										<texture>windows/pvr/seperator.png</texture>
										<include>VisibleFadeEffect2</include>
									</control>
									<control type="image">
										<description>ChannelName Sep</description>
										<left>74</left>
										<top>0</top>
										<width>265</width>
										<height>45</height>
										<texture>windows/pvr/seperator.png</texture>
										<include>VisibleFadeEffect2</include>
									</control>
									<control type="image">
										<description>Description Sep</description>
										<left>343</left>
										<top>0</top>
										<width>535</width>
										<height>45</height>
										<texture>windows/pvr/seperator.png</texture>
										<include>VisibleFadeEffect2</include>
									</control>
									<control type="image">
										<description>Time Sep</description>
										<left>882</left>
										<top>0</top>
										<width>157</width>
										<height>45</height>
										<texture>windows/pvr/seperator.png</texture>
										<include>VisibleFadeEffect2</include>
									</control>
									<control type="image">
										<description>Duration Sep</description>
										<left>1043</left>
										<top>0</top>
										<width>157</width>
										<height>45</height>
										<texture>windows/pvr/seperator.png</texture>
										<include>VisibleFadeEffect2</include>
									</control>
									<control type="label">
										<left>10</left>
										<top>0</top>
										<width>60</width>
										<height>45</height>
										<font>FontSize_22</font>
										<textcolor>77white</textcolor>
										<shadowcolor>99000000</shadowcolor>
										<selectedcolor>selected</selectedcolor>
										<align>center</align>
										<aligny>center</aligny>
										<label>$INFO[ListItem.ChannelNumber]</label>
										<visible>![ListItem.HasTimer + !ListItem.IsRecording]</visible>
									</control>
									<control type="image">
										<left>25</left>
										<top>10</top>
										<width>32</width>
										<height>32</height>
										<aspectratio>keep</aspectratio>
										<colordiffuse>77ffffff</colordiffuse>
										<texture>windows/pvr/timer.png</texture>
										<visible>ListItem.HasTimer + !ListItem.IsRecording</visible>
									</control>
									<control type="label">
										<left>87</left>
										<top>0</top>
										<width>245</width>
										<height>45</height>
										<font>FontSize_22</font>
										<textcolor>77white</textcolor>
										<shadowcolor>99000000</shadowcolor>
										<selectedcolor>selected</selectedcolor>
										<align>left</align>
										<aligny>center</aligny>
										<label>$INFO[ListItem.ChannelName]</label>
									</control>
									<control type="label">
										<left>355</left>
										<top>0</top>
										<width>490</width>
										<height>45</height>
										<font>FontSize_20</font>
										<textcolor>77white</textcolor>
										<shadowcolor>99000000</shadowcolor>
										<selectedcolor>selected</selectedcolor>
										<align>left</align>
										<aligny>center</aligny>
										<label>$INFO[ListItem.Label]</label>
									</control>
									<control type="label">
										<left>885</left>
										<top>0</top>
										<width>151</width>
										<height>45</height>
										<font>FontSize_20</font>
										<textcolor>77white</textcolor>
										<shadowcolor>99000000</shadowcolor>
										<selectedcolor>selected</selectedcolor>
										<align>center</align>
										<aligny>center</aligny>
										<label>$INFO[ListItem.StartTime]</label>
									</control>
									<control type="label">
										<left>1046</left>
										<top>0</top>
										<width>151</width>
										<height>45</height>
										<font>FontSize_20</font>
										<textcolor>77white</textcolor>
										<shadowcolor>99000000</shadowcolor>
										<selectedcolor>selected</selectedcolor>
										<align>center</align>
										<aligny>center</aligny>
										<label>$INFO[ListItem.Duration]</label>
									</control>
									<control type="group">
										<left>285</left>
										<visible>ListItem.IsRecording</visible>
										<control type="label">
											<width>100</width>
											<height>50</height>
											<font>FontSize_12B</font>
											<textcolor>77white</textcolor>
											<shadowcolor>99000000</shadowcolor>
											<selectedcolor>selected</selectedcolor>
											<align>left</align>
											<aligny>center</aligny>
											<label>31035</label>
										</control>
										<control type="image">
											<left>21</left>
											<top>9</top>
											<width>32</width>
											<height>32</height>
											<aspectratio>keep</aspectratio>
											<texture>windows/pvr/rec.png</texture>
										</control>
									</control>
									<control type="image">
										<left>10</left>
										<top>0</top>
										<width>868</width>
										<height>45</height>
										<texture>windows/pvr/selected.png</texture>
										<visible>ListItem.IsSelected | ListItem.IsPlaying</visible>
									</control>
								</control>
							</itemlayout>
							<focusedlayout height="50">
								<control type="group">
									<include>PVRListFocusAnimation</include>
									<control type="image">
										<description>ChannelNumber Sep</description>
										<left>10</left>
										<top>0</top>
										<width>60</width>
										<height>45</height>
										<texture>windows/pvr/focus.png</texture>
										<include>VisibleFadeEffect2</include>
									</control>
									<control type="image">
										<description>ChannelName Sep</description>
										<left>74</left>
										<top>0</top>
										<width>265</width>
										<height>45</height>
										<texture>windows/pvr/focus.png</texture>
										<include>VisibleFadeEffect2</include>
									</control>
									<control type="image">
										<description>Description Sep</description>
										<left>343</left>
										<top>0</top>
										<width>535</width>
										<height>45</height>
										<texture>windows/pvr/focus.png</texture>
										<include>VisibleFadeEffect2</include>
									</control>
									<control type="image">
										<description>Time Sep</description>
										<left>882</left>
										<top>0</top>
										<width>157</width>
										<height>45</height>
										<texture>windows/pvr/focus.png</texture>
										<include>VisibleFadeEffect2</include>
									</control>
									<control type="image">
										<description>Duration Sep</description>
										<left>1043</left>
										<top>0</top>
										<width>157</width>
										<height>45</height>
										<texture>windows/pvr/focus.png</texture>
										<include>VisibleFadeEffect2</include>
									</control>
									<control type="label">
										<left>10</left>
										<top>0</top>
										<width>60</width>
										<height>45</height>
										<font>FontSize_22</font>
										<textcolor>white</textcolor>
										<shadowcolor>99000000</shadowcolor>
										<selectedcolor>selected</selectedcolor>
										<align>center</align>
										<aligny>center</aligny>
										<label>$INFO[ListItem.ChannelNumber]</label>
										<visible>!ListItem.HasTimer</visible>
									</control>
									<control type="image">
										<left>25</left>
										<top>10</top>
										<width>32</width>
										<height>32</height>
										<aspectratio>keep</aspectratio>
										<colordiffuse>ccffffff</colordiffuse>
										<texture>windows/pvr/timer.png</texture>
										<visible>ListItem.HasTimer + !ListItem.IsRecording</visible>
									</control>
									<control type="label">
										<left>87</left>
										<top>0</top>
										<width>245</width>
										<height>45</height>
										<font>FontSize_22</font>
										<textcolor>white</textcolor>
										<shadowcolor>99000000</shadowcolor>
										<selectedcolor>selected</selectedcolor>
										<align>left</align>
										<aligny>center</aligny>
										<label>$INFO[ListItem.ChannelName]</label>
									</control>
									<control type="label">
										<left>355</left>
										<top>0</top>
										<width>490</width>
										<height>45</height>
										<font>FontSize_20</font>
										<textcolor>white</textcolor>
										<shadowcolor>99000000</shadowcolor>
										<selectedcolor>selected</selectedcolor>
										<align>left</align>
										<aligny>center</aligny>
										<label>$INFO[ListItem.Label]</label>
									</control>
									<control type="label">
										<left>885</left>
										<top>0</top>
										<width>151</width>
										<height>45</height>
										<font>FontSize_20</font>
										<textcolor>white</textcolor>
										<shadowcolor>99000000</shadowcolor>
										<selectedcolor>selected</selectedcolor>
										<align>center</align>
										<aligny>center</aligny>
										<label>$INFO[ListItem.StartTime]</label>
									</control>
									<control type="label">
										<left>1046</left>
										<top>0</top>
										<width>151</width>
										<height>45</height>
										<font>FontSize_20</font>
										<textcolor>white</textcolor>
										<shadowcolor>99000000</shadowcolor>
										<selectedcolor>selected</selectedcolor>
										<align>center</align>
										<aligny>center</aligny>
										<label>$INFO[ListItem.Duration]</label>
									</control>
									<control type="group">
										<left>285</left>
										<visible>ListItem.IsRecording</visible>
										<control type="label">
											<width>100</width>
											<height>50</height>
											<font>FontSize_12B</font>
											<textcolor>white</textcolor>
											<shadowcolor>99000000</shadowcolor>
											<selectedcolor>selected</selectedcolor>
											<align>left</align>
											<aligny>center</aligny>
											<label>31035</label>
										</control>							
										<control type="image">
											<left>21</left>
											<top>9</top>
											<width>32</width>
											<height>32</height>
											<aspectratio>keep</aspectratio>
											<texture>windows/pvr/rec.png</texture>
										</control>
									</control>
									<control type="image">
										<left>10</left>
										<top>0</top>
										<width>868</width>
										<height>45</height>
										<texture>windows/pvr/selected.png</texture>
										<visible>ListItem.IsSelected | ListItem.IsPlaying</visible>
									</control>
								</control>
							</focusedlayout>
						</control>

						<control type="scrollbar" id="60">
							<left>914</left>
							<top>269</top>
							<width>2</width>
							<height>347</height>
							<texturesliderbackground>-</texturesliderbackground>
							<texturesliderbar border="0,14,0,14">views/scrollbar/scrollbar_pvr.png</texturesliderbar>
							<texturesliderbarfocus border="0,14,0,14">views/scrollbar/scrollbar_pvr.png</texturesliderbarfocus>
							<textureslidernib>-</textureslidernib>
							<textureslidernibfocus>-</textureslidernibfocus>
							<onleft>11</onleft>
							<onright>11</onright>
							<showonepage>false</showonepage>
							<orientation>vertical</orientation>
							<animation effect="fade" start="100" end="0" time="250" condition="!Control.HasFocus(60)">Conditional</animation>
							<visible>Control.IsVisible(11)</visible>
						</control>
					</control>

				</control>
			</include>


			<!-- ==================== -->
			<!-- ===== EPG Next ===== -->
			<!-- ==================== -->
			<include name="EPGNext_View">
				<control type="group" id="110">
					<description>TV Guide Next</description>
					<include>DialogZoomInOutAnimation</include>
					<include>FullscreenDimensions</include>

					<control type="group">
						<include>PVRAnimations</include>
						<include>LiveTV_InfoLabels</include>
						<visible>Control.IsVisible(12)</visible>
						<control type="list" id="12">
							<left>35</left>
							<top>270</top>
							<width>1200</width>
							<height>350</height>
							<onleft>32</onleft>
							<onright>60</onright>
							<onup>12</onup>
							<ondown>12</ondown>
							<preloaditems>2</preloaditems>
							<viewtype label="19031">list</viewtype>
							<pagecontrol>60</pagecontrol>
							<scrolltime tween="cubic" easing="out">300</scrolltime>
							<itemlayout height="50">
								<control type="group">
									<control type="image">
										<description>ChannelNumber Sep</description>
										<left>10</left>
										<top>0</top>
										<width>60</width>
										<height>45</height>
										<texture>windows/pvr/seperator.png</texture>
										<include>VisibleFadeEffect2</include>
									</control>
									<control type="image">
										<description>ChannelName Sep</description>
										<left>74</left>
										<top>0</top>
										<width>265</width>
										<height>45</height>
										<texture>windows/pvr/seperator.png</texture>
										<include>VisibleFadeEffect2</include>
									</control>
									<control type="image">
										<description>Description Sep</description>
										<left>343</left>
										<top>0</top>
										<width>535</width>
										<height>45</height>
										<texture>windows/pvr/seperator.png</texture>
										<include>VisibleFadeEffect2</include>
									</control>
									<control type="image">
										<description>Time Sep</description>
										<left>882</left>
										<top>0</top>
										<width>157</width>
										<height>45</height>
										<texture>windows/pvr/seperator.png</texture>
										<include>VisibleFadeEffect2</include>
									</control>
									<control type="image">
										<description>Duration Sep</description>
										<left>1043</left>
										<top>0</top>
										<width>157</width>
										<height>45</height>
										<texture>windows/pvr/seperator.png</texture>
										<include>VisibleFadeEffect2</include>
									</control>
									<control type="label">
										<left>10</left>
										<top>0</top>
										<width>60</width>
										<height>45</height>
										<font>FontSize_22</font>
										<textcolor>77white</textcolor>
										<shadowcolor>99000000</shadowcolor>
										<selectedcolor>selected</selectedcolor>
										<align>center</align>
										<aligny>center</aligny>
										<label>$INFO[ListItem.ChannelNumber]</label>
										<visible>![ListItem.HasTimer + !ListItem.IsRecording]</visible>
									</control>
									<control type="image">
										<left>25</left>
										<top>10</top>
										<width>32</width>
										<height>32</height>
										<aspectratio>keep</aspectratio>
										<colordiffuse>77ffffff</colordiffuse>
										<texture>windows/pvr/timer.png</texture>
										<visible>ListItem.HasTimer + !ListItem.IsRecording</visible>
									</control>
									<control type="label">
										<left>87</left>
										<top>0</top>
										<width>245</width>
										<height>45</height>
										<font>FontSize_22</font>
										<textcolor>77white</textcolor>
										<shadowcolor>99000000</shadowcolor>
										<selectedcolor>selected</selectedcolor>
										<align>left</align>
										<aligny>center</aligny>
										<label>$INFO[ListItem.ChannelName]</label>
									</control>
									<control type="label">
										<left>355</left>
										<top>0</top>
										<width>490</width>
										<height>45</height>
										<font>FontSize_20</font>
										<textcolor>77white</textcolor>
										<shadowcolor>99000000</shadowcolor>
										<selectedcolor>selected</selectedcolor>
										<align>left</align>
										<aligny>center</aligny>
										<label>$INFO[ListItem.Label]</label>
									</control>
									<control type="label">
										<left>885</left>
										<top>0</top>
										<width>151</width>
										<height>45</height>
										<font>FontSize_20</font>
										<textcolor>77white</textcolor>
										<shadowcolor>99000000</shadowcolor>
										<selectedcolor>selected</selectedcolor>
										<align>center</align>
										<aligny>center</aligny>
										<label>$INFO[ListItem.StartTime]</label>
									</control>
									<control type="label">
										<left>1046</left>
										<top>0</top>
										<width>151</width>
										<height>45</height>
										<font>FontSize_20</font>
										<textcolor>77white</textcolor>
										<shadowcolor>99000000</shadowcolor>
										<selectedcolor>selected</selectedcolor>
										<align>center</align>
										<aligny>center</aligny>
										<label>$INFO[ListItem.Duration]</label>
									</control>
									<control type="group">
										<left>285</left>
										<visible>ListItem.IsRecording</visible>
										<control type="label">
											<width>100</width>
											<height>50</height>
											<font>FontSize_12B</font>
											<textcolor>77white</textcolor>
											<shadowcolor>99000000</shadowcolor>
											<selectedcolor>selected</selectedcolor>
											<align>left</align>
											<aligny>center</aligny>
											<label>31035</label>
										</control>
										<control type="image">
											<left>21</left>
											<top>9</top>
											<width>32</width>
											<height>32</height>
											<aspectratio>keep</aspectratio>
											<texture>windows/pvr/rec.png</texture>
										</control>
									</control>
									<control type="image">
										<left>10</left>
										<top>0</top>
										<width>868</width>
										<height>45</height>
										<texture>windows/pvr/selected.png</texture>
										<visible>ListItem.IsSelected | ListItem.IsPlaying</visible>
									</control>
								</control>
							</itemlayout>
							<focusedlayout height="50">
								<control type="group">
									<include>PVRListFocusAnimation</include>
									<control type="image">
										<description>ChannelNumber Sep</description>
										<left>10</left>
										<top>0</top>
										<width>60</width>
										<height>45</height>
										<texture>windows/pvr/focus.png</texture>
										<include>VisibleFadeEffect2</include>
									</control>
									<control type="image">
										<description>ChannelName Sep</description>
										<left>74</left>
										<top>0</top>
										<width>265</width>
										<height>45</height>
										<texture>windows/pvr/focus.png</texture>
										<include>VisibleFadeEffect2</include>
									</control>
									<control type="image">
										<description>Description Sep</description>
										<left>343</left>
										<top>0</top>
										<width>535</width>
										<height>45</height>
										<texture>windows/pvr/focus.png</texture>
										<include>VisibleFadeEffect2</include>
									</control>
									<control type="image">
										<description>Time Sep</description>
										<left>882</left>
										<top>0</top>
										<width>157</width>
										<height>45</height>
										<texture>windows/pvr/focus.png</texture>
										<include>VisibleFadeEffect2</include>
									</control>
									<control type="image">
										<description>Duration Sep</description>
										<left>1043</left>
										<top>0</top>
										<width>157</width>
										<height>45</height>
										<texture>windows/pvr/focus.png</texture>
										<include>VisibleFadeEffect2</include>
									</control>
									<control type="label">
										<left>10</left>
										<top>0</top>
										<width>60</width>
										<height>45</height>
										<font>FontSize_22</font>
										<textcolor>white</textcolor>
										<shadowcolor>99000000</shadowcolor>
										<selectedcolor>selected</selectedcolor>
										<align>center</align>
										<aligny>center</aligny>
										<label>$INFO[ListItem.ChannelNumber]</label>
										<visible>!ListItem.HasTimer</visible>
									</control>
									<control type="image">
										<left>25</left>
										<top>10</top>
										<width>32</width>
										<height>32</height>
										<aspectratio>keep</aspectratio>
										<colordiffuse>ccffffff</colordiffuse>
										<texture>windows/pvr/timer.png</texture>
										<visible>ListItem.HasTimer + !ListItem.IsRecording</visible>
									</control>
									<control type="label">
										<left>87</left>
										<top>0</top>
										<width>245</width>
										<height>45</height>
										<font>FontSize_22</font>
										<textcolor>white</textcolor>
										<shadowcolor>99000000</shadowcolor>
										<selectedcolor>selected</selectedcolor>
										<align>left</align>
										<aligny>center</aligny>
										<label>$INFO[ListItem.ChannelName]</label>
									</control>
									<control type="label">
										<left>355</left>
										<top>0</top>
										<width>490</width>
										<height>45</height>
										<font>FontSize_20</font>
										<textcolor>white</textcolor>
										<shadowcolor>99000000</shadowcolor>
										<selectedcolor>selected</selectedcolor>
										<align>left</align>
										<aligny>center</aligny>
										<label>$INFO[ListItem.Label]</label>
									</control>
									<control type="label">
										<left>885</left>
										<top>0</top>
										<width>151</width>
										<height>45</height>
										<font>FontSize_20</font>
										<textcolor>white</textcolor>
										<shadowcolor>99000000</shadowcolor>
										<selectedcolor>selected</selectedcolor>
										<align>center</align>
										<aligny>center</aligny>
										<label>$INFO[ListItem.StartTime]</label>
									</control>
									<control type="label">
										<left>1046</left>
										<top>0</top>
										<width>151</width>
										<height>45</height>
										<font>FontSize_20</font>
										<textcolor>white</textcolor>
										<shadowcolor>99000000</shadowcolor>
										<selectedcolor>selected</selectedcolor>
										<align>center</align>
										<aligny>center</aligny>
										<label>$INFO[ListItem.Duration]</label>
									</control>
									<control type="group">
										<left>285</left>
										<visible>ListItem.IsRecording</visible>
										<control type="label">
											<width>100</width>
											<height>50</height>
											<font>FontSize_12B</font>
											<textcolor>white</textcolor>
											<shadowcolor>99000000</shadowcolor>
											<selectedcolor>selected</selectedcolor>
											<align>left</align>
											<aligny>center</aligny>
											<label>31035</label>
										</control>							
										<control type="image">
											<left>21</left>
											<top>9</top>
											<width>32</width>
											<height>32</height>
											<aspectratio>keep</aspectratio>
											<texture>windows/pvr/rec.png</texture>
										</control>
									</control>
									<control type="image">
										<left>10</left>
										<top>0</top>
										<width>868</width>
										<height>45</height>
										<texture>windows/pvr/selected.png</texture>
										<visible>ListItem.IsSelected | ListItem.IsPlaying</visible>
									</control>
								</control>
							</focusedlayout>
						</control>

						<control type="scrollbar" id="60">
							<left>914</left>
							<top>269</top>
							<width>2</width>
							<height>347</height>
							<texturesliderbackground>-</texturesliderbackground>
							<texturesliderbar border="0,14,0,14">views/scrollbar/scrollbar_pvr.png</texturesliderbar>
							<texturesliderbarfocus border="0,14,0,14">views/scrollbar/scrollbar_pvr.png</texturesliderbarfocus>
							<textureslidernib>-</textureslidernib>
							<textureslidernibfocus>-</textureslidernibfocus>
							<onleft>12</onleft>
							<onright>12</onright>
							<showonepage>false</showonepage>
							<orientation>vertical</orientation>
							<animation effect="fade" start="100" end="0" time="250" condition="!Control.HasFocus(60)">Conditional</animation>
							<visible>Control.IsVisible(12)</visible>
						</control>
					</control>

				</control>
			</include>


			<!-- ======================= -->
			<!-- ===== EPG Channel ===== -->
			<!-- ======================= -->
			<include name="EPGChannel_View">
				<control type="group">
					<description>TV Guide Channel</description>
					<include>DialogZoomInOutAnimation</include>
					<include>FullscreenDimensions</include>
					
					<control type="group">
						<visible>Control.IsVisible(13)</visible>
						<include>PVRAnimations</include>
						<control type="group">
							<left>917</left>
							<top>270</top>
							<visible>Control.IsVisible(13) + IntegerGreaterThan(Container(13).NumItems,0)</visible>
							<control type="image">
								<left>0</left>
								<top>0</top>
								<width>318</width>
								<height>245</height>
								<texture border="5">windows/pvr/seperator.png</texture>
								<include>VisibleFadeEffect2</include>
							</control>
							<control type="label">
								<left>10</left>
								<top>0</top>
								<width>295</width>
								<height>35</height>
								<font>FontSize_20B</font>
								<label>$INFO[Container(13).ListItem.Title]</label>
								<textcolor>99white</textcolor>
								<shadowcolor>99000000</shadowcolor>
								<scroll>false</scroll>
							</control>
							<control type="label">
								<left>10</left>
								<top>27</top>
								<width>295</width>
								<height>25</height>
								<font>FontSize_18</font>
								<label>$INFO[Container(13).ListItem.Genre]</label>
								<textcolor>99white</textcolor>
								<shadowcolor>99000000</shadowcolor>
								<scroll>false</scroll>
							</control>
							<control type="textbox">
								<left>10</left>
								<top>57</top>
								<width>295</width>
								<height>177</height>
								<font>FontSize_16</font>
								<textcolor>99white</textcolor>
								<shadowcolor>99000000</shadowcolor>
								<align>justify</align>
								<autoscroll delay="8000" time="2000" repeat="8000">Skin.HasSetting(AutoScroll)</autoscroll>
								<info>Container(13).ListItem.Plot</info>
							</control>
						</control>
						<control type="group">
							<left>35</left>
							<top>270</top>
							<visible>Control.IsVisible(13) + !IntegerGreaterThan(Container(13).NumItems,0)</visible>
							<include>PVRListFocusAnimation</include>
							<control type="image">
								<left>10</left>
								<top>0</top>
								<width>60</width>
								<height>45</height>
								<texture>windows/pvr/focus.png</texture>
							</control>
							<control type="image">
								<left>74</left>
								<top>0</top>
								<width>1116</width>
								<height>45</height>
								<texture>windows/pvr/focus.png</texture>
							</control>
							<control type="label">
								<left>35</left>
								<top>0</top>
								<width>60</width>
								<height>45</height>
								<font>FontSize_20</font>
								<textcolor>white</textcolor>
								<shadowcolor>99000000</shadowcolor>
								<align>left</align>
								<aligny>center</aligny>
								<label>..</label>
							</control>
							<control type="label">
								<left>87</left>
								<top>0</top>
								<width>405</width>
								<height>45</height>
								<font>FontSize_20</font>
								<textcolor>white</textcolor>
								<shadowcolor>99000000</shadowcolor>
								<align>left</align>
								<aligny>center</aligny>
								<label>$LOCALIZE[19055]</label>
							</control>
						</control>			
						<control type="group">
							<include>LiveTV_InfoLabels</include>
							<visible>Control.IsVisible(13)</visible>
							<control type="list" id="13">
								<left>35</left>
								<top>270</top>
								<width>1190</width>
								<height>350</height>
								<onleft>32</onleft>
								<onright>60</onright>
								<onup>13</onup>
								<ondown>13</ondown>
								<preloaditems>2</preloaditems>
								<viewtype label="19029">list</viewtype>
								<pagecontrol>60</pagecontrol>
								<scrolltime tween="cubic" easing="out">300</scrolltime>
								<itemlayout height="50">
									<control type="group">
										<control type="image">
											<description>ChannelNumber Sep</description>
											<left>10</left>
											<top>0</top>
											<width>60</width>
											<height>45</height>
											<texture>windows/pvr/seperator.png</texture>
											<include>VisibleFadeEffect2</include>
										</control>
										<control type="image">
											<description>Title Sep</description>
											<left>74</left>
											<top>0</top>
											<width>392</width>
											<height>45</height>
											<texture>windows/pvr/seperator.png</texture>
											<include>VisibleFadeEffect2</include>
										</control>
										<control type="image">
											<description>Date Sep</description>
											<left>470</left>
											<top>0</top>
											<width>202</width>
											<height>45</height>
											<texture>windows/pvr/seperator.png</texture>
											<include>VisibleFadeEffect2</include>
										</control>
										<control type="image">
											<description>Time Sep</description>
											<left>676</left>
											<top>0</top>
											<width>202</width>
											<height>45</height>
											<texture>windows/pvr/seperator.png</texture>
											<include>VisibleFadeEffect2</include>
										</control>
										<control type="image">
											<left>427</left>
											<top>8</top>
											<width>32</width>
											<height>32</height>
											<aspectratio>keep</aspectratio>
											<colordiffuse>77ffffff</colordiffuse>
											<texture>windows/pvr/timer.png</texture>
											<visible>ListItem.HasTimer + !ListItem.IsRecording</visible>
										</control>
										<control type="label">
											<left>10</left>
											<top>0</top>
											<width>60</width>
											<height>45</height>
											<font>FontSize_22</font>
											<textcolor>77white</textcolor>
											<shadowcolor>99000000</shadowcolor>
											<selectedcolor>selected</selectedcolor>
											<align>center</align>
											<aligny>center</aligny>
											<label fallback="..">$INFO[ListItem.ChannelNumber]</label>
										</control>
										<control type="label">
											<left>87</left>
											<top>0</top>
											<width>320</width>
											<height>45</height>
											<font>FontSize_20</font>
											<textcolor>77white</textcolor>
											<shadowcolor>99000000</shadowcolor>
											<selectedcolor>selected</selectedcolor>
											<align>left</align>
											<aligny>center</aligny>
											<label>$INFO[ListItem.Label]</label>
										</control>
										<control type="label">
											<left>470</left>
											<top>0</top>
											<width>200</width>
											<height>45</height>
											<font>FontSize_20</font>
											<textcolor>77white</textcolor>
											<shadowcolor>99000000</shadowcolor>
											<selectedcolor>selected</selectedcolor>
											<align>center</align>
											<aligny>center</aligny>
											<label>$INFO[ListItem.StartDate]</label>
										</control>
										<control type="label">
											<left>680</left>
											<top>0</top>
											<width>195</width>
											<height>45</height>
											<font>FontSize_20</font>
											<textcolor>77white</textcolor>
											<shadowcolor>99000000</shadowcolor>
											<selectedcolor>selected</selectedcolor>
											<align>center</align>
											<aligny>center</aligny>
											<label>$INFO[ListItem.StartTime]$INFO[ListItem.EndTime, - ]</label>
										</control>
										<control type="group">
											<left>413</left>
											<visible>ListItem.IsRecording</visible>
											<control type="label">
												<width>100</width>
												<height>50</height>
												<font>FontSize_12B</font>
												<textcolor>77white</textcolor>
												<shadowcolor>99000000</shadowcolor>
												<selectedcolor>selected</selectedcolor>
												<align>left</align>
												<aligny>center</aligny>
												<label>31035</label>
											</control>
											<control type="image">
												<left>21</left>
												<top>9</top>
												<width>32</width>
												<height>32</height>
												<aspectratio>keep</aspectratio>
												<texture>windows/pvr/rec.png</texture>
											</control>
										</control>
										<control type="image">
											<left>10</left>
											<top>0</top>
											<width>868</width>
											<height>45</height>
											<texture>windows/pvr/selected.png</texture>
											<visible>ListItem.IsSelected | ListItem.IsPlaying</visible>
										</control>
									</control>
								</itemlayout>
								<focusedlayout height="50">
									<control type="group">
										<include>PVRListFocusAnimation</include>
										<control type="image">
											<description>ChannelNumber Sep</description>
											<left>10</left>
											<top>0</top>
											<width>60</width>
											<height>45</height>
											<texture>windows/pvr/focus.png</texture>
											<include>VisibleFadeEffect2</include>
										</control>
										<control type="image">
											<description>Title Sep</description>
											<left>74</left>
											<top>0</top>
											<width>392</width>
											<height>45</height>
											<texture>windows/pvr/focus.png</texture>
											<include>VisibleFadeEffect2</include>
										</control>
										<control type="image">
											<description>Date Sep</description>
											<left>470</left>
											<top>0</top>
											<width>202</width>
											<height>45</height>
											<texture>windows/pvr/focus.png</texture>
											<include>VisibleFadeEffect2</include>
										</control>
										<control type="image">
											<description>Time Sep</description>
											<left>676</left>
											<top>0</top>
											<width>202</width>
											<height>45</height>
											<texture>windows/pvr/focus.png</texture>
											<include>VisibleFadeEffect2</include>
										</control>
										<control type="image">
											<left>427</left>
											<top>8</top>
											<width>32</width>
											<height>32</height>
											<aspectratio>keep</aspectratio>
											<colordiffuse>ccffffff</colordiffuse>
											<texture>windows/pvr/timer.png</texture>
											<visible>ListItem.HasTimer + !ListItem.IsRecording</visible>
										</control>
										<control type="label">
											<left>10</left>
											<top>0</top>
											<width>60</width>
											<height>45</height>
											<font>FontSize_22</font>
											<textcolor>white</textcolor>
											<shadowcolor>99000000</shadowcolor>
											<selectedcolor>selected</selectedcolor>
											<align>center</align>
											<aligny>center</aligny>
											<label fallback="..">$INFO[ListItem.ChannelNumber]</label>
										</control>
										<control type="label">
											<left>87</left>
											<top>0</top>
											<width>320</width>
											<height>45</height>
											<font>FontSize_20</font>
											<textcolor>white</textcolor>
											<shadowcolor>99000000</shadowcolor>
											<selectedcolor>selected</selectedcolor>
											<align>left</align>
											<aligny>center</aligny>
											<label>$INFO[ListItem.Label]</label>
										</control>
										<control type="label">
											<left>470</left>
											<top>0</top>
											<width>200</width>
											<height>45</height>
											<font>FontSize_20</font>
											<textcolor>white</textcolor>
											<shadowcolor>99000000</shadowcolor>
											<selectedcolor>selected</selectedcolor>
											<align>center</align>
											<aligny>center</aligny>
											<label>$INFO[ListItem.StartDate]</label>
										</control>
										<control type="label">
											<left>680</left>
											<top>0</top>
											<width>195</width>
											<height>45</height>
											<font>FontSize_20</font>
											<textcolor>white</textcolor>
											<shadowcolor>99000000</shadowcolor>
											<selectedcolor>selected</selectedcolor>
											<align>center</align>
											<aligny>center</aligny>
											<label>$INFO[ListItem.StartTime]$INFO[ListItem.EndTime, - ]</label>
										</control>
										<control type="group">
											<left>413</left>
											<visible>ListItem.IsRecording</visible>
											<control type="label">
												<width>100</width>
												<height>50</height>
												<font>FontSize_12B</font>
												<textcolor>white</textcolor>
												<shadowcolor>99000000</shadowcolor>
												<selectedcolor>selected</selectedcolor>
												<align>left</align>
												<aligny>center</aligny>
												<label>31035</label>
											</control>
											<control type="image">
												<left>21</left>
												<top>9</top>
												<width>32</width>
												<height>32</height>
												<aspectratio>keep</aspectratio>
												<texture>windows/pvr/rec.png</texture>
											</control>
										</control>
										<control type="image">
											<left>10</left>
											<top>0</top>
											<width>868</width>
											<height>45</height>
											<texture>windows/pvr/selected.png</texture>
											<visible>ListItem.IsSelected | ListItem.IsPlaying</visible>
										</control>
									</control>
								</focusedlayout>
							</control>

							<control type="scrollbar" id="60">
								<left>914</left>
								<top>269</top>
								<width>2</width>
								<height>347</height>
								<texturesliderbackground>-</texturesliderbackground>
								<texturesliderbar border="0,14,0,14">views/scrollbar/scrollbar_pvr.png</texturesliderbar>
								<texturesliderbarfocus border="0,14,0,14">views/scrollbar/scrollbar_pvr.png</texturesliderbarfocus>
								<textureslidernib>-</textureslidernib>
								<textureslidernibfocus>-</textureslidernibfocus>
								<onleft>13</onleft>
								<onright>13</onright>
								<showonepage>false</showonepage>
								<orientation>vertical</orientation>
								<animation effect="fade" start="100" end="0" time="250" condition="!Control.HasFocus(60)">Conditional</animation>
								<visible>Control.IsVisible(13)</visible>
							</control>
						</control>
					</control>

				</control>
			</include>


		</includes>