﻿<?xml version="1.0" encoding="UTF-8" standalone="yes"?>
<addon id="script.bellofredo.extrapack" name="BelloFredoExtrapack" version="1.1.0" provider-name="sualfred">
	<requires>
		<import addon="xbmc.python" version="2.13.0"/>
		<import addon="xbmc.addon" version="12.9.10"/>
	</requires>
	<extension point="xbmc.python.script" library="default.py">
		<provides>executable</provides>
	</extension>
	<extension point="xbmc.addon.metadata">
		<language/>
		<summary lang="en">BelloFredo Extrapack</summary>
		<description lang="en">Downloads extras for BelloFredo. Based on the original script of AeonMQ.</description>
		<platform>all</platform>
	</extension>
</addon>
