<?xml version="1.0" encoding="UTF-8"?>
<window  id="3000">
	<defaultcontrol always="true">9000</defaultcontrol>
	<allowoverlay>no</allowoverlay>
	<controls>
		<control type="list" id="50">
			<description>container actor properties</description>
			<posx>0</posx>
			<posy>0</posy>
			<width>1</width>
			<height>1</height>
			<onleft>9000</onleft>
			<onright>9000</onright>
			<onup>9000</onup>
			<ondown>9000</ondown>
			<viewtype label="Actor">list</viewtype>
			<pagecontrol>-</pagecontrol>
			<itemlayout height="1" width="1" />
			<focusedlayout height="1" width="1" />
		</control>


		<control type="group">
			<visible>![Window.IsActive(progressdialog) | Window.IsActive(okdialog) | Window.IsActive(yesnodialog) | Window.IsActive(FileBrowser) | Window.IsActive(SelectDialog) | Window.IsActive(DialogSelect.xml) | [Window.IsVisible(DialogSelect.xml) + StringCompare(Window.Property(actorsselect),1)]]</visible>
	    <include>DialogAnimation</include>

			<control type="group">
				<posx>45</posx>
				<posy>140</posy>
				<control type="image">
					<posx>0</posx>
					<posy>0</posy>
					<width>308</width>
					<height>453</height>
					<aspectratio align="center" aligny="center" scalediffuse="false">scale</aspectratio>
					<texture background="true" fallback="thumbs/fallback_poster_big.png" diffuse="thumbs/poster_diffuse_big.png">$INFO[ListItem.Icon]</texture>
				</control>
				<control type="image">
					<posx>-11</posx>
					<posy>-11</posy>
					<width>330</width>
					<height>475</height>
					<aspectratio align="center" aligny="center">stretch</aspectratio>
				  <texture background="true">thumbs/poster_overlay_big.png</texture>
				</control>
				<control type="label">
					<description>Title</description>
					<posx>330</posx>
					<posy>0</posy>
					<width>870</width>
					<height>45</height>
					<font>FontSize_40</font>
					<label>$INFO[Listitem.Title]</label>
					<align>left</align>
					<aligny>center</aligny>
					<textcolor>white</textcolor>
					<shadowcolor>99000000</shadowcolor>
				</control>
				<!-- AlsoKnownAs label -->
				<control type="grouplist">
					<posx>333</posx>
					<posy>40</posy>
					<width>775</width>
	        <height>30</height>
				  <orientation>horizontal</orientation>
					<visible>!IsEmpty(ListItem.Property(AlsoKnownAs))</visible>
					<control type="label">
						<textcolor>white</textcolor>
						<shadowcolor>99000000</shadowcolor>
						<font>FontSize_22</font>
						<width min="10" max="595">auto</width>
						<label>$ADDON[script.metadata.actors 32016]:</label>
					</control>
					<control type="label">
						<textcolor>99white</textcolor>
						<shadowcolor>99000000</shadowcolor>
						<font>FontSize_22</font>
						<width min="10" max="595">auto</width>
						<height>30</height>
						<label>$INFO[ListItem.Property(AlsoKnownAs)]</label>
					</control>
				</control>
				<!-- Birthday label -->
				<control type="grouplist">
					<posx>333</posx>
					<posy>80</posy>
					<width>775</width>
	        <height>30</height>
				  <orientation>horizontal</orientation>
					<control type="label">
						<textcolor>white</textcolor>
						<shadowcolor>99000000</shadowcolor>
						<font>FontSize_22</font>
						<width min="10" max="595">auto</width>
						<label>$ADDON[script.metadata.actors 32012]:</label>
					</control>
					<control type="label">
						<textcolor>99white</textcolor>
						<shadowcolor>99000000</shadowcolor>
						<font>FontSize_22</font>
						<width min="10" max="595">auto</width>
						<height>30</height>
						<label fallback="195">$INFO[ListItem.Property(Birthday)]$INFO[ListItem.Property(AgeLong), (,)]</label>
					</control>
				</control>
				<!-- PlaceOfBirth label -->
				<control type="grouplist">
					<posx>333</posx>
					<posy>105</posy>
					<width>775</width>
	        <height>30</height>
				  <orientation>horizontal</orientation>
					<control type="label">
						<textcolor>white</textcolor>
						<shadowcolor>99000000</shadowcolor>
						<font>FontSize_22</font>
						<width min="10" max="595">auto</width>
						<label>$ADDON[script.metadata.actors 32014]:</label>
					</control>
					<control type="label">
						<textcolor>99white</textcolor>
						<shadowcolor>99000000</shadowcolor>
						<font>FontSize_22</font>
						<width min="10" max="595">auto</width>
						<height>30</height>
						<label fallback="195">$INFO[ListItem.Property(PlaceOfBirth)]</label>
					</control>
				</control>
				<!-- Deathday label -->
				<control type="grouplist">
					<posx>333</posx>
					<posy>130</posy>
					<width>775</width>
	        <height>30</height>
				  <orientation>horizontal</orientation>
					<visible>!IsEmpty(ListItem.Property(Deathday))</visible>
					<control type="label">
						<textcolor>white</textcolor>
						<shadowcolor>99000000</shadowcolor>
						<font>FontSize_22</font>
						<width min="10" max="595">auto</width>
						<label>$ADDON[script.metadata.actors 32013]:</label>
					</control>
					<control type="label">
						<textcolor>99white</textcolor>
						<shadowcolor>99000000</shadowcolor>
						<font>FontSize_22</font>
						<width min="10" max="595">auto</width>
						<height>30</height>
						<label>$INFO[ListItem.Property(Deathday)]$INFO[ListItem.Property(DeathageLong), (,)]</label>
					</control>
				</control>
				<!-- Known Movies label -->
				<control type="grouplist">
					<posx>333</posx>
					<posy>155</posy>
					<width>775</width>
	        <height>30</height>
				  <orientation>horizontal</orientation>
		      <animation effect="slide" start="0,0" end="0,-25" time="0" condition="IsEmpty(ListItem.Property(Deathday))">Conditional</animation>
					<control type="label">
						<textcolor>white</textcolor>
						<shadowcolor>99000000</shadowcolor>
						<font>FontSize_22</font>
						<width min="10" max="595">auto</width>
						<label>$ADDON[script.metadata.actors 32011]:</label>
					</control>
					<control type="label">
						<textcolor>99white</textcolor>
						<shadowcolor>99000000</shadowcolor>
						<font>FontSize_22</font>
						<width min="10" max="595">auto</width>
						<height>30</height>
						<label fallback="195">$INFO[ListItem.Property(TotalMovies)]</label>
					</control>
				</control>
				<control type="textbox" id="400">
					<description>Description Value</description>
					<posx>330</posx>
					<posy>200</posy>
					<width>840</width>
					<height>245</height>
					<font>FontSize_22</font>
					<align>justify</align>
					<textcolor>99white</textcolor>
					<shadowcolor>99000000</shadowcolor>
					<label>$INFO[ListItem.Property(Biography)]</label>
					<autoscroll time="3000" delay="5000" repeat="5000">Skin.HasSetting(AutoScroll)</autoscroll>
					<visible>!Control.IsVisible(150)</visible>
				</control>
			</control>

		  <!-- Known Movies List -->
		 <control type="group">
			<posx>366</posx>
			<posy>385</posy>
			<animation effect="slide" start="0,0" end="0,-40" time="150" condition="Control.HasFocus(150)">Conditional</animation>
			<control type="fixedlist" id="150">
				<description>Known Movies</description>
				<posx>0</posx>
				<posy>0</posy>
				<width>860</width>
				<height>250</height>
				<orientation>horizontal</orientation>
			  <scrolltime tween="cubic" easing="out">350</scrolltime>
				<onleft>150</onleft>
				<onright>150</onright>
				<onup>9000</onup>
				<ondown>Action(select)</ondown>
			  <visible>StringCompare(Window.Property(showmovies),1)</visible>
				<itemlayout width="143" height="250">
					<control type="group">
						<animation reversible="true" effect="slide" end="32,0" time="150" condition="Control.HasFocus(150)">Conditional</animation>
						<control type="image">
							<posx>10</posx>
							<posy>10</posy>
							<width>128</width>
							<height>185</height>
							<aspectratio align="center" aligny="center" scalediffuse="false">stretch</aspectratio>
							<texture background="true" diffuse="thumbs/poster_diffuse.png">thumbs/thumb_back.png</texture>
						</control>
						<control type="image">
							<posx>10</posx>
							<posy>10</posy>
							<width>128</width>
							<height>185</height>
							<aspectratio align="center" aligny="top" scalediffuse="false">stretch</aspectratio>
							<texture background="true" fallback="thumbs/fallback_poster.png" diffuse="thumbs/poster_diffuse.png">$INFO[ListItem.Icon]</texture>
						</control>
						<control type="image">
							<posx>10</posx>
							<posy>10</posy>
							<width>128</width>
							<height>185</height>
							<aspectratio align="center" aligny="center" scalediffuse="false">stretch</aspectratio>
							<texture background="true" diffuse="thumbs/poster_diffuse.png">overlays/in_library.png</texture>
						<visible>!IsEmpty(ListItem.Property(LibraryHasMovie))</visible>
						</control>
						<control type="image">
							<posx>3</posx>
							<posy>3</posy>
							<width>142</width>
							<height>199</height>
							<aspectratio align="center" aligny="center" scalediffuse="false">stretch</aspectratio>
							<texture background="true" diffuse="thumbs/poster_diffuse.png">thumbs/poster_overlay_noglass.png</texture>
						</control>
					</control>
				</itemlayout>
				<focusedlayout width="143" height="250">
					<control type="group">
						<animation reversible="true" effect="zoom" start="100" end="125" center="10,10" time="150" condition="Control.HasFocus(150)">Conditional</animation>
						<control type="image">
							<posx>10</posx>
							<posy>10</posy>
							<width>128</width>
							<height>185</height>
						  <aspectratio align="center" aligny="center" scalediffuse="false">stretch</aspectratio>
						  <texture background="true" diffuse="thumbs/poster_diffuse.png">thumbs/thumb_back.png</texture>
						</control>
						<control type="image">
							<posx>10</posx>
							<posy>10</posy>
							<width>128</width>
							<height>185</height>
							<aspectratio align="center" aligny="top" scalediffuse="false">stretch</aspectratio>
						  <texture background="true" fallback="thumbs/fallback_poster.png" diffuse="thumbs/poster_diffuse.png">$INFO[ListItem.Icon]</texture>
						</control>
						<control type="image">
							<posx>10</posx>
							<posy>10</posy>
							<width>128</width>
							<height>185</height>
							<aspectratio align="center" aligny="center" scalediffuse="false">stretch</aspectratio>
							<texture background="true" diffuse="thumbs/poster_diffuse.png">overlays/in_library.png</texture>
					    <visible>!IsEmpty(ListItem.Property(LibraryHasMovie))</visible>
						</control>
						<control type="image">
							<posx>3</posx>
							<posy>3</posy>
							<width>142</width>
							<height>199</height>
							<aspectratio align="center" aligny="center" scalediffuse="false">stretch</aspectratio>
							<texture background="true" diffuse="thumbs/poster_diffuse.png">thumbs/poster_overlay_noglass.png</texture>
						</control>
					</control>
				  <control type="label">
						<posx>180</posx>
						<posy>195</posy>
						<width>670</width>
						<height>40</height>
						<font>FontSize_22</font>
						<align>left</align>
						<aligny>center</aligny>
				    <textcolor>white</textcolor>
						<shadowcolor>99000000</shadowcolor>
		        <selectedcolor>white</selectedcolor>
						<label>$INFO[ListItem.Label]$INFO[ListItem.Property(role), $LOCALIZE[20347] ]$INFO[Listitem.Year, (,) ]</label>
						<visible>Control.HasFocus(150) | Window.IsActive(script-Actors-ContextMenu.xml)</visible>
						<animation effect="fade" start="0" end="100" time="200" condition="Control.HasFocus(150) | Window.IsActive(script-Actors-ContextMenu.xml)">Conditional</animation>
						<animation reversible="false" effect="fade" start="0" end="100" time="400">Focus</animation>
						<animation reversible="false" effect="fade" start="100" end="0" time="0">Unfocus</animation>
				  </control>
				</focusedlayout>
			</control>
	   </control>
		</control>
		
		
    <!-- ================== -->
    <!-- Top Buttons Labels -->
    <!-- ================== -->    
	  <control type="group">
			<posx>45</posx>
			<posy>25</posy>
	    <animation type="WindowOpen" reversible="false">
        <effect type="fade" start="0" end="100" time="300" tween="sine" easing="in"  />
        <effect type="slide" start="0,-55" end="0,0" time="350" tween="cubic" easing="out" />
	    </animation>
	    <animation type="WindowClose" condition="!Window.IsActive(shutdownmenu)" reversible="false">
        <effect type="fade" start="100" end="0" time="300" tween="sine" easing="out" />
        <effect type="slide" start="0,0" end="0,-55" time="350" tween="sine" easing="out" />
	    </animation>
	    <animation type="WindowClose" condition="Window.IsActive(shutdownmenu)" reversible="false">
        <effect type="fade" start="100" end="0" time="300" tween="sine" easing="out" />
        <effect type="slide" start="0,0" end="0,55" time="350" tween="sine" easing="out" />
	    </animation>
	    <animation type="Visible" reversible="false">
        <effect type="fade" start="0" end="100" time="300" tween="sine" easing="in"  />
        <effect type="slide" start="0,55" end="0,0" time="350" tween="cubic" easing="out" />
	    </animation>
	    <animation type="Hidden" reversible="false">
        <effect type="fade" start="100" end="0" time="300" tween="sine" easing="out" />
        <effect type="slide" start="0,0" end="0,55" time="350" tween="sine" easing="out" />
	    </animation>
      <!-- Buttons -->
			<control type="grouplist" id="9000">
				<posx>0</posx>
				<posy>0</posy>
				<width>0</width>
				<height>0</height>
				<itemgap>0</itemgap>
				<align>left</align>
				<orientation>horizontal</orientation>
				<onleft>9000</onleft>
				<onright>9000</onright>
				<ondown>150</ondown>
				<control type="button" id="8">
					<description>Browse</description>
          <onclick>PreviousMenu</onclick>
				  <include>TopButton</include>
					<label>1024</label>
				</control>
				<control type="togglebutton" id="105">
					<description>Filmography/Biography</description>
					<label>$ADDON[script.metadata.actors 32010]</label>
					<altlabel>21887</altlabel>
					<alttexturefocus>-</alttexturefocus>
					<alttexturenofocus>-</alttexturenofocus>
					<usealttexture>StringCompare(Window.Property(showmovies),1)</usealttexture>
					<altclick>ClearProperty(showmovies)</altclick>
					<onclick>SetProperty(showmovies,1)</onclick>
				  <include>TopButton</include>
				</control>
        <control type="button" id="22">
          <label>31254</label>
          <onclick>SetProperty(script.metadata.actors.path,$INFO[ListItem.Label],home)</onclick>
          <onclick condition="Window.IsActive(movieinformation)">Dialog.Close(movieinformation)</onclick>
          <onclick>PreviousMenu</onclick>
          <onclick>AlarmClock(ActorsPlay,ActivateWindow(videos,plugin://plugin.video.youtube/kodion/search/query/?q=$INFO[ListItem.Label],return),00:00,silent)</onclick>
          <onclick>AlarmClock(ActorsClear,ClearProperty(script.metadata.actors.path,home),00:01,silent)</onclick>
				  <include>TopButton</include>
        </control>
				<control type="button" id="6">
					<description>Refresh</description>
					<label>184</label>
				  <include>TopButton</include>
				</control>
			</control>
      <!-- Labels -->
			<control type="grouplist">
	      <animation type="Visible" reversible="false">
          <effect type="fade" start="0" end="100" time="300" tween="sine" easing="out"  />
          <effect type="slide" start="0,35" end="0,0" time="350" tween="sine" easing="out" />
	      </animation>
	      <animation type="Hidden" reversible="false">
          <effect type="fade" start="100" end="0" time="300" tween="sine" easing="out" />
          <effect type="slide" start="0,0" end="0,35" time="350" tween="sine" easing="out" />
	      </animation>
				<posx>0</posx>
				<posy>0</posy>
				<height>70</height>
				<width>1190</width>
				<itemgap>15</itemgap>
				<align>left</align>
				<orientation>horizontal</orientation>
				<control type="label">
				  <include>TopBigLabel</include>
				  <label>$LOCALIZE[31163]:</label>
				</control>
				<control type="label">
					<description>Browse</description>
				  <include>TopSmallLabel</include>
          <label>$INFO[Control.GetLabel(8)]</label>
					<animation effect="fade" start="100" end="60" time="200" tween="cubic" easing="inout" condition="!Control.IsEnabled(8)" reversible="true">Conditional</animation>
					<animation effect="fade" start="100" end="70" time="200" tween="cubic" easing="inout" condition="!Control.HasFocus(8)" reversible="true">Conditional</animation>
          <animation effect="zoom" start="100" end="90" time="200" tween="cubic" easing="inout" center="auto" condition="!Control.HasFocus(8)" reversible="true">Conditional</animation>
				</control>
				<control type="label">
					<description>Cast/Plot</description>
				  <include>TopSmallLabel</include>
          <label>$INFO[Control.GetLabel(105)]</label>
					<animation effect="fade" start="100" end="60" time="200" tween="cubic" easing="inout" condition="!Control.IsEnabled(105)" reversible="true">Conditional</animation>
					<animation effect="fade" start="100" end="70" time="200" tween="cubic" easing="inout" condition="!Control.HasFocus(105)" reversible="true">Conditional</animation>
          <animation effect="zoom"  start="100" end="90" time="200" tween="cubic" easing="inout" center="auto" condition="!Control.HasFocus(105)" reversible="true">Conditional</animation>
				</control>
				<control type="label">
					<description>Search on YouTube</description>
				  <include>TopSmallLabel</include>
          <label>$INFO[Control.GetLabel(22)]</label>
					<animation effect="fade" start="100" end="60" time="200" tween="cubic" easing="inout" condition="!Control.IsEnabled(22)" reversible="true">Conditional</animation>
					<animation effect="fade" start="100" end="70" time="200" tween="cubic" easing="inout" condition="!Control.HasFocus(22)" reversible="true">Conditional</animation>
          <animation effect="zoom"  start="100" end="90" time="200" tween="cubic" easing="inout" center="auto" condition="!Control.HasFocus(22)" reversible="true">Conditional</animation>
				</control>
				<control type="label">
					<description>Refresh</description>
				  <include>TopSmallLabel</include>
          <label>$INFO[Control.GetLabel(6)]</label>
					<animation effect="fade" start="100" end="60" time="200" tween="cubic" easing="inout" condition="!Control.IsEnabled(6)" reversible="true">Conditional</animation>
					<animation effect="fade" start="100" end="70" time="200" tween="cubic" easing="inout" condition="!Control.HasFocus(6)" reversible="true">Conditional</animation>
          <animation effect="zoom"  start="100" end="90" time="200" tween="cubic" easing="inout" center="auto" condition="!Control.HasFocus(6)" reversible="true">Conditional</animation>
				</control>
			</control>
		</control>

    <!-- ================ -->
    <!-- Top Content Info -->
    <!-- ================ -->
		<control type="group">
			<posx>47</posx>
			<posy>70</posy>
	    <animation type="WindowOpen" reversible="false">
        <effect type="fade" start="0" end="100" time="300" tween="sine" easing="in"  />
        <effect type="slide" start="0,-55" end="0,0" time="350" tween="cubic" easing="out" />
	    </animation>
	    <animation type="WindowClose" condition="!Window.IsActive(shutdownmenu)" reversible="false">
        <effect type="fade" start="100" end="0" time="300" tween="sine" easing="out" />
        <effect type="slide" start="0,0" end="0,-55" time="350" tween="sine" easing="out" />
	    </animation>
	    <animation type="WindowClose" condition="Window.IsActive(shutdownmenu)" reversible="false">
        <effect type="fade" start="100" end="0" time="300" tween="sine" easing="out" />
        <effect type="slide" start="0,0" end="0,55" time="350" tween="sine" easing="out" />
	    </animation>
	    <animation type="Visible" reversible="false">
        <effect type="fade" start="0" end="100" time="300" tween="sine" easing="in"  />
        <effect type="slide" start="0,55" end="0,0" time="350" tween="cubic" easing="out" />
	    </animation>
	    <animation type="Hidden" reversible="false">
        <effect type="fade" start="100" end="0" time="300" tween="sine" easing="out" />
        <effect type="slide" start="0,0" end="0,55" time="350" tween="sine" easing="out" />
	    </animation>
			<control type="label">
				<width>300</width>
				<height>20</height>
				<font>FontSize_18</font>
				<textcolor>blue</textcolor>
				<scroll>false</scroll>
				<align>left</align>
				<aligny>center</aligny>
				<label>$VAR[MetadataActorsInfoContentInfoLabels]</label>
			</control>
		</control>


    <!-- Hidden Buttons -->
		<control type="button" id="10">
			<description>Get Thumb</description>
		  <visible>false</visible>
		</control>
		<control type="button" id="20">
			<description>Get Fanart</description>
		  <visible>false</visible>
		</control>
		<control type="button" id="11">
			<description>edit (require tmdb account)</description>
		  <visible>false</visible>
		</control>
		<control type="button" id="25">
			<description>addon settings</description>
		  <visible>false</visible>
		</control>
		<control type="wraplist" id="250">
			<description>thumbs list of actor</description>
			<visible>false</visible>
		</control>
		
	</controls>
</window>
