<?xml version="1.0" encoding="UTF-8"?>
<window  id="3000">
	<defaultcontrol always="true">9000</defaultcontrol>
	<allowoverlay>no</allowoverlay>
	<includes>
		<include name="hiddenlist">
			<description>container</description>
				<posx>0</posx>
				<posy>0</posy>
				<width>1</width>
				<height>1</height>
				<onleft>9000</onleft>
				<onright>9000</onright>
				<onup>9000</onup>
				<ondown>9000</ondown>
				<viewtype label="Actor">list</viewtype>
				<pagecontrol>-</pagecontrol>
				<itemlayout height="1" width="1" />
				<focusedlayout height="1" width="1" />
		</include>
	</includes>
	<controls>
		<control type="group">
		<description>addon required lists</description>
			<visible>false</visible>	
			<control type="list" id="550">
				<include>hiddenlist</include>
			</control>	
			<control type="list" id="650">
				<include>hiddenlist</include>
			</control>	
		</control>

		<control type="image">
			<description>background</description>
			<include>FullscreenDimensions</include>
			<texture background="true">special://skin/extras/backgrounds/SKINDEFAULT.jpg</texture>
			<include>BackgroundFade</include>	
		</control>
		<control type="image">
			<description>background</description>
			<include>FullscreenDimensions</include>
			<texture background="true">$INFO[Container(750).ListItem.Property(Original)]</texture>
			<include>BackgroundFade</include>
			<fadetime>FanartCrossfadeTime</fadetime>
			<visible>!IsEmpty(Container(750).ListItem.Property(Original))</visible>
		</control>
		<control type="image">
			<include>FullscreenDimensions</include>
			<texture background="true">windows/bg/bg_diffuse.png</texture>
			<include>BackgroundFade</include>		
		</control>
		<control type="image">
			<description>background</description>
			<include>FullscreenDimensions</include>
			<texture background="true">windows/bg/bg_vignette.png</texture>
			<include>BackgroundFade</include>			
		</control>



		<control type="group">
			<visible>![Window.IsActive(playercontrols) | Window.IsActive(progressdialog) | Window.IsActive(shutdownmenu) | Window.IsActive(okdialog) | Window.IsActive(yesnodialog) | Window.IsActive(FileBrowser) | Window.IsActive(SelectDialog)]</visible>


			<include>DialogAnimation</include>

			<control type="group">
				<posx>45</posx>
				<posy>140</posy>
				<control type="image">
					<posx>0</posx>
					<posy>0</posy>
					<width>308</width>
					<height>453</height>
					<aspectratio align="center" aligny="center" scalediffuse="false">scale</aspectratio>
					<texture background="true" fallback="thumbs/fallback_poster_big.png" diffuse="thumbs/poster_diffuse_big.png">$INFO[Window.Property(actor.thumb)]</texture>
				</control>
				<control type="image">
					<posx>-11</posx>
					<posy>-11</posy>
					<width>330</width>
					<height>475</height>
					<aspectratio align="center" aligny="center">stretch</aspectratio>
					<texture background="true">thumbs/poster_overlay_big.png</texture>
				</control>
				<control type="label">
					<description>Title</description>
					<posx>330</posx>
					<posy>0</posy>
					<width>870</width>
					<height>45</height>
					<font>FontSize_40</font>
					<label>$INFO[Window.Property(actor.title)]</label>
					<align>left</align>
					<aligny>center</aligny>
					<textcolor>white</textcolor>
					<shadowcolor>99000000</shadowcolor>
				</control>
				<!-- AlsoKnownAs label -->
				<control type="grouplist">
					<posx>333</posx>
					<posy>40</posy>
					<width>775</width>
					<height>30</height>
					<orientation>horizontal</orientation>
					<visible>!IsEmpty(Window.Property(actor.AlsoKnownAs))</visible>
					<control type="label">
						<textcolor>white</textcolor>
						<shadowcolor>99000000</shadowcolor>
						<font>FontSize_22</font>
						<width min="10" max="595">auto</width>
						<label>$ADDON[script.extendedinfo 32016]:</label>
					</control>
					<control type="label">
						<textcolor>99white</textcolor>
						<shadowcolor>99000000</shadowcolor>
						<font>FontSize_22</font>
						<width min="10" max="595">auto</width>
						<height>30</height>
						<label>$INFO[Window.Property(actor.AlsoKnownAs)]</label>
					</control>
				</control>

				<!-- Birthday label -->
				<control type="grouplist">
					<posx>333</posx>
					<posy>80</posy>
					<width>775</width>
					<height>30</height>
					<orientation>horizontal</orientation>
					<control type="label">
						<textcolor>white</textcolor>
						<shadowcolor>99000000</shadowcolor>
						<font>FontSize_22</font>
						<width min="10" max="595">auto</width>
						<label>$ADDON[script.extendedinfo 32012]:</label>
					</control>
					<control type="label">
						<textcolor>99white</textcolor>
						<shadowcolor>99000000</shadowcolor>
						<font>FontSize_22</font>
						<width min="10" max="595">auto</width>
						<height>30</height>
						<label fallback="195">$INFO[Window.Property(actor.Birthday)] $INFO[Window.Property(actor.Age), (,)]</label>
					</control>
				</control>
				<!-- PlaceOfBirth label -->
				<control type="grouplist">
					<posx>333</posx>
					<posy>105</posy>
					<width>775</width>
					<height>30</height>
					<orientation>horizontal</orientation>
					<control type="label">
						<textcolor>white</textcolor>
						<shadowcolor>99000000</shadowcolor>
						<font>FontSize_22</font>
						<width min="10" max="595">auto</width>
						<label>$ADDON[script.extendedinfo 32014]:</label>
					</control>
					<control type="label">
						<textcolor>99white</textcolor>
						<shadowcolor>99000000</shadowcolor>
						<font>FontSize_22</font>
						<width min="10" max="595">auto</width>
						<height>30</height>
						<label fallback="195">$INFO[Window.Property(actor.PlaceOfBirth)]</label>
					</control>
				</control>
				<!-- Deathday label -->
				<control type="grouplist">
					<posx>333</posx>
					<posy>130</posy>
					<width>775</width>
					<height>30</height>
					<orientation>horizontal</orientation>
					<visible>!IsEmpty(Window.Property(actor.Deathday))</visible>
					<control type="label">
						<textcolor>white</textcolor>
						<shadowcolor>99000000</shadowcolor>
						<font>FontSize_22</font>
						<width min="10" max="595">auto</width>
						<label>$ADDON[script.extendedinfo 32013]:</label>
					</control>
					<control type="label">
						<textcolor>99white</textcolor>
						<shadowcolor>99000000</shadowcolor>
						<font>FontSize_22</font>
						<width min="10" max="595">auto</width>
						<height>30</height>
						<label>$INFO[Window.Property(actor.Deathday)]</label>
					</control>
				</control>
				<!-- Known Movies label -->
				<control type="grouplist">
					<posx>333</posx>
					<posy>155</posy>
					<width>775</width>
					<height>30</height>
					<orientation>horizontal</orientation>
					<animation effect="slide" start="0,0" end="0,-25" time="0" condition="IsEmpty(Window.Property(actor.Deathday))">Conditional</animation>
					<visible>!IsEmpty(Window.Property(actor.TotalMovies))</visible>
					<control type="label">
						<textcolor>white</textcolor>
						<shadowcolor>99000000</shadowcolor>
						<font>FontSize_22</font>
						<width min="10" max="595">auto</width>
						<label>$ADDON[script.extendedinfo 32011]:</label>
					</control>
					<control type="label">
						<textcolor>99white</textcolor>
						<shadowcolor>99000000</shadowcolor>
						<font>FontSize_22</font>
						<width min="10" max="595">auto</width>
						<height>30</height>
						<label fallback="195">$INFO[Window.Property(actor.TotalMovies)]</label>
					</control>
				</control>
				<control type="textbox" id="400">
					<description>Description Value</description>
					<posx>330</posx>
					<posy>200</posy>
					<width>840</width>
					<height>245</height>
					<font>FontSize_22</font>
					<align>justify</align>
					<textcolor>99white</textcolor>
					<shadowcolor>99000000</shadowcolor>
					<label>$INFO[Window.Property(actor.Biography)]</label>
					<autoscroll time="3000" delay="5000" repeat="5000">Skin.HasSetting(AutoScroll)</autoscroll>
					<visible>IsEmpty(Window.Property(switchcontent))</visible>
				</control>

			</control>

			<!-- switched view -->
			<control type="group">
				<posx>366</posx>
				<posy>400</posy>
				<animation effect="slide" start="0,0" end="0,-47" time="150" condition="Control.HasFocus(150) | Control.HasFocus(250) | Control.HasFocus(350) | Control.HasFocus(450) | Control.HasFocus(750)">Conditional</animation>

				<!-- movie list -->
				<control type="fixedlist" id="150">
					<description>Known Movies</description>
					<posx>0</posx>
					<posy>0</posy>
					<width>860</width>
					<height>250</height>
					<orientation>horizontal</orientation>
					<scrolltime tween="cubic" easing="out">350</scrolltime>
					<onleft>150</onleft>
					<onright>150</onright>
					<onup>9000</onup>
					<ondown>Action(select)</ondown>
					<visible>StringCompare(Window.Property(switchcontent),1)</visible>
					<itemlayout width="143" height="250">
						<control type="group">
							<animation reversible="true" effect="slide" end="32,0" time="150" condition="Control.HasFocus(150)">Conditional</animation>
							<control type="image">
								<posx>10</posx>
								<posy>10</posy>
								<width>128</width>
								<height>185</height>
								<aspectratio align="center" aligny="center" scalediffuse="false">stretch</aspectratio>
								<texture background="true" diffuse="thumbs/poster_diffuse.png">thumbs/thumb_back.png</texture>
							</control>
							<control type="image">
								<posx>10</posx>
								<posy>10</posy>
								<width>128</width>
								<height>185</height>
								<aspectratio align="center" aligny="top" scalediffuse="false">stretch</aspectratio>
								<texture background="true" fallback="thumbs/fallback_poster.png" diffuse="thumbs/poster_diffuse.png">$INFO[ListItem.Icon]</texture>
							</control>
							<control type="image">
								<posx>10</posx>
								<posy>10</posy>
								<width>128</width>
								<height>185</height>
								<aspectratio align="center" aligny="center" scalediffuse="false">stretch</aspectratio>
								<texture background="true" diffuse="thumbs/poster_diffuse.png">overlays/in_library.png</texture>
								<visible>!IsEmpty(ListItem.Property(LibraryHasMovie))</visible>
							</control>
							<control type="image">
								<posx>3</posx>
								<posy>3</posy>
								<width>142</width>
								<height>199</height>
								<aspectratio align="center" aligny="center" scalediffuse="false">stretch</aspectratio>
								<texture background="true" diffuse="thumbs/poster_diffuse.png">thumbs/poster_overlay_noglass.png</texture>
							</control>
						</control>
					</itemlayout>
					<focusedlayout width="143" height="250">
						<control type="group">
							<animation reversible="true" effect="zoom" start="100" end="125" center="10,10" time="150" condition="Control.HasFocus(150)">Conditional</animation>
							<control type="image">
								<posx>10</posx>
								<posy>10</posy>
								<width>128</width>
								<height>185</height>
								<aspectratio align="center" aligny="center" scalediffuse="false">stretch</aspectratio>
								<texture background="true" diffuse="thumbs/poster_diffuse.png">thumbs/thumb_back.png</texture>
							</control>
							<control type="image">
								<posx>10</posx>
								<posy>10</posy>
								<width>128</width>
								<height>185</height>
								<aspectratio align="center" aligny="top" scalediffuse="false">stretch</aspectratio>
								<texture background="true" fallback="thumbs/fallback_poster.png" diffuse="thumbs/poster_diffuse.png">$INFO[ListItem.Icon]</texture>
							</control>
							<control type="image">
								<posx>10</posx>
								<posy>10</posy>
								<width>128</width>
								<height>185</height>
								<aspectratio align="center" aligny="center" scalediffuse="false">stretch</aspectratio>
								<texture background="true" diffuse="thumbs/poster_diffuse.png">overlays/in_library.png</texture>
								<visible>!IsEmpty(ListItem.Property(LibraryHasMovie))</visible>
							</control>
							<control type="image">
								<posx>3</posx>
								<posy>3</posy>
								<width>142</width>
								<height>199</height>
								<aspectratio align="center" aligny="center" scalediffuse="false">stretch</aspectratio>
								<texture background="true" diffuse="thumbs/poster_diffuse.png">thumbs/poster_overlay_noglass.png</texture>
							</control>
						</control>
						<control type="label">
							<posx>185</posx>
							<posy>195</posy>
							<width>670</width>
							<height>40</height>
							<font>FontSize_22</font>
							<align>left</align>
							<aligny>center</aligny>
							<textcolor>white</textcolor>
							<shadowcolor>99000000</shadowcolor>
							<selectedcolor>white</selectedcolor>
							<label>$INFO[ListItem.Label]$INFO[ListItem.Property(Character), $LOCALIZE[20347] ]$INFO[Listitem.Year, (,) ]</label>
							<visible>Control.HasFocus(150)</visible>
							<animation effect="fade" start="0" end="100" time="200" condition="Control.HasFocus(150)">Conditional</animation>
							<animation reversible="false" effect="fade" start="0" end="100" time="400">Focus</animation>
							<animation reversible="false" effect="fade" start="100" end="0" time="0">Unfocus</animation>
						</control>
					</focusedlayout>
				</control>

				<!-- tvshow list -->
				<control type="fixedlist" id="250">
					<description>Known Movies</description>
					<posx>0</posx>
					<posy>0</posy>
					<width>860</width>
					<height>250</height>
					<orientation>horizontal</orientation>
					<scrolltime tween="cubic" easing="out">350</scrolltime>
					<onleft>150</onleft>
					<onright>150</onright>
					<onup>9000</onup>
					<ondown>Action(select)</ondown>
					<visible>StringCompare(Window.Property(switchcontent),2)</visible>
					<itemlayout width="143" height="250">
						<control type="group">
							<animation reversible="true" effect="slide" end="32,0" time="150" condition="Control.HasFocus(250)">Conditional</animation>
							<control type="image">
								<posx>10</posx>
								<posy>10</posy>
								<width>128</width>
								<height>185</height>
								<aspectratio align="center" aligny="center" scalediffuse="false">stretch</aspectratio>
								<texture background="true" diffuse="thumbs/poster_diffuse.png">thumbs/thumb_back.png</texture>
							</control>
							<control type="image">
								<posx>10</posx>
								<posy>10</posy>
								<width>128</width>
								<height>185</height>
								<aspectratio align="center" aligny="top" scalediffuse="false">stretch</aspectratio>
								<texture background="true" fallback="thumbs/fallback_poster.png" diffuse="thumbs/poster_diffuse.png">$INFO[ListItem.Icon]</texture>
							</control>
							<control type="image">
								<posx>10</posx>
								<posy>10</posy>
								<width>128</width>
								<height>185</height>
								<aspectratio align="center" aligny="center" scalediffuse="false">stretch</aspectratio>
								<texture background="true" diffuse="thumbs/poster_diffuse.png">overlays/in_library.png</texture>
								<visible>!IsEmpty(ListItem.Property(LibraryHasMovie))</visible>
							</control>
							<control type="image">
								<posx>3</posx>
								<posy>3</posy>
								<width>142</width>
								<height>199</height>
								<aspectratio align="center" aligny="center" scalediffuse="false">stretch</aspectratio>
								<texture background="true" diffuse="thumbs/poster_diffuse.png">thumbs/poster_overlay_noglass.png</texture>
							</control>
						</control>
					</itemlayout>
					<focusedlayout width="143" height="250">
						<control type="group">
							<animation reversible="true" effect="zoom" start="100" end="125" center="10,10" time="150" condition="Control.HasFocus(250)">Conditional</animation>
							<control type="image">
								<posx>10</posx>
								<posy>10</posy>
								<width>128</width>
								<height>185</height>
								<aspectratio align="center" aligny="center" scalediffuse="false">stretch</aspectratio>
								<texture background="true" diffuse="thumbs/poster_diffuse.png">thumbs/thumb_back.png</texture>
							</control>
							<control type="image">
								<posx>10</posx>
								<posy>10</posy>
								<width>128</width>
								<height>185</height>
								<aspectratio align="center" aligny="top" scalediffuse="false">stretch</aspectratio>
								<texture background="true" fallback="thumbs/fallback_poster.png" diffuse="thumbs/poster_diffuse.png">$INFO[ListItem.Icon]</texture>
							</control>
							<control type="image">
								<posx>10</posx>
								<posy>10</posy>
								<width>128</width>
								<height>185</height>
								<aspectratio align="center" aligny="center" scalediffuse="false">stretch</aspectratio>
								<texture background="true" diffuse="thumbs/poster_diffuse.png">overlays/in_library.png</texture>
								<visible>!IsEmpty(ListItem.Property(LibraryHasMovie))</visible>
							</control>
							<control type="image">
								<posx>3</posx>
								<posy>3</posy>
								<width>142</width>
								<height>199</height>
								<aspectratio align="center" aligny="center" scalediffuse="false">stretch</aspectratio>
								<texture background="true" diffuse="thumbs/poster_diffuse.png">thumbs/poster_overlay_noglass.png</texture>
							</control>
						</control>
						<control type="label">
							<posx>185</posx>
							<posy>195</posy>
							<width>670</width>
							<height>40</height>
							<font>FontSize_22</font>
							<align>left</align>
							<aligny>center</aligny>
							<textcolor>white</textcolor>
							<shadowcolor>99000000</shadowcolor>
							<selectedcolor>white</selectedcolor>
							<label>$INFO[ListItem.Label]$INFO[ListItem.Property(Character), $LOCALIZE[20347] ]$INFO[Listitem.Year, (,) ]</label>
							<visible>Control.HasFocus(250)</visible>
							<animation effect="fade" start="0" end="100" time="200" condition="Control.HasFocus(250)">Conditional</animation>
							<animation reversible="false" effect="fade" start="0" end="100" time="400">Focus</animation>
							<animation reversible="false" effect="fade" start="100" end="0" time="0">Unfocus</animation>
						</control>
					</focusedlayout>
				</control>

				<!-- youtube list -->
				<control type="fixedlist" id="350">
					<description>youtube</description>
					<posx>0</posx>
					<posy>19</posy>
					<width>960</width>
					<height>250</height>
					<orientation>horizontal</orientation>
					<scrolltime tween="cubic" easing="out">350</scrolltime>
					<onleft>350</onleft>
					<onright>350</onright>
					<onup>9000</onup>
					<ondown>Action(select)</ondown>
					<preloaditems>2</preloaditems>
					<visible>StringCompare(Window.Property(switchcontent),3)</visible>
					<itemlayout width="296" height="250">
						<control type="group">
							<animation reversible="true" effect="slide" end="70,5" time="150" condition="Control.HasFocus(350)">Conditional</animation>
							<control type="image">
								<left>7</left>
								<top>7</top>
								<width>276</width>
								<height>168</height>
								<aspectratio align="center" aligny="center" scalediffuse="false">stretch</aspectratio>
								<texture background="true" diffuse="thumbs/video_diffuse.png">thumbs/thumb_back.png</texture>
							</control>
							<control type="image">
								<left>7</left>
								<top>7</top>
								<width>276</width>
								<height>168</height>
								<aspectratio align="center" aligny="center" scalediffuse="false">scale</aspectratio>
								<texture background="true" fallback="thumbs/fallback_poster.png" diffuse="thumbs/music_diffuse.png">$INFO[ListItem.Icon]</texture>
							</control>
							<control type="image">
								<left>0</left>
								<top>0</top>
								<width>290</width>
								<height>182</height>
								<aspectratio align="center" aligny="center" scalediffuse="false">stretch</aspectratio>
								<texture background="true" diffuse="thumbs/video_diffuse.png">thumbs/video_overlay_noglass.png</texture>
							</control>
						</control>
					</itemlayout>
					<focusedlayout width="296" height="250">
						<control type="group">
							<animation reversible="true" effect="zoom" start="100" end="125" center="6,-11" time="150" condition="Control.HasFocus(350)">Conditional</animation>
							<control type="image">
								<left>7</left>
								<top>7</top>
								<width>276</width>
								<height>168</height>
								<aspectratio align="center" aligny="center" scalediffuse="false">stretch</aspectratio>
								<texture background="true" diffuse="thumbs/video_diffuse.png">thumbs/thumb_back.png</texture>
							</control>
							<control type="image">
								<left>7</left>
								<top>7</top>
								<width>276</width>
								<height>168</height>
								<aspectratio align="center" aligny="center" scalediffuse="false">scale</aspectratio>
								<texture background="true" fallback="thumbs/fallback_poster.png" diffuse="thumbs/video_diffuse.png">$INFO[ListItem.Icon]</texture>
							</control>
							<control type="image">
								<left>0</left>
								<top>0</top>
								<width>290</width>
								<height>182</height>
								<aspectratio align="center" aligny="center" scalediffuse="false">stretch</aspectratio>
								<texture background="true" diffuse="thumbs/video_diffuse.png">thumbs/video_overlay_noglass.png</texture>
							</control>
						</control>
						<control type="label">
							<posx>372</posx>
							<posy>190</posy>
							<width>500</width>
							<height>40</height>
							<font>FontSize_22</font>
							<scroll>true</scroll>
							<scrollspeed>50</scrollspeed>
							<align>left</align>
							<aligny>center</aligny>
							<textcolor>white</textcolor>
							<shadowcolor>99000000</shadowcolor>
							<selectedcolor>white</selectedcolor>
							<label>$INFO[ListItem.Label]</label>
							<visible>Control.HasFocus(350)</visible>
							<animation effect="fade" start="0" end="100" time="200" condition="Control.HasFocus(350)">Conditional</animation>
							<animation reversible="false" effect="fade" start="0" end="100" time="400">Focus</animation>
							<animation reversible="false" effect="fade" start="100" end="0" time="0">Unfocus</animation>
						</control>
					</focusedlayout>
				</control>

				<!-- artwork list -->
				<control type="fixedlist" id="450">
					<description>artworks</description>
					<posx>0</posx>
					<posy>0</posy>
					<width>860</width>
					<height>250</height>
					<orientation>horizontal</orientation>
					<scrolltime tween="cubic" easing="out">350</scrolltime>
					<onleft>150</onleft>
					<onright>150</onright>
					<onup>9000</onup>
					<ondown>Action(select)</ondown>
					<visible>StringCompare(Window.Property(switchcontent),4)</visible>
					<itemlayout width="143" height="250">
						<control type="group">
							<animation reversible="true" effect="slide" end="32,0" time="150" condition="Control.HasFocus(450)">Conditional</animation>
							<control type="image">
								<posx>10</posx>
								<posy>10</posy>
								<width>128</width>
								<height>185</height>
								<aspectratio align="center" aligny="center" scalediffuse="false">stretch</aspectratio>
								<texture background="true" diffuse="thumbs/poster_diffuse.png">thumbs/thumb_back.png</texture>
							</control>
							<control type="image">
								<posx>10</posx>
								<posy>10</posy>
								<width>128</width>
								<height>185</height>
								<aspectratio align="center" aligny="top" scalediffuse="false">stretch</aspectratio>
								<texture background="true" fallback="thumbs/fallback_poster.png" diffuse="thumbs/poster_diffuse.png">$INFO[ListItem.Icon]</texture>
							</control>
							<control type="image">
								<posx>3</posx>
								<posy>3</posy>
								<width>142</width>
								<height>199</height>
								<aspectratio align="center" aligny="center" scalediffuse="false">stretch</aspectratio>
								<texture background="true" diffuse="thumbs/poster_diffuse.png">thumbs/poster_overlay_noglass.png</texture>
							</control>
						</control>
					</itemlayout>
					<focusedlayout width="143" height="250">
						<control type="group">
							<animation reversible="true" effect="zoom" start="100" end="125" center="10,10" time="150" condition="Control.HasFocus(450)">Conditional</animation>
							<control type="image">
								<posx>10</posx>
								<posy>10</posy>
								<width>128</width>
								<height>185</height>
								<aspectratio align="center" aligny="center" scalediffuse="false">stretch</aspectratio>
								<texture background="true" diffuse="thumbs/poster_diffuse.png">thumbs/thumb_back.png</texture>
							</control>
							<control type="image">
								<posx>10</posx>
								<posy>10</posy>
								<width>128</width>
								<height>185</height>
								<aspectratio align="center" aligny="top" scalediffuse="false">stretch</aspectratio>
								<texture background="true" fallback="thumbs/fallback_poster.png" diffuse="thumbs/poster_diffuse.png">$INFO[ListItem.Icon]</texture>
							</control>
							<control type="image">
								<posx>3</posx>
								<posy>3</posy>
								<width>142</width>
								<height>199</height>
								<aspectratio align="center" aligny="center" scalediffuse="false">stretch</aspectratio>
								<texture background="true" diffuse="thumbs/poster_diffuse.png">thumbs/poster_overlay_noglass.png</texture>
							</control>
						</control>
						<control type="label">
							<posx>185</posx>
							<posy>195</posy>
							<width>670</width>
							<height>40</height>
							<font>FontSize_22</font>
							<align>left</align>
							<aligny>center</aligny>
							<textcolor>white</textcolor>
							<shadowcolor>99000000</shadowcolor>
							<selectedcolor>white</selectedcolor>
							<label>$ADDON[script.extendedinfo 32119]</label>
							<visible>Control.HasFocus(450)</visible>
							<animation effect="fade" start="0" end="100" time="200" condition="Control.HasFocus(450)">Conditional</animation>
							<animation reversible="false" effect="fade" start="0" end="100" time="400">Focus</animation>
							<animation reversible="false" effect="fade" start="100" end="0" time="0">Unfocus</animation>
						</control>
					</focusedlayout>
				</control>

				<!-- fanart list -->
				<control type="fixedlist" id="750">
					<description>fanart</description>
					<posx>0</posx>
					<posy>19</posy>
					<width>960</width>
					<height>250</height>
					<orientation>horizontal</orientation>
					<scrolltime tween="cubic" easing="out">350</scrolltime>
					<onleft>750</onleft>
					<onright>750</onright>
					<onup>9000</onup>
					<ondown>Action(select)</ondown>
					<visible>StringCompare(Window.Property(switchcontent),5)</visible>
					<itemlayout width="296" height="250">
						<control type="group">
							<animation reversible="true" effect="slide" end="70,5" time="150" condition="Control.HasFocus(750)">Conditional</animation>
							<control type="image">
								<left>7</left>
								<top>7</top>
								<width>276</width>
								<height>168</height>
								<aspectratio align="center" aligny="center" scalediffuse="false">stretch</aspectratio>
								<texture background="true" diffuse="thumbs/video_diffuse.png">thumbs/thumb_back.png</texture>
							</control>
							<control type="image">
								<left>7</left>
								<top>7</top>
								<width>276</width>
								<height>168</height>
								<aspectratio align="center" aligny="top" scalediffuse="false">scale</aspectratio>
								<texture background="true" fallback="thumbs/fallback_poster.png" diffuse="thumbs/music_diffuse.png">$INFO[ListItem.Icon]</texture>
							</control>
							<control type="image">
								<left>0</left>
								<top>0</top>
								<width>290</width>
								<height>182</height>
								<aspectratio align="center" aligny="center" scalediffuse="false">stretch</aspectratio>
								<texture background="true" diffuse="thumbs/video_diffuse.png">thumbs/video_overlay_noglass.png</texture>
							</control>
						</control>
					</itemlayout>
					<focusedlayout width="296" height="250">
						<control type="group">
							<animation reversible="true" effect="zoom" start="100" end="125" center="6,-11" time="150" condition="Control.HasFocus(750)">Conditional</animation>
							<control type="image">
								<left>7</left>
								<top>7</top>
								<width>276</width>
								<height>168</height>
								<aspectratio align="center" aligny="center" scalediffuse="false">stretch</aspectratio>
								<texture background="true" diffuse="thumbs/video_diffuse.png">thumbs/thumb_back.png</texture>
							</control>
							<control type="image">
								<left>7</left>
								<top>7</top>
								<width>276</width>
								<height>168</height>
								<aspectratio align="center" aligny="top" scalediffuse="false">scale</aspectratio>
								<texture background="true" fallback="thumbs/fallback_poster.png" diffuse="thumbs/video_diffuse.png">$INFO[ListItem.Icon]</texture>
							</control>
							<control type="image">
								<left>0</left>
								<top>0</top>
								<width>290</width>
								<height>182</height>
								<aspectratio align="center" aligny="center" scalediffuse="false">stretch</aspectratio>
								<texture background="true" diffuse="thumbs/video_diffuse.png">thumbs/video_overlay_noglass.png</texture>
							</control>
						</control>
						<control type="label">
							<posx>372</posx>
							<posy>190</posy>
							<width>500</width>
							<height>40</height>
							<font>FontSize_22</font>
							<scroll>true</scroll>
							<scrollspeed>50</scrollspeed>
							<align>left</align>
							<aligny>center</aligny>
							<textcolor>white</textcolor>
							<shadowcolor>99000000</shadowcolor>
							<selectedcolor>white</selectedcolor>
							<label>Fanart</label>
							<visible>Control.HasFocus(750)</visible>
							<animation effect="fade" start="0" end="100" time="200" condition="Control.HasFocus(750)">Conditional</animation>
							<animation reversible="false" effect="fade" start="0" end="100" time="400">Focus</animation>
							<animation reversible="false" effect="fade" start="100" end="0" time="0">Unfocus</animation>
						</control>
					</focusedlayout>
				</control>
			</control>
		</control>


		<!-- ================== -->
		<!-- Top Buttons Labels -->
		<!-- ================== -->    
		<control type="group">
			<posx>45</posx>
			<posy>25</posy>
			<animation type="WindowOpen" reversible="false">
				<effect type="fade" start="0" end="100" time="300" tween="sine" easing="in"  />
				<effect type="slide" start="0,-55" end="0,0" time="350" tween="cubic" easing="out" />
			</animation>
			<animation type="WindowClose" condition="!Window.IsActive(shutdownmenu)" reversible="false">
				<effect type="fade" start="100" end="0" time="300" tween="sine" easing="out" />
				<effect type="slide" start="0,0" end="0,-55" time="350" tween="sine" easing="out" />
			</animation>
			<animation type="Conditional" condition="Window.IsActive(playercontrols) | Window.IsActive(shutdownmenu)" reversible="false">
				<effect type="fade" start="100" end="0" time="300" tween="sine" easing="out" />
				<effect type="slide" start="0,0" end="0,55" time="350" tween="sine" easing="out" />
			</animation>
			<animation type="Visible" reversible="false">
				<effect type="fade" start="0" end="100" time="300" tween="sine" easing="in"  />
				<effect type="slide" start="0,55" end="0,0" time="350" tween="cubic" easing="out" />
			</animation>
			<animation type="Hidden" reversible="false">
				<effect type="fade" start="100" end="0" time="300" tween="sine" easing="out" />
				<effect type="slide" start="0,0" end="0,55" time="350" tween="sine" easing="out" />
			</animation>
			<!-- Buttons -->
			<control type="grouplist" id="9000">
				<posx>0</posx>
				<posy>0</posy>
				<width>0</width>
				<height>0</height>
				<itemgap>0</itemgap>
				<align>left</align>
				<orientation>horizontal</orientation>
				<onleft>9000</onleft>
				<onright>9000</onright>
				<ondown condition="StringCompare(Window.Property(switchcontent),1)">150</ondown>
				<ondown condition="StringCompare(Window.Property(switchcontent),2)">250</ondown>
				<ondown condition="StringCompare(Window.Property(switchcontent),3)">350</ondown>
				<ondown condition="StringCompare(Window.Property(switchcontent),4)">450</ondown>
				<ondown condition="StringCompare(Window.Property(switchcontent),5)">750</ondown>

				<control type="button" id="5">
					<description>About</description>
					<label>$LOCALIZE[31074]</label>
					<onclick>ClearProperty(switchcontent)</onclick>
					<include>TopButton</include>
				</control>
				<control type="button" id="6">
					<description>Filmography</description>
					<label>$LOCALIZE[31079]$INFO[Container(150).NumItems, (,)]</label>
					<onclick>SetProperty(switchcontent,1)</onclick>
					<include>TopButton</include>
					<visible>IntegerGreaterThan(Container(150).NumItems,0)</visible>
				</control>
				<control type="button" id="7">
					<description>TVshows</description>
					<label>$LOCALIZE[31078]$INFO[Container(250).NumItems, (,)]</label>
					<onclick>SetProperty(switchcontent,2)</onclick>
					<include>TopButton</include>
					<visible>IntegerGreaterThan(Container(250).NumItems,0)</visible>
				</control>				
				<control type="button" id="8">
					<description>youtube</description>
					<label>$LOCALIZE[31077]$INFO[Container(350).NumItems, (,)]</label>
					<onclick>SetProperty(switchcontent,3)</onclick>
					<include>TopButton</include>
					<visible>IntegerGreaterThan(Container(350).NumItems,0)</visible>
				</control>			
				<control type="button" id="9">
					<description>artwork</description>
					<label>$LOCALIZE[31076]$INFO[Container(450).NumItems, (,)]</label>
					<onclick>SetProperty(switchcontent,4)</onclick>
					<include>TopButton</include>
					<visible>IntegerGreaterThan(Container(450).NumItems,0)</visible>
				</control>							
				<control type="button" id="10">
					<description>fanart</description>
					<label>$LOCALIZE[20445]$INFO[Container(750).NumItems, (,)]</label>
					<onclick>SetProperty(switchcontent,5)</onclick>
					<include>TopButton</include>
					<visible>IntegerGreaterThan(Container(750).NumItems,0)</visible>
				</control>
			</control>

			<!-- Labels -->
			<control type="grouplist">
				<animation type="Visible" reversible="false">
					<effect type="fade" start="0" end="100" time="300" tween="sine" easing="out"  />
					<effect type="slide" start="0,35" end="0,0" time="350" tween="sine" easing="out" />
				</animation>
				<animation type="Hidden" reversible="false">
					<effect type="fade" start="100" end="0" time="300" tween="sine" easing="out" />
					<effect type="slide" start="0,0" end="0,35" time="350" tween="sine" easing="out" />
				</animation>
				<posx>0</posx>
				<posy>0</posy>
				<height>70</height>
				<width>1190</width>
				<itemgap>15</itemgap>
				<align>left</align>
				<orientation>horizontal</orientation>
				<control type="label">
					<include>TopBigLabel</include>
					<label>20337</label>
					<visible>!IsEmpty(Container(150).ListItem.Label)</visible>
				</control>
				<control type="label">
					<include>TopBigLabel</include>
					<label>$LOCALIZE[31234]</label>
					<visible>IsEmpty(Container(150).ListItem.Label)</visible>
				</control>
				<control type="label">
					<description>Plot</description>
					<include>TopSmallLabel</include>
					<label>$INFO[Control.GetLabel(5)]</label>
					<animation effect="fade" start="100" end="60" time="200" tween="cubic" easing="inout" condition="!Control.IsEnabled(5)" reversible="true">Conditional</animation>
					<animation effect="fade" start="100" end="70" time="200" tween="cubic" easing="inout" condition="!Control.HasFocus(5)" reversible="true">Conditional</animation>
					<animation effect="zoom" start="100" end="90" time="200" tween="cubic" easing="inout" center="auto" condition="!Control.HasFocus(5)" reversible="true">Conditional</animation>
				</control>
				<control type="label">
					<description>filmogrpahy</description>
					<include>TopSmallLabel</include>
					<label>$INFO[Control.GetLabel(6)]</label>
					<visible>IntegerGreaterThan(Container(150).NumItems,0)</visible>
					<animation effect="fade" start="100" end="60" time="200" tween="cubic" easing="inout" condition="!Control.IsEnabled(6)" reversible="true">Conditional</animation>
					<animation effect="fade" start="100" end="70" time="200" tween="cubic" easing="inout" condition="!Control.HasFocus(6)" reversible="true">Conditional</animation>
					<animation effect="zoom" start="100" end="90" time="200" tween="cubic" easing="inout" center="auto" condition="!Control.HasFocus(6)" reversible="true">Conditional</animation>
				</control>
				<control type="label">
					<description>tvshows</description>
					<include>TopSmallLabel</include>
					<label>$INFO[Control.GetLabel(7)]</label>
					<visible>IntegerGreaterThan(Container(250).NumItems,0)</visible>
					<animation effect="fade" start="100" end="60" time="200" tween="cubic" easing="inout" condition="!Control.IsEnabled(7)" reversible="true">Conditional</animation>
					<animation effect="fade" start="100" end="70" time="200" tween="cubic" easing="inout" condition="!Control.HasFocus(7)" reversible="true">Conditional</animation>
					<animation effect="zoom" start="100" end="90" time="200" tween="cubic" easing="inout" center="auto" condition="!Control.HasFocus(7)" reversible="true">Conditional</animation>
				</control>
				<control type="label">
					<description>yt videos</description>
					<include>TopSmallLabel</include>
					<label>$INFO[Control.GetLabel(8)]</label>
					<visible>IntegerGreaterThan(Container(350).NumItems,0)</visible>
					<animation effect="fade" start="100" end="60" time="200" tween="cubic" easing="inout" condition="!Control.IsEnabled(8)" reversible="true">Conditional</animation>
					<animation effect="fade" start="100" end="70" time="200" tween="cubic" easing="inout" condition="!Control.HasFocus(8)" reversible="true">Conditional</animation>
					<animation effect="zoom" start="100" end="90" time="200" tween="cubic" easing="inout" center="auto" condition="!Control.HasFocus(8)" reversible="true">Conditional</animation>
				</control>
				<control type="label">
					<description>fanart</description>
					<include>TopSmallLabel</include>
					<label>$INFO[Control.GetLabel(9)]</label>
					<visible>IntegerGreaterThan(Container(450).NumItems,0)</visible>
					<animation effect="fade" start="100" end="60" time="200" tween="cubic" easing="inout" condition="!Control.IsEnabled(9)" reversible="true">Conditional</animation>
					<animation effect="fade" start="100" end="70" time="200" tween="cubic" easing="inout" condition="!Control.HasFocus(9)" reversible="true">Conditional</animation>
					<animation effect="zoom" start="100" end="90" time="200" tween="cubic" easing="inout" center="auto" condition="!Control.HasFocus(9)" reversible="true">Conditional</animation>
				</control>
				<control type="label">
					<description>fanart</description>
					<include>TopSmallLabel</include>
					<label>$INFO[Control.GetLabel(10)]</label>
					<visible>IntegerGreaterThan(Container(750).NumItems,0)</visible>
					<animation effect="fade" start="100" end="60" time="200" tween="cubic" easing="inout" condition="!Control.IsEnabled(10)" reversible="true">Conditional</animation>
					<animation effect="fade" start="100" end="70" time="200" tween="cubic" easing="inout" condition="!Control.HasFocus(10)" reversible="true">Conditional</animation>
					<animation effect="zoom" start="100" end="90" time="200" tween="cubic" easing="inout" center="auto" condition="!Control.HasFocus(10)" reversible="true">Conditional</animation>
				</control>
			</control>
		</control>

		<!-- ================ -->
		<!-- Top Content Info -->
		<!-- ================ -->
		<control type="group">
			<posx>47</posx>
			<posy>70</posy>
			<animation type="WindowOpen" reversible="false">
				<effect type="fade" start="0" end="100" time="300" tween="sine" easing="in"  />
				<effect type="slide" start="0,-55" end="0,0" time="350" tween="cubic" easing="out" />
			</animation>
			<animation type="WindowClose" condition="!Window.IsActive(shutdownmenu)" reversible="false">
				<effect type="fade" start="100" end="0" time="300" tween="sine" easing="out" />
				<effect type="slide" start="0,0" end="0,-55" time="350" tween="sine" easing="out" />
			</animation>
			<animation type="Conditional" condition="Window.IsActive(playercontrols) | Window.IsActive(shutdownmenu)" reversible="false">
				<effect type="fade" start="100" end="0" time="300" tween="sine" easing="out" />
				<effect type="slide" start="0,0" end="0,55" time="350" tween="sine" easing="out" />
			</animation>
			<animation type="Visible" reversible="false">
				<effect type="fade" start="0" end="100" time="300" tween="sine" easing="in"  />
				<effect type="slide" start="0,55" end="0,0" time="350" tween="cubic" easing="out" />
			</animation>
			<animation type="Hidden" reversible="false">
				<effect type="fade" start="100" end="0" time="300" tween="sine" easing="out" />
				<effect type="slide" start="0,0" end="0,55" time="350" tween="sine" easing="out" />
			</animation>
			<control type="label">
				<width>300</width>
				<height>20</height>
				<font>FontSize_18</font>
				<textcolor>blue</textcolor>
				<scroll>false</scroll>
				<align>left</align>
				<aligny>center</aligny>
				<label>$VAR[ExtendedInfoActorContentInfoLabels]</label>
			</control>
		</control>



	</controls>
</window>
