<?xml version="1.0" encoding="UTF-8"?>
<window  type="dialog">
	<defaultcontrol>9000</defaultcontrol>
  <allowoverlay>no</allowoverlay>
  <backgroundcolor>0</backgroundcolor>
	<controls>

		<control type="group" id="100">
		
			<control type="group">
				<include>FanartFade</include>
				<control type="image">
					<description>GlobalSearch Fanart</description>
				  <include>FullscreenDimensions</include>
					<texture background="true">$VAR[GlobalSearchFanart]</texture>
					<fadetime>250</fadetime>
				  <visible>!Skin.HasSetting(HideBGFanart)</visible>
				</control>
				<control type="image">
				  <description>Vignette</description>
				  <include>FullscreenDimensions</include>
			    <texture background="true">windows/bg/bg_vignette.png</texture>
					<fadetime>250</fadetime>
				</control>
				<control type="image">
				  <description>Vignette</description>
				  <include>FullscreenDimensions</include>
			    <texture background="true">windows/bg/bg_diffuse.png</texture>
					<fadetime>250</fadetime>
		      <colordiffuse>ddFFFFFF</colordiffuse>
				  <visible>!Skin.HasSetting(HideBGFanart)</visible>
				</control>
			</control>
		
		 <control type="group">
				<visible>IsEmpty(Control.GetLabel(190)) + !Window.IsVisible(AddonSettings)</visible>
				<include>ShutdownMenuAnimation</include>
        <include>DialogZoomInOutAnimation</include>
				<!-- Movies -->
				<control type="group" id="119">
					<width>750</width>
					<height>530</height>
					<control type="label" id="110">
						<!-- Hide this Control and use the list to pass the label -->
						<label>-</label>
						<visible>false</visible>
					</control>
					<control type="fixedlist" id="111">
						<visible>Container(9000).HasFocus(1)</visible>
				    <include>GlobalSearchSlideAnimations</include>
						<left>270</left>
						<top>110</top>
						<width>750</width>
						<height>520</height>
						<onleft>9000</onleft>
						<onright>9000</onright>
						<onup>111</onup>
						<ondown>111</ondown>
						<focusposition>2</focusposition>
						<movement>2</movement>
						<wraparound>true</wraparound>
				    <scrolltime tween="Quadratic" easing="out">300</scrolltime>
						<itemlayout width="560" height="65">
							<control type="label">
								<left>40</left>
								<width>550</width>
								<font>FontSize_22</font>
								<textcolor>white</textcolor>
								<shadowcolor>77000000</shadowcolor>
								<align>left</align>
								<label>$INFO[ListItem.Label]</label>
							</control>
							<control type="label">
								<left>40</left>
								<top>23</top>
								<width>550</width>
								<font>FontSize_20</font>
								<textcolor>88white</textcolor>
								<shadowcolor>77000000</shadowcolor>
								<align>left</align>
								<label>$INFO[ListItem.Property(Genre)]</label>
							</control>
							<control type="image">
    						<left>585</left>
    						<top>15</top>
    						<width>128</width>
    						<height>22</height>
								<texture fallback="rating/rating0.png">$INFO[ListItem.Property(StarRating),rating/,]</texture>
								<aspectratio align="right">keep</aspectratio>
								<animation effect="fade" end="80" time="0" condition="true">Conditional</animation>
							</control>
						</itemlayout>
						<focusedlayout width="560" height="260">
							<control type="group">
				        <animation effect="zoom" start="100" end="93" center="400,140" time="250" tween="sine" easing="inout" condition="![Control.HasFocus(111) | Window.IsVisible(script-globalsearch-contextmenu.xml) | Window.IsVisible(script-globalsearch-infodialog.xml) | Window.IsVisible(shutdownmenu)]">Conditional</animation>
				        <include>BannerListFocusAnimation</include>
				        <include>BannersView_Panel</include>
								<control type="image">
    							<left>18</left>
    							<top>18</top>
    							<width>153</width>
    							<height>217</height>
									<texture fallback="thumbs/fallback_poster_tp.png">$INFO[ListItem.Property(Icon)]</texture>
									<aspectratio align="center" aligny="center">stretch</aspectratio>
									<bordertexture border="6">thumbs/thumb_border.png</bordertexture>
									<bordersize>6</bordersize>
								</control>
								<control type="image">
    							<left>18</left>
    							<top>18</top>
    							<width>153</width>
    							<height>217</height>
									<texture>overlays/unwatched/thumbs/$VAR[WatchedStateOverlay]_Poster.png</texture>
									<aspectratio align="center" aligny="center">stretch</aspectratio>
									<bordersize>6</bordersize>
									<visible>!IntegerGreaterThan(ListItem.Property(PlayCount),0)</visible>
								</control>
								<control type="image">
									<left>585</left>
									<top>207</top>
									<width>128</width>
									<height>22</height>
									<aspectratio align="right">keep</aspectratio>
									<texture fallback="rating/rating0.png">$INFO[ListItem.Property(StarRating),rating/,]</texture>
								</control>
								<control type="label">
									<left>180</left>
									<top>22</top>
									<width>530</width>
									<font>FontSize_26</font>
									<textcolor>white</textcolor>
						      <shadowcolor>99000000</shadowcolor>
									<align>left</align>
									<label>$INFO[ListItem.Label]</label>
								</control>
								<control type="label">
									<left>180</left>
									<top>44</top>
									<width>520</width>
									<font>FontSize_20</font>
									<textcolor>99white</textcolor>
						      <shadowcolor>99000000</shadowcolor>
									<align>left</align>
									<label>$INFO[ListItem.Property(Genre)]</label>
								</control>
								<control type="textbox" id="4">
    							<left>180</left>
    							<top>73</top>
    							<width>535</width>
    							<height>120</height>
    							<font>TextboxFont_20</font>
    							<textcolor>99white</textcolor>
    				      <shadowcolor>99000000</shadowcolor>
								  <align>justify</align>
									<label fallback="195">$INFO[ListItem.Property(Plot)]</label>
								  <autoscroll delay="8000" time="2000" repeat="8000">Skin.HasSetting(AutoScroll)</autoscroll>
								</control>
								<control type="label">
									<left>180</left>
									<top>207</top>
									<width>380</width>
									<height>22</height>
									<font>FontSize_20</font>
									<textcolor>99white</textcolor>
						      <shadowcolor>99000000</shadowcolor>
									<align>left</align>
                  <label>$INFO[ListItem.Property(Year),, • ]$INFO[ListItem.Property(Rating),,]$INFO[ListItem.Property(Duration), • , $LOCALIZE[12391]]</label>
								</control>
							</control>
						</focusedlayout>
					</control>
				</control>

				<!-- TV Shows -->
				<control type="group" id="129">
					<width>750</width>
					<height>530</height>
					<control type="label" id="120">
						<!-- Hide this Control and use the list to pass the label -->
						<label>-</label>
						<visible>false</visible>
					</control>
					<control type="fixedlist" id="121">
						<visible>Container(9000).HasFocus(2)</visible>
				    <include>GlobalSearchSlideAnimations</include>
						<left>270</left>
						<top>110</top>
						<width>750</width>
						<height>520</height>
						<onleft>9000</onleft>
						<onright>9000</onright>
						<onup>121</onup>
						<ondown>121</ondown>
						<focusposition>2</focusposition>
						<movement>2</movement>
						<wraparound>true</wraparound>
				    <scrolltime tween="Quadratic" easing="out">300</scrolltime>
						<itemlayout width="560" height="65">
							<control type="label">
								<left>40</left>
								<width>550</width>
								<font>FontSize_22</font>
								<textcolor>white</textcolor>
								<shadowcolor>77000000</shadowcolor>
								<align>left</align>
								<label>$INFO[ListItem.Label]</label>
							</control>
							<control type="label">
								<left>40</left>
								<top>23</top>
								<width>550</width>
								<font>FontSize_20</font>
								<textcolor>88white</textcolor>
								<shadowcolor>77000000</shadowcolor>
								<align>left</align>
								<label>$INFO[ListItem.Property(Genre)]</label>
							</control>
							<control type="image">
    						<left>585</left>
    						<top>15</top>
    						<width>128</width>
    						<height>22</height>
								 <texture fallback="rating/rating0.png">$INFO[ListItem.Property(StarRating),rating/,]</texture>
								<aspectratio align="right">keep</aspectratio>
								<animation effect="fade" end="80" time="0" condition="true">Conditional</animation>
							</control>
						</itemlayout>
						<focusedlayout width="560" height="260">
							<control type="group">
				        <animation effect="zoom" start="100" end="93" center="400,140" time="250" tween="sine" easing="inout" condition="![Control.HasFocus(121) | Window.IsVisible(script-globalsearch-contextmenu.xml) | Window.IsVisible(script-globalsearch-infodialog.xml) | Window.IsVisible(shutdownmenu)]">Conditional</animation>
				        <include>BannerListFocusAnimation</include>
				        <include>BannersView_Panel</include>
								<control type="image">
    							<left>18</left>
    							<top>18</top>
    							<width>705</width>
    							<height>123</height>
									<texture fallback="thumbs/fallback_banner_tp.png">$INFO[ListItem.Property(Art(banner))]</texture>
									<aspectratio align="center" aligny="center">stretch</aspectratio>
									<bordertexture border="6">thumbs/thumb_border.png</bordertexture>
									<bordersize>6</bordersize>
								</control>
    						<control type="image">
    							<left>18</left>
    							<top>18</top>
    							<width>705</width>
    							<height>123</height>
    							<aspectratio align="center" aligny="center">stretch</aspectratio>
    							<texture>overlays/unwatched/banners/$VAR[WatchedStateOverlay]_Banner.png</texture>
    							<bordersize>6</bordersize>
    							<visible>!IntegerGreaterThan(ListItem.Property(PlayCount),0)</visible>
    						</control>
								<control type="image">
								  <left>585</left>
								  <top>205</top>
								  <width>128</width>
								  <height>22</height>
									<aspectratio align="right">keep</aspectratio>
									<texture fallback="rating/rating0.png">$INFO[ListItem.Property(StarRating),rating/,]</texture>
								</control>
								<control type="label">
    							<left>25</left>
    							<top>143</top>
    							<width>690</width>
									<font>FontSize_26</font>
									<textcolor>white</textcolor>
						      <shadowcolor>99000000</shadowcolor>
									<align>left</align>
									<label>$INFO[ListItem.Label]</label>
								</control>
								<control type="label">
    							<left>25</left>
    							<top>165</top>
    							<width>690</width>
									<font>FontSize_20</font>
									<textcolor>99white</textcolor>
						      <shadowcolor>99000000</shadowcolor>
									<align>left</align>
									<label>$INFO[ListItem.Property(Genre)]</label>
								</control>
								<control type="label">
									<left>25</left>
									<top>207</top>
									<width>380</width>
									<height>22</height>
									<font>FontSize_20</font>
									<textcolor>99white</textcolor>
						      <shadowcolor>99000000</shadowcolor>
									<align>left</align>
                  <label>$INFO[ListItem.Property(Year),, • ]$INFO[ListItem.Property(Rating),,]$INFO[ListItem.Property(MPAA), • ,]</label>
								</control>
							</control>
						</focusedlayout>
					</control>
				</control>

				<!-- Seasons (Disabled) -->
				<control type="group" id="139">
					<width>750</width>
					<height>530</height>
					<control type="label" id="130">
						<!-- Hide this Control and use the list to pass the label -->
						<label>-</label>
						<visible>false</visible>
					</control>
					<control type="fixedlist" id="131">
						<visible>false</visible>
					</control>
				</control>

				<!-- Episodes -->
				<control type="group" id="149">
					<width>750</width>
					<height>530</height>
					<control type="label" id="140">
						<!-- Hide this Control and use the list to pass the label -->
						<label>-</label>
						<visible>false</visible>
					</control>
					<control type="fixedlist" id="141">
						<visible>Container(9000).HasFocus(4)</visible>
				    <include>GlobalSearchSlideAnimations</include>
						<left>270</left>
						<top>110</top>
						<width>750</width>
						<height>520</height>
						<onleft>9000</onleft>
						<onright>9000</onright>
						<onup>141</onup>
						<ondown>141</ondown>
						<focusposition>2</focusposition>
						<movement>2</movement>
						<wraparound>true</wraparound>
				    <scrolltime tween="Quadratic" easing="out">300</scrolltime>
						<itemlayout width="560" height="65">
							<control type="label">
								<left>40</left>
								<width>550</width>
								<label>$INFO[ListItem..Property(Season),,x]$INFO[ListItem.Property(Episode),,. ]$INFO[ListItem.Label]</label>
								<font>FontSize_22</font>
								<textcolor>white</textcolor>
								<shadowcolor>77000000</shadowcolor>
							</control>
							<control type="label">
								<left>40</left>
								<top>23</top>
								<width>550</width>
								<label>$INFO[ListItem.Property(TvShowTitle)]</label>
								<font>FontSize_20</font>
								<textcolor>88white</textcolor>
								<shadowcolor>77000000</shadowcolor>
							</control>
							<control type="image">
								<left>585</left>
								<top>15</top>
								<width>128</width>
								<height>22</height>
								<texture fallback="rating/rating0.png">$INFO[ListItem.Property(StarRating),rating/,]</texture>
								<aspectratio align="right">keep</aspectratio>
								<animation effect="fade" end="80" time="0" condition="true">Conditional</animation>
							</control>
						</itemlayout>
						<focusedlayout width="560" height="260">
							<control type="group">
				        <animation effect="zoom" start="100" end="93" center="400,140" time="250" tween="sine" easing="inout" condition="![Control.HasFocus(141) | Window.IsVisible(script-globalsearch-contextmenu.xml) | Window.IsVisible(script-globalsearch-infodialog.xml)]">Conditional</animation>
				        <include>BannerListFocusAnimation</include>
				        <include>BannersView_Panel</include>
    						<control type="image">
    							<left>18</left>
    							<top>18</top>
    							<width>290</width>
    							<height>182</height>
    							<aspectratio align="center" aligny="top">scale</aspectratio>
    							<texture background="true" fallback="thumbs/fallback_episode_tp.png">$INFO[ListItem.Thumb]</texture>
    							<bordertexture border="20">thumbs/thumb_border.png</bordertexture>
    							<bordersize>6</bordersize>
    						</control>
    						<control type="image">
    							<left>18</left>
    							<top>18</top>
    							<width>290</width>
    							<height>182</height>
    							<texture>overlays/unwatched/banners/$VAR[WatchedStateOverlay]_Episodes.png</texture>
    							<aspectratio align="center" aligny="center">stretch</aspectratio>
    							<bordersize>6</bordersize>
    							<visible>!IntegerGreaterThan(ListItem.Property(PlayCount),0)</visible>
    						</control>
    						<control type="image">
    							<left>580</left>
    							<top>207</top>
    							<width>128</width>
    							<height>22</height>
    						  <texture fallback="rating/rating0.png">$INFO[ListItem.StarRating,rating/,]</texture>
    							<aspectratio align="right">keep</aspectratio>
    		          <visible>!Stringcompare(ListItem.Label,..)</visible>
    						</control>
    						<control type="label">
    							<left>315</left>
    							<top>22</top>
    							<width>405</width>
    							<font>FontSize_26</font>
    							<textcolor>white</textcolor>
    				      <shadowcolor>99000000</shadowcolor>
    							<align>left</align>
    							<label>$INFO[ListItem.Label]</label>
    						</control>
    						<control type="label">
    							<left>315</left>
    							<top>47</top>
    							<width>400</width>
    							<font>FontSize_20</font>
    							<textcolor>99white</textcolor>
    				      <shadowcolor>99000000</shadowcolor>
    		          <selectedcolor>99white</selectedcolor>
    							<align>left</align>
    							<label>$INFO[ListItem.Property(TvShowTitle),, ]$INFO[ListItem..Property(Season),,x]$INFO[ListItem.Property(Episode)]</label>
    						</control>
    						<control type="textbox" id="4">
    							<left>315</left>
    							<top>76</top>
    							<width>400</width>
    							<height>120</height>
    							<font>TextboxFont_20</font>
    							<textcolor>99white</textcolor>
    				      <shadowcolor>99000000</shadowcolor>
    						  <align>justify</align>
    							<label fallback="195">$INFO[ListItem.Property(Plot)]</label>
    						  <autoscroll delay="8000" time="2000" repeat="8000">Skin.HasSetting(AutoScroll)</autoscroll>
    						</control>
								<control type="label">
									<left>25</left>
									<top>207</top>
									<width>470</width>
									<height>22</height>
									<font>FontSize_20</font>
									<textcolor>99white</textcolor>
						      <shadowcolor>99000000</shadowcolor>
									<align>left</align>
									<label>$INFO[ListItem.Property(Premiered),$LOCALIZE[31003] ]$INFO[ListItem.Property(Rating), • ,]$INFO[ListItem.Property(Duration), • , $LOCALIZE[12391]]</label>
								</control>
							</control>
						</focusedlayout>
					</control>
				</control>

				<!-- Music Videos -->
				<control type="group" id="159">
					<width>750</width>
					<height>530</height>
					<control type="label" id="150">
						<!-- Hide this Control and use the list to pass the label -->
						<label>-</label>
						<visible>false</visible>
					</control>
					<control type="fixedlist" id="151">
						<visible>Container(9000).HasFocus(5)</visible>
				    <include>GlobalSearchSlideAnimations</include>
						<left>270</left>
						<top>110</top>
						<width>750</width>
						<height>520</height>
						<onleft>9000</onleft>
						<onright>9000</onright>
						<onup>151</onup>
						<ondown>151</ondown>
						<focusposition>2</focusposition>
						<movement>2</movement>
						<wraparound>true</wraparound>
				    <scrolltime tween="Quadratic" easing="out">300</scrolltime>
						<itemlayout width="560" height="65">
							<control type="label">
								<left>40</left>
								<width>550</width>
								<font>FontSize_22</font>
								<textcolor>white</textcolor>
								<shadowcolor>77000000</shadowcolor>
								<label>$INFO[ListItem.Label]</label>
							</control>
							<control type="label">
								<left>40</left>
								<top>23</top>
								<width>550</width>
								<font>FontSize_20</font>
								<textcolor>88white</textcolor>
								<shadowcolor>77000000</shadowcolor>
								<label>$INFO[ListItem.Property(Artist)]</label>
							</control>
							<control type="image">
								<left>585</left>
								<top>15</top>
								<width>128</width>
								<height>22</height>
								<texture fallback="rating/rating0.png">$INFO[ListItem.Property(StarRating),rating/,]</texture>
								<aspectratio align="right">keep</aspectratio>
								<animation effect="fade" end="80" time="0" condition="true">Conditional</animation>
							</control>
						</itemlayout>
						<focusedlayout width="560" height="260">
							<control type="group">
				        <animation effect="zoom" start="100" end="93" center="400,140" time="250" tween="sine" easing="inout" condition="![Control.HasFocus(151) | Window.IsVisible(script-globalsearch-contextmenu.xml) | Window.IsVisible(script-globalsearch-infodialog.xml)]">Conditional</animation>
				        <include>BannerListFocusAnimation</include>
				        <include>BannersView_Panel</include>
    						<control type="image">
    							<left>18</left>
    							<top>18</top>
    							<width>290</width>
    							<height>182</height>
    							<aspectratio align="center" aligny="top">scale</aspectratio>
    							<texture background="true" fallback="thumbs/fallback_episode_tp.png">$INFO[ListItem.Thumb]</texture>
    							<bordertexture border="20">thumbs/thumb_border.png</bordertexture>
    							<bordersize>6</bordersize>
    						</control>
    						<control type="image">
    							<left>18</left>
    							<top>18</top>
    							<width>290</width>
    							<height>182</height>
    							<texture>overlays/unwatched/banners/$VAR[WatchedStateOverlay]_Episodes.png</texture>
    							<aspectratio align="center" aligny="center">stretch</aspectratio>
    							<bordersize>6</bordersize>
    							<visible>!IntegerGreaterThan(ListItem.Property(PlayCount),0)</visible>
    						</control>
    						<control type="image">
    							<left>580</left>
    							<top>207</top>
    							<width>128</width>
    							<height>22</height>
    						  <texture fallback="rating/rating0.png">$INFO[ListItem.StarRating,rating/,]</texture>
    							<aspectratio align="right">keep</aspectratio>
    		          <visible>!Stringcompare(ListItem.Label,..)</visible>
    						</control>
    						<control type="label">
    							<left>315</left>
    							<top>22</top>
    							<width>405</width>
    							<font>FontSize_26</font>
    							<textcolor>white</textcolor>
    				      <shadowcolor>99000000</shadowcolor>
    							<align>left</align>
    							<label>$INFO[ListItem.Label]</label>
    						</control>
    						<control type="label">
    							<left>315</left>
    							<top>47</top>
    							<width>400</width>
    							<font>FontSize_20</font>
    							<textcolor>99white</textcolor>
    				      <shadowcolor>99000000</shadowcolor>
    		          <selectedcolor>99white</selectedcolor>
    							<align>left</align>
									<label>$INFO[ListItem.Property(Artist)]</label>
    						</control>
    						<control type="textbox" id="4">
    							<left>315</left>
    							<top>76</top>
    							<width>400</width>
    							<height>120</height>
    							<font>TextboxFont_20</font>
    							<textcolor>99white</textcolor>
    				      <shadowcolor>99000000</shadowcolor>
    						  <align>justify</align>
    							<label fallback="195">$INFO[ListItem.Property(Plot)]</label>
    						  <autoscroll delay="8000" time="2000" repeat="8000">Skin.HasSetting(AutoScroll)</autoscroll>
    						</control>
								<control type="label">
									<left>25</left>
									<top>207</top>
									<width>470</width>
									<height>22</height>
									<font>FontSize_20</font>
									<textcolor>99white</textcolor>
						      <shadowcolor>99000000</shadowcolor>
									<align>left</align>
                  <label>$INFO[ListItem.Property(Year),, • ]$INFO[ListItem.Property(Rating),,]$INFO[ListItem.Property(Duration), • , $LOCALIZE[12391]]</label>
								</control>
							</control>
						</focusedlayout>
					</control>
				</control>

				<!-- Artists -->
				<control type="group" id="169">
					<width>750</width>
					<height>530</height>
					<control type="label" id="160">
						<!-- Hide this Control and use the list to pass the label -->
						<label>-</label>
						<visible>false</visible>
					</control>
					<control type="fixedlist" id="161">
						<visible>Container(9000).HasFocus(6)</visible>
				    <include>GlobalSearchSlideAnimations</include>
						<left>270</left>
						<top>110</top>
						<width>750</width>
						<height>520</height>
						<onleft>9000</onleft>
						<onright>9000</onright>
						<onup>161</onup>
						<ondown>161</ondown>
						<focusposition>2</focusposition>
						<movement>2</movement>
						<wraparound>true</wraparound>
				    <scrolltime tween="Quadratic" easing="out">300</scrolltime>
						<itemlayout width="560" height="65">
							<control type="label">
								<left>40</left>
								<width>550</width>
								<font>FontSize_22</font>
								<textcolor>white</textcolor>
								<shadowcolor>77000000</shadowcolor>
								<label>$INFO[ListItem.Label]</label>
							</control>
							<control type="label">
								<left>40</left>
								<top>23</top>
								<width>550</width>
								<font>FontSize_20</font>
								<textcolor>88white</textcolor>
								<shadowcolor>77000000</shadowcolor>
								<label>$INFO[ListItem.Property(Artist_Genre)]</label>
							</control>
						</itemlayout>
						<focusedlayout width="560" height="260">
							<control type="group">
				        <animation effect="zoom" start="100" end="93" center="400,140" time="250" tween="sine" easing="inout" condition="![Control.HasFocus(161) | Window.IsVisible(script-globalsearch-contextmenu.xml) | Window.IsVisible(script-globalsearch-infodialog.xml)]">Conditional</animation>
				        <include>BannerListFocusAnimation</include>
				        <include>BannersView_Panel</include>
								<control type="image">
    							<left>18</left>
    							<top>18</top>
    							<width>220</width>
    							<height>217</height>
									<texture fallback="thumbs/fallback_square_tp.png">$INFO[ListItem.Thumb]</texture>
									<aspectratio align="center" aligny="center">scale</aspectratio>
									<bordertexture border="6">thumbs/thumb_border.png</bordertexture>
									<bordersize>6</bordersize>
								</control>
								<control type="label">
									<left>245</left>
									<top>22</top>
									<width>475</width>
									<font>FontSize_26</font>
									<textcolor>white</textcolor>
						      <shadowcolor>99000000</shadowcolor>
									<align>left</align>
									<label>$INFO[ListItem.Label]</label>
								</control>
								<control type="label">
									<left>245</left>
									<top>47</top>
									<width>475</width>
									<font>FontSize_20</font>
									<textcolor>99white</textcolor>
						      <shadowcolor>99000000</shadowcolor>
									<align>left</align>
									<label>$INFO[ListItem.Property(Artist_Genre)]</label>
								</control>
								<control type="textbox" id="4">
    							<left>245</left>
    							<top>77</top>
    							<width>470</width>
    							<height>120</height>
    						  <align>justify</align>
    							<font>TextboxFont_20</font>
    							<textcolor>99white</textcolor>
    				      <shadowcolor>99000000</shadowcolor>
									<label fallback="195">$INFO[ListItem.Property(Artist_Description)]</label>
								  <autoscroll delay="8000" time="2000" repeat="8000">Skin.HasSetting(AutoScroll)</autoscroll>
								</control>
								<control type="label">
									<left>245</left>
									<top>207</top>
									<width>470</width>
									<height>22</height>
									<font>FontSize_20</font>
									<textcolor>99white</textcolor>
						      <shadowcolor>99000000</shadowcolor>
									<align>left</align>
                  <label>$INFO[ListItem.Property(Artist_YearsActive),$LOCALIZE[21898]  ]</label>
								</control>
							</control>
						</focusedlayout>
					</control>
				</control>

				<!-- Albums -->	
				<control type="group" id="179">
					<width>750</width>
					<height>530</height>
					<control type="label" id="170">
						<!-- Hide this Control and use the list to pass the label -->
						<label>-</label>
						<visible>false</visible>
					</control>
					<control type="fixedlist" id="171">
						<visible>Container(9000).HasFocus(7)</visible>
				    <include>GlobalSearchSlideAnimations</include>
						<left>270</left>
						<top>110</top>
						<width>750</width>
						<height>520</height>
						<onleft>9000</onleft>
						<onright>9000</onright>
						<onup>171</onup>
						<ondown>171</ondown>
						<focusposition>2</focusposition>
						<movement>2</movement>
						<wraparound>true</wraparound>
				    <scrolltime tween="Quadratic" easing="out">300</scrolltime>
						<itemlayout width="560" height="65">
							<control type="label">
								<left>40</left>
								<width>550</width>
								<label>$INFO[ListItem.Label]</label>
								<font>FontSize_22</font>
								<textcolor>white</textcolor>
								<shadowcolor>77000000</shadowcolor>
							</control>
							<control type="label">
								<left>40</left>
								<top>23</top>
								<width>550</width>
								<label>$INFO[ListItem.Property(Artist)]</label>
								<font>FontSize_20</font>
								<textcolor>88white</textcolor>
								<shadowcolor>77000000</shadowcolor>
							</control>
							<control type="image">
								<left>585</left>
								<top>15</top>
								<width>128</width>
								<height>22</height>
								<texture fallback="rating/rating0.png">$INFO[ListItem.Property(StarRating),rating/,]</texture>
								<aspectratio align="right">keep</aspectratio>
								<animation effect="fade" end="80" time="0" condition="true">Conditional</animation>
							</control>
						</itemlayout>
						<focusedlayout width="560" height="260">
							<control type="group">
				        <animation effect="zoom" start="100" end="93" center="400,140" time="250" tween="sine" easing="inout" condition="![Control.HasFocus(171) | Window.IsVisible(script-globalsearch-contextmenu.xml) | Window.IsVisible(script-globalsearch-infodialog.xml)]">Conditional</animation>
				        <include>BannerListFocusAnimation</include>
				        <include>BannersView_Panel</include>
								<control type="image">
    							<left>18</left>
    							<top>18</top>
    							<width>220</width>
    							<height>217</height>
									<texture fallback="thumbs/fallback_square_tp.png">$INFO[ListItem.Thumb]</texture>
									<aspectratio align="center" aligny="center">scale</aspectratio>
									<bordertexture border="6">thumbs/thumb_border.png</bordertexture>
									<bordersize>6</bordersize>
								</control>
								<control type="image">
									<left>585</left>
									<top>207</top>
									<width>128</width>
									<height>22</height>
								  <texture fallback="rating/rating0.png">$INFO[ListItem.Property(StarRating),rating/,]</texture>
									<aspectratio align="right">keep</aspectratio>
								</control>
								<control type="label">
									<left>245</left>
									<top>22</top>
									<width>475</width>
									<font>FontSize_26</font>
									<textcolor>white</textcolor>
						      <shadowcolor>99000000</shadowcolor>
									<align>left</align>
									<label>$INFO[ListItem.Label]</label>
								</control>
								<control type="label">
									<left>245</left>
									<top>47</top>
									<width>475</width>
									<font>FontSize_20</font>
									<textcolor>99white</textcolor>
						      <shadowcolor>99000000</shadowcolor>
									<align>left</align>
									<label>$INFO[ListItem.Property(Artist)]</label>
								</control>
								<control type="textbox" id="4">
    							<left>245</left>
    							<top>77</top>
    							<width>470</width>
    							<height>120</height>
    						  <align>justify</align>
    							<font>TextboxFont_20</font>
    							<textcolor>99white</textcolor>
    				      <shadowcolor>99000000</shadowcolor>
									<label fallback="195">$INFO[ListItem.Property(Album_Description)]</label>
								  <autoscroll delay="8000" time="2000" repeat="8000">Skin.HasSetting(AutoScroll)</autoscroll>
								</control>
								<control type="label">
									<left>245</left>
									<top>207</top>
									<width>470</width>
									<height>22</height>
									<font>FontSize_20</font>
									<textcolor>99white</textcolor>
						      <shadowcolor>99000000</shadowcolor>
									<align>left</align>
                  <label>$INFO[ListItem.Property(Year)]$INFO[ListItem.Property(Album_label), • ]</label>
								</control>
							</control>
						</focusedlayout>
					</control>
				</control>
	
				<!-- Songs -->	
				<control type="group" id="189">
					<width>750</width>
					<height>530</height>
					<control type="label" id="180">
						<!-- Hide this Control and use the list to pass the label -->
						<label>-</label>
						<visible>false</visible>
					</control>
					<control type="fixedlist" id="181">
						<visible>Container(9000).HasFocus(8)</visible>
				    <include>GlobalSearchSlideAnimations</include>
						<left>270</left>
						<top>110</top>
						<width>750</width>
						<height>520</height>
						<onleft>9000</onleft>
						<onright>9000</onright>
						<onup>181</onup>
						<ondown>181</ondown>
						<focusposition>2</focusposition>
						<movement>2</movement>
						<wraparound>true</wraparound>
				    <scrolltime tween="Quadratic" easing="out">300</scrolltime>
						<itemlayout width="560" height="65">
							<control type="label">
								<left>40</left>
								<width>550</width>
								<label>$INFO[ListItem.Label]</label>
								<font>FontSize_22</font>
								<textcolor>white</textcolor>
								<shadowcolor>77000000</shadowcolor>
							</control>
							<control type="label">
								<left>40</left>
								<top>23</top>
								<width>550</width>
								<label>$INFO[ListItem.Property(Album)]</label>
								<font>FontSize_20</font>
								<textcolor>88white</textcolor>
								<shadowcolor>77000000</shadowcolor>
							</control>
							<control type="image">
								<left>585</left>
								<top>15</top>
								<width>128</width>
								<height>22</height>
								<texture fallback="rating/rating0.png">$INFO[ListItem.Property(StarRating),rating/,]</texture>
								<aspectratio align="right">keep</aspectratio>
								<animation effect="fade" end="80" time="0" condition="true">Conditional</animation>
							</control>
						</itemlayout>
						<focusedlayout width="560" height="260">
							<control type="group">
				        <animation effect="zoom" start="100" end="93" center="400,140" time="250" tween="sine" easing="inout" condition="![Control.HasFocus(181) | Window.IsVisible(script-globalsearch-contextmenu.xml) | Window.IsVisible(script-globalsearch-infodialog.xml)]">Conditional</animation>
				        <include>BannerListFocusAnimation</include>
				        <include>BannersView_Panel</include>
								<control type="image">
    							<left>18</left>
    							<top>18</top>
    							<width>220</width>
    							<height>217</height>
									<texture fallback="thumbs/fallback_square_tp.png">$INFO[ListItem.Thumb]</texture>
									<aspectratio align="center" aligny="center">scale</aspectratio>
									<bordertexture border="6">thumbs/thumb_border.png</bordertexture>
									<bordersize>6</bordersize>
								</control>
								<control type="image">
									<left>585</left>
									<top>207</top>
									<width>128</width>
									<height>22</height>
								  <texture fallback="rating/rating0.png">$INFO[ListItem.Property(StarRating),rating/,]</texture>
									<aspectratio align="right">keep</aspectratio>
								</control>
								<control type="label">
									<left>245</left>
									<top>22</top>
									<width>475</width>
									<font>FontSize_26</font>
									<textcolor>white</textcolor>
						      <shadowcolor>99000000</shadowcolor>
									<align>left</align>
									<label>$INFO[ListItem.Label]</label>
								</control>
								<control type="label">
									<left>245</left>
									<top>47</top>
									<width>475</width>
									<font>FontSize_20</font>
									<textcolor>99white</textcolor>
						      <shadowcolor>99000000</shadowcolor>
									<align>left</align>
									<label>$INFO[ListItem.Property(Album)] $INFO[ListItem.Property(Year), (,)]</label>
								</control>
								<control type="textbox" id="4">
    							<left>245</left>
    							<top>77</top>
    							<width>470</width>
    							<height>120</height>
    						  <align>justify</align>
    							<font>TextboxFont_20</font>
    							<textcolor>99white</textcolor>
    				      <shadowcolor>99000000</shadowcolor>
									<label fallback="195">$INFO[ListItem.Property(Comment)]</label>
								  <autoscroll delay="8000" time="2000" repeat="8000">Skin.HasSetting(AutoScroll)</autoscroll>
								</control>
								<control type="label">
									<left>245</left>
									<top>207</top>
									<width>470</width>
									<height>22</height>
									<font>FontSize_20</font>
									<textcolor>99white</textcolor>
						      <shadowcolor>99000000</shadowcolor>
									<align>left</align>
                  <label>$INFO[ListItem.Property(Track),$LOCALIZE[554] #0,]$INFO[ListItem.Property(Duration), • , $LOCALIZE[12391]]</label>
							    <visible>!IntegerGreaterThan(ListItem.Property(Track),9)</visible>
								</control>
								<control type="label">
									<left>245</left>
									<top>207</top>
									<width>470</width>
									<height>22</height>
									<font>FontSize_20</font>
									<textcolor>99white</textcolor>
						      <shadowcolor>99000000</shadowcolor>
									<align>left</align>
                  <label>$INFO[ListItem.Property(Track),$LOCALIZE[554] #,]$INFO[ListItem.Property(Duration), • , $LOCALIZE[12391]]</label>
							    <visible>IntegerGreaterThan(ListItem.Property(Track),9)</visible>
								</control>
							</control>
						</focusedlayout>
					</control>
				</control>
		 </control>


		 <!-- ================ -->
		 <!-- Top Content Info -->
		 <!-- ================ -->
		 <control type="group">
				<left>45</left>
				<top>25</top>
			  <visible>![Window.IsActive(script-globalsearch-infodialog.xml) | Window.IsActive(script-globalsearch-contextmenu.xml)]</visible>
		    <include>GlobalSearchSlideAnimations</include>
		    <include>ShutdownMenuAnimation</include>
				<control type="grouplist">
					<left>0</left>
					<top>0</top>
					<height>70</height>
					<width>1000</width>
					<align>left</align>
					<itemgap>10</itemgap>
					<orientation>horizontal</orientation>
					<control type="label">
					  <include>TopBigLabel</include>
					  <label>$LOCALIZE[284]</label>
						<visible>Control.IsVisible(199)</visible>
					</control>
					<control type="label">
					  <include>TopBigLabel</include>
						<label>$LOCALIZE[283]:</label>
					  <visible>IsEmpty(Control.GetLabel(190)) + !Control.IsVisible(199)</visible>
					</control>
					<control type="label">
					  <include>TopBigLabel</include>
						<label>$INFO[Container(9000).ListItem.Label]</label>
					  <visible>IsEmpty(Control.GetLabel(190)) + !Control.IsVisible(199)</visible>
					</control>
					<control type="label">
						<label>$LOCALIZE[194] [COLOR=blue]$INFO[Control.GetLabel(191)][/COLOR]</label>
					  <include>TopBigLabel</include>
					  <visible>!IsEmpty(Control.GetLabel(190))</visible>
					</control>
					<control type="label">
					  <include>TopZoomedSmallLabel</include>
						<label>$LOCALIZE[31020] $INFO[Control.GetLabel(110)] $LOCALIZE[31025]</label>
	          <visible>Control.HasFocus(111) | Container(9000).HasFocus(1)</visible>
	          <visible>IsEmpty(Control.GetLabel(190))  + !Control.IsVisible(199)</visible>
					</control>
					<control type="label">
					  <include>TopZoomedSmallLabel</include>
						<label>$LOCALIZE[31020] $INFO[Control.GetLabel(120)] $LOCALIZE[31025]</label>
	          <visible>Control.HasFocus(121) | Container(9000).HasFocus(2)</visible>
	          <visible>IsEmpty(Control.GetLabel(190))  + !Control.IsVisible(199)</visible>
					</control>
					<control type="label">
					  <include>TopZoomedSmallLabel</include>
						<label>$LOCALIZE[31020] $INFO[Control.GetLabel(130)] $LOCALIZE[31025]</label>
	          <visible>Control.HasFocus(131) | Container(9000).HasFocus(3)</visible>
	          <visible>IsEmpty(Control.GetLabel(190))  + !Control.IsVisible(199)</visible>
					</control>
					<control type="label">
					  <include>TopZoomedSmallLabel</include>
						<label>$LOCALIZE[31020] $INFO[Control.GetLabel(140)] $LOCALIZE[31025]</label>
	          <visible>Control.HasFocus(141) | Container(9000).HasFocus(4)</visible>
	          <visible>IsEmpty(Control.GetLabel(190))  + !Control.IsVisible(199)</visible>
					</control>
					<control type="label">
					  <include>TopZoomedSmallLabel</include>
						<label>$LOCALIZE[31020] $INFO[Control.GetLabel(150)] $LOCALIZE[31025]</label>
	          <visible>Control.HasFocus(151) | Container(9000).HasFocus(5)</visible>
	          <visible>IsEmpty(Control.GetLabel(190))  + !Control.IsVisible(199)</visible>
					</control>
					<control type="label">
					  <include>TopZoomedSmallLabel</include>
						<label>$LOCALIZE[31020] $INFO[Control.GetLabel(160)] $LOCALIZE[31025]</label>
	          <visible>Control.HasFocus(161) | Container(9000).HasFocus(6)</visible>
	          <visible>IsEmpty(Control.GetLabel(190))  + !Control.IsVisible(199)</visible>
					</control>
					<control type="label">
					  <include>TopZoomedSmallLabel</include>
						<label>$LOCALIZE[31020] $INFO[Control.GetLabel(170)] $LOCALIZE[31025]</label>
	          <visible>Control.HasFocus(171) | Container(9000).HasFocus(7)</visible>
	          <visible>IsEmpty(Control.GetLabel(190))  + !Control.IsVisible(199)</visible>
					</control>
					<control type="label">
					  <include>TopZoomedSmallLabel</include>
						<label>$LOCALIZE[31020] $INFO[Control.GetLabel(180)] $LOCALIZE[31025]</label>
	          <visible>Control.HasFocus(181) | Container(9000).HasFocus(8)</visible>
	          <visible>IsEmpty(Control.GetLabel(190))  + !Control.IsVisible(199)</visible>
					</control>
				</control>
		 </control>
		 
		 <include>CommonNowPlaying</include>
		 <control type="group">
				<include>GlobalSearchSlideAnimations</include>
	      <include>CommonWeatherAndClock</include>
	   </control>

		</control>
	
	
	  <!-- ================ -->
	  <!-- Top Content Menu -->
	  <!-- ================ -->
		<control type="group">
			<left>45</left>
			<top>75</top>
	    <include>GlobalSearchSlideAnimations</include>
			<animation effect="slide" start="0" end="-300" time="250" tween="cubic" easing="in" condition="!Control.HasFocus(9000) + !Control.IsVisible(199) + Control.IsVisible(198) | Window.IsActive(AddonSettings)">Conditional</animation>
			<control type="list" id="9000">
				<left>0</left>
				<top>0</top>
				<width>425</width>
				<height>343</height>
				<onleft>100</onleft>
				<onright>100</onright>
				<onup>9000</onup>
				<ondown>9000</ondown>
				<pagecontrol>-</pagecontrol>
				<scrolltime>300</scrolltime>
	      <include>ShutdownMenuAnimation</include>
				<itemlayout height="37" width="425">
					<control type="image">
						<left>0</left>
						<top>0</top>
						<width>425</width>
						<height>37</height>
						<align>left</align>
						<aligny>center</aligny>
            <texture>buttons/contextmenu_nf.png</texture>
					</control>
					<control type="label">
						<left>25</left>
						<top>0</top>
						<width>380</width>
						<height>39</height>
						<font>FontSize_22</font>
						<textcolor>77white</textcolor>
					  <shadowcolor>99000000</shadowcolor>
						<align>left</align>
						<aligny>center</aligny>
						<label>$INFO[ListItem.Label]</label>
					</control>
				</itemlayout>
				<focusedlayout height="37" width="425">
					<control type="image">
						<left>0</left>
						<top>0</top>
						<width>425</width>
						<height>37</height>
						<align>left</align>
						<aligny>center</aligny>
            <texture>buttons/contextmenu_fo.png</texture>
					</control>
					<control type="label">
						<left>25</left>
						<top>0</top>
						<width>380</width>
						<height>39</height>
						<font>FontSize_22</font>
						<textcolor>white</textcolor>
					  <shadowcolor>99000000</shadowcolor>
						<align>left</align>
						<aligny>center</aligny>
						<label>$INFO[ListItem.Label]</label>
					</control>
				</focusedlayout>
				<content>
					<item id="1">
						<label>$LOCALIZE[20342]</label>
						<onclick>noop</onclick>
						<visible>Control.IsVisible(119)</visible>
					</item>
					<item id="2">
						<label>$LOCALIZE[31002]</label>
						<onclick>noop</onclick>
						<visible>Control.IsVisible(129)</visible>
					</item>
					<item id="3">
						<label>$LOCALIZE[33054]</label>
						<onclick>noop</onclick>
						<visible>Control.IsVisible(139)</visible>
					</item>
					<item id="4">
						<label>$LOCALIZE[20360]</label>
						<onclick>noop</onclick>
						<visible>Control.IsVisible(149)</visible>
					</item>
					<item id="5">
						<label>$LOCALIZE[20389]</label>
						<onclick>noop</onclick>
						<visible>Control.IsVisible(159)</visible>
					</item>
					<item id="6">
						<label>$LOCALIZE[133]</label>
						<onclick>noop</onclick>
						<visible>Control.IsVisible(169)</visible>
					</item>
					<item id="7">
						<label>$LOCALIZE[132]</label>
						<onclick>noop</onclick>
						<visible>Control.IsVisible(179)</visible>
					</item>
					<item id="8">
						<label>$LOCALIZE[134]</label>
						<onclick>noop</onclick>
						<visible>Control.IsVisible(189)</visible>
					</item>
					<item id="9">
						<label>$LOCALIZE[31203]</label>
						<onclick>SendClick(198)</onclick>
						<onclick>Control.Setfocus(9000,0)</onclick>
						<visible>Control.IsVisible(198)</visible>
					</item>
					<item id="10">
						<label>5</label>
            <onclick>Addon.OpenSettings(script.globalsearch)</onclick>
						<visible>Control.IsVisible(198)</visible>
					</item>
				</content>
			</control>

			<control type="button" id="198">
				<!-- Hide this Control and use the list to pass the label -->
				<left>2000</left>
				<top>2000</top>
				<onup>9000</onup>
				<ondown>9000</ondown>
				<onleft>101</onleft>
				<onright>101</onright>
			</control>
			<control type="label" id="199">
				<!-- Hide this Control and use the list to pass the label -->
				<left>2000</left>
				<top>2000</top>
				<width>0</width>
				<height>0</height>
				<label>-</label>
				<font>-</font>
			</control>
			<control type="label" id="190">
				<!-- Hide this Control and use the list to pass the label -->
				<label>-</label>
				<visible>false</visible>
			</control>
			<control type="label" id="191">
				<!-- Hide this Control and use the list to pass the label -->
				<label>-</label>
				<visible>false</visible>
			</control>
		</control>
	

	

		  
	</controls>
</window>
