<?xml version="1.0" encoding="UTF-8"?>
<window  id="123">
	<defaultcontrol>5</defaultcontrol>
	<controls>
		<control type="group">
			<include>DialogAnimation</include>
			<visible>!Window.IsActive(SliderDialog) + !Window.IsVisible(FileBrowser)</visible>
			<include>DialogSelectBackground</include>
			<control type="label">
				<description>header label</description>
				<left>360</left>
				<top>152</top>
				<width>560</width>
				<include>DialogsHeaderLabel</include>
				<label>$VAR[VideoOSDSettingsHeader]</label>
			</control>
			<control type="grouplist" id="5">
				<description>control area</description>
				<left>364</left>
				<top>209</top>
				<width>553</width>
				<height>302</height>
				<itemgap>4</itemgap>>
				<onleft>Close</onleft>
				<onright>Close</onright>
				<onup>5</onup>
				<ondown>5</ondown>
			</control>
		</control>
		<control type="button" id="7">
			<description>Default Button</description>
			<include>DialogsButton</include>
		</control>
		<control type="radiobutton" id="8">
			<description>Default RadioButton</description>
			<include>DialogsRadioButton</include>
		</control>
		<control type="spincontrolex" id="9">
			<description>Default SpinControlex</description>
			<include>DialogsSpincontrolex</include>
		</control>
		<control type="sliderex" id="13">
			<description>Default Slider</description>
			<include>DialogsSliderex</include>
		</control>
		<control type="image" id="11">
			<description>separator image</description>
			<visible>false</visible>
		</control>
		<control type="image" id="14">
			<description>Default Label</description>
			<height>2</height>
			<label>-</label>
			<visible>false</visible>
		</control>
	</controls>
</window>
