<?xml version="1.0" encoding="UTF-8"?>
<includes> 
	<!-- ======================================== -->
	<!-- ==== Thumbnails View Programs "560" ==== -->
	<!-- ======================================== -->
	<include name="ThumbnailsView_Programs">
		<control type="group">
			<visible>Control.IsVisible(560)</visible>
			<include>ThumbnailsAnimations</include>
			<include>DialogZoomInOutAnimation</include>
			<control type="panel" id="560">
				<left>40</left>
				<top>95</top>
				<width>1200</width>
				<height>501</height>
				<onleft>9111</onleft>
				<onright>60</onright>
				<onup>560</onup>
				<ondown>560</ondown>
				<orientation>vertical</orientation>
				<pagecontrol>60</pagecontrol>
				<preloaditems>2</preloaditems>
				<viewtype label="31085">icons</viewtype>
				<scrolltime tween="Quadratic" easing="out">250</scrolltime>
				<!--<visible>Container.Content(addons) + Container.HasFiles</visible>-->
				<itemlayout condition="!Skin.HasSetting(ShowSmallProgramsThumbs)" height="248" width="239.5">
					<control type="image">
						<left>5</left>
						<top>5</top>
						<width>231</width>
						<height>240</height>
						<aspectratio align="center" aligny="center">stretch</aspectratio>
						<texture border="31">views/other/panel.png</texture>
					</control>
					<control type="image">
						<left>9</left>
						<top>9</top>
						<width>223</width>
						<height>232</height>
						<aspectratio align="center" aligny="center">scale</aspectratio>
						<texture background="true" fallback="thumbs/fallback_square_tp.png">$VAR[ThumbnailsIcon]</texture>
						<bordertexture border="6">thumbs/thumb_border.png</bordertexture>
						<bordersize>6</bordersize>
					</control>
					<control type="image">
						<left>9</left>
						<top>9</top>
						<width>223</width>
						<height>232</height>
						<texture>overlays/unwatched/thumbs/$VAR[WatchedStateOverlay]_Square.png</texture>
						<aspectratio align="center" aligny="center">stretch</aspectratio>
						<bordersize>6</bordersize>
						<visible>[StringCompare(Skin.String(WatchedFlag),unwatched) + stringcompare(ListItem.Overlay,OverlayUnWatched.png)] | [StringCompare(Skin.String(WatchedFlag),watched) + stringcompare(ListItem.Overlay,OverlayWatched.png)]</visible>
					</control>
					<control type="image">
						<left>9</left>
						<top>9</top>
						<width>223</width>
						<height>232</height>
						<texture background="true">$VAR[AddonStatus]</texture>
						<aspectratio align="center" aligny="center">stretch</aspectratio>
						<bordersize>6</bordersize>
					</control>
				</itemlayout>
				<itemlayout condition="Skin.HasSetting(ShowSmallProgramsThumbs)" height="167" width="171">
					<control type="image">
						<left>5</left>
						<top>5</top>
						<width>163</width>
						<height>158</height>
						<aspectratio align="center" aligny="center">stretch</aspectratio>
						<texture border="31">views/other/panel.png</texture>
					</control>
					<control type="image">
						<left>9</left>
						<top>9</top>
						<width>155</width>
						<height>150</height>
						<aspectratio align="center" aligny="center">scale</aspectratio>
						<texture background="true" fallback="thumbs/fallback_square_tp.png">$VAR[ThumbnailsIcon]</texture>
						<bordertexture border="6">thumbs/thumb_border.png</bordertexture>
						<bordersize>6</bordersize>
					</control>
					<control type="image">
						<left>9</left>
						<top>9</top>
						<width>155</width>
						<height>150</height>
						<aspectratio align="center" aligny="center">stretch</aspectratio>
						<texture>overlays/unwatched/thumbs/$VAR[WatchedStateOverlay]_Square.png</texture>
						<bordersize>6</bordersize>
						<visible>[StringCompare(Skin.String(WatchedFlag),unwatched) + stringcompare(ListItem.Overlay,OverlayUnWatched.png)] | [StringCompare(Skin.String(WatchedFlag),watched) + stringcompare(ListItem.Overlay,OverlayWatched.png)]</visible>
					</control>
					<control type="image">
						<left>9</left>
						<top>9</top>
						<width>155</width>
						<height>150</height>
						<aspectratio align="center" aligny="center">stretch</aspectratio>
						<texture background="true">$VAR[AddonStatus]</texture>
						<bordersize>6</bordersize>
					</control>
				</itemlayout>
				<focusedlayout condition="!Skin.HasSetting(ShowSmallProgramsThumbs)" height="248" width="239.5">
					<control type="image">
						<left>5</left>
						<top>5</top>
						<width>231</width>
						<height>240</height>
						<aspectratio align="center" aligny="center">stretch</aspectratio>
						<texture border="31">views/other/panel.png</texture>
					</control>
					<control type="image">
						<left>9</left>
						<top>9</top>
						<width>223</width>
						<height>232</height>
						<aspectratio align="center" aligny="center">scale</aspectratio>
						<texture background="true" fallback="thumbs/fallback_square_tp.png">$VAR[ThumbnailsIcon]</texture>
						<bordertexture border="6">thumbs/thumb_border.png</bordertexture>
						<bordersize>6</bordersize>
					</control>
					<control type="image">
						<left>9</left>
						<top>9</top>
						<width>223</width>
						<height>232</height>
						<texture>overlays/unwatched/thumbs/$VAR[WatchedStateOverlay]_Square.png</texture>
						<aspectratio align="center" aligny="center">stretch</aspectratio>
						<bordersize>6</bordersize>
						<visible>[StringCompare(Skin.String(WatchedFlag),unwatched) + stringcompare(ListItem.Overlay,OverlayUnWatched.png)] | [StringCompare(Skin.String(WatchedFlag),watched) + stringcompare(ListItem.Overlay,OverlayWatched.png)]</visible>
					</control>
					<control type="image">
						<left>9</left>
						<top>9</top>
						<width>223</width>
						<height>232</height>
						<texture background="true">$VAR[AddonStatus]</texture>
						<aspectratio align="center" aligny="center">stretch</aspectratio>
						<bordersize>6</bordersize>
					</control>
					<control type="image">
						<left>5</left>
						<top>5</top>
						<width>231</width>
						<height>240</height>
						<aspectratio align="center" aligny="center">stretch</aspectratio>
						<texture border="31">views/other/focus_blue.png</texture>
						<include>ThumbnailsFocusAnimation</include>
					</control>
				</focusedlayout>
				<focusedlayout condition="Skin.HasSetting(ShowSmallProgramsThumbs)" height="167" width="171">
					<control type="image">
						<left>5</left>
						<top>5</top>
						<width>163</width>
						<height>158</height>
						<aspectratio align="center" aligny="center">stretch</aspectratio>
						<texture border="31">views/other/panel.png</texture>
					</control>
					<control type="image">
						<left>9</left>
						<top>9</top>
						<width>155</width>
						<height>150</height>
						<aspectratio align="center" aligny="center">scale</aspectratio>
						<texture background="true" fallback="thumbs/fallback_square_tp.png">$VAR[ThumbnailsIcon]</texture>
						<bordertexture border="6">thumbs/thumb_border.png</bordertexture>
						<bordersize>6</bordersize>
					</control>
					<control type="image">
						<left>9</left>
						<top>9</top>
						<width>155</width>
						<height>150</height>
						<texture>overlays/unwatched/thumbs/$VAR[WatchedStateOverlay]_Square.png</texture>
						<aspectratio align="center" aligny="center">stretch</aspectratio>
						<bordersize>6</bordersize>
						<visible>[StringCompare(Skin.String(WatchedFlag),unwatched) + stringcompare(ListItem.Overlay,OverlayUnWatched.png)] | [StringCompare(Skin.String(WatchedFlag),watched) + stringcompare(ListItem.Overlay,OverlayWatched.png)]</visible>
					</control>
					<control type="image">
						<left>9</left>
						<top>9</top>
						<width>155</width>
						<height>150</height>
						<texture background="true">$VAR[AddonStatus]</texture>
						<aspectratio align="center" aligny="center">stretch</aspectratio>
						<bordersize>6</bordersize>
					</control>
					<control type="image">
						<left>5</left>
						<top>5</top>
						<width>163</width>
						<height>158</height>
						<aspectratio align="center" aligny="center">stretch</aspectratio>
						<texture border="31">views/other/focus_blue.png</texture>
						<include>ThumbnailsFocusAnimation</include>
					</control>
				</focusedlayout>
			</control>
			<control type="button">
				<left>40</left>
				<top>598</top>
				<width>1200</width>
				<height>35</height>
				<font>FontSize_26B</font>
				<textcolor>bbwhite</textcolor>
				<focusedcolor>bbwhite</focusedcolor>
				<disabledcolor>bbwhite</disabledcolor>
				<shadowcolor>77000000</shadowcolor>
				<texturefocus>-</texturefocus>
				<texturenofocus>-</texturenofocus>
				<align>left</align>
				<aligny>top</aligny>
				<label>$INFO[ListItem.Label]</label>
				<label2>$VAR[AddonsLabel2]</label2>
				<visible>Control.IsVisible(560)</visible>
				<animation effect="slide" start="0,0" end="0,-6" time="0" condition="!Skin.HasSetting(ShowSmallProgramsThumbs)">Conditional</animation>
			</control>
			<control type="scrollbar" id="60">
				<right>30</right>
				<top>100</top>
				<width>9</width>
				<height>489</height>
				<texturesliderbackground>-</texturesliderbackground>
				<texturesliderbar border="0,14,0,14">views/scrollbar/scrollbar.png</texturesliderbar>
				<texturesliderbarfocus border="0,14,0,14">views/scrollbar/scrollbar.png</texturesliderbarfocus>
				<textureslidernib>-</textureslidernib>
				<textureslidernibfocus>-</textureslidernibfocus>
				<onleft>56</onleft>
				<onright>9111</onright>
				<showonepage>false</showonepage>
				<orientation>vertical</orientation>
				<animation effect="fade" start="100" end="0" time="250" condition="!Control.HasFocus(60) + !Container.Scrolling">Conditional</animation>
				<visible>!Skin.HasSetting(ShowSmallProgramsThumbs)</visible>
			</control>
			<control type="scrollbar" id="60">
				<right>30</right>
				<top>100</top>
				<width>9</width>
				<height>495</height>
				<texturesliderbackground>-</texturesliderbackground>
				<texturesliderbar border="0,14,0,14">views/scrollbar/scrollbar.png</texturesliderbar>
				<texturesliderbarfocus border="0,14,0,14">views/scrollbar/scrollbar.png</texturesliderbarfocus>
				<textureslidernib>-</textureslidernib>
				<textureslidernibfocus>-</textureslidernibfocus>
				<onleft>56</onleft>
				<onright>9111</onright>
				<showonepage>false</showonepage>
				<orientation>vertical</orientation>
				<animation effect="fade" start="100" end="0" time="250" condition="!Control.HasFocus(60) + !Container.Scrolling">Conditional</animation>
				<visible>Skin.HasSetting(ShowSmallProgramsThumbs)</visible>
			</control>
		</control>
	</include>

	<!-- ===================================== -->
	<!-- ==== Thumb List View "582" ==== -->
	<!-- ===================================== -->

	<include name="ThumbListView_Programs">		
		<!-- artwork -->
		<control type="group">
			<left>0</left>
			<top>162</top>
			<include>DialogZoomInOutAnimation</include>
			<include>EpisodeViewAnimationsLeft</include>
			<visible>Control.IsVisible(582)</visible>
			<control type="image">
				<left>-75</left>
				<top>-136</top>
				<width>687</width>
				<height>520</height>
				<texture background="true">views/episode/episode_blue_shadow.png</texture>
				<animation effect="fade" time="0" end="60" condition="true">Conditional</animation>
			</control>
			<control type="image">
				<left>46</left>
				<width>441</width>
				<height>248</height>
				<aspectratio align="center" aligny="center" scalediffuse="false">scale</aspectratio>
				<texture background="true" diffuse="views/episode/episode_diffuse.png">thumbs/thumb_back.png</texture>
			</control>
			<control type="image">
				<left>46</left>
				<width>441</width>
				<height>248</height>
				<aspectratio align="center" aligny="center" scalediffuse="false">keep</aspectratio>
				<texture background="true" diffuse="views/episode/episode_diffuse.png">$INFO[ListItem.Icon]</texture>
				<visible>IsEmpty(ListItem.Art(fanart))</visible>
			</control>
			<control type="image">
				<left>46</left>
				<width>441</width>
				<height>248</height>
				<aspectratio align="center" aligny="center" scalediffuse="false">scale</aspectratio>
				<texture background="true" diffuse="views/episode/episode_diffuse.png">$VAR[EpisodeThumb]</texture>
				<fadetime>FanartCrossfadeTime</fadetime>				
			</control>				
			<control type="image">
				<left>46</left>
				<width>441</width>
				<height>248</height>
				<aspectratio aligny="center" align="center">stretch</aspectratio>
				<texture background="true" diffuse="views/episode/episode_diffuse.png">views/episode/episode_label.png</texture>
				<visible>!Stringcompare(ListItem.Label,..)</visible>
			</control>	
			<control type="image">
				<left>46</left>
				<width>441</width>
				<height>248</height>
				<aspectratio aligny="center" align="center">stretch</aspectratio>
				<texture background="true">views/episode/episode_overlay.png</texture>
			</control>
			<!-- thumb label -->
			<control type="label">
				<left>60</left>
				<top>165</top>
				<width>410</width>
				<height>50</height>
				<font>font30</font>
				<textcolor>white</textcolor>
				<shadowcolor>77000000</shadowcolor>
				<align>left</align>
				<aligny>bottom</aligny>
				<label>$VAR[EpisodeThumbTitle]</label>
				<visible>!Stringcompare(ListItem.Label,..)</visible>
			</control>
			<control type="label">
				<left>60</left>
				<top>195</top>
				<width>300</width>
				<height>50</height>
				<font>font11</font>
				<textcolor>77white</textcolor>
				<shadowcolor>77000000</shadowcolor>
				<align>left</align>
				<aligny>center</aligny>
				<label>$VAR[EpisodeThumbInfo]</label>
				<visible>!Stringcompare(ListItem.Label,..)</visible>
			</control>					
			<!-- info labels -->
			<control type="group">
				<left>46</left>
				<top>266</top>
				<control type="label">
					<width>436</width>
					<font>FontSize_20</font>
					<textcolor>blue</textcolor>
					<align>center</align>
					<shadowcolor>77000000</shadowcolor>
					<label>$VAR[GlobalInfo]</label>
					<scroll>true</scroll>
				</control>
				<control type="textbox">
					<top>35</top>
					<width>436</width>
					<height>140</height>
					<font>FontSize_20</font>
					<textcolor>99white</textcolor>
					<shadowcolor>77000000</shadowcolor>
					<align>justify</align>
					<autoscroll delay="8000" time="2000" repeat="8000">Skin.HasSetting(AutoScroll)</autoscroll>
					<label>$VAR[GlobalPlotDescription]</label>
				</control>
			</control>
		</control>

		<!-- vertical line -->
		<control type="image">
			<include>DialogZoomInOutAnimation</include>
			<left>540</left>
			<top>125</top>
			<texture>info/seperator_vertical.png</texture>
			<colordiffuse>33white</colordiffuse>
			<width>1</width>
			<height>500</height>
			<animation type="WindowOpen" tween="sine" easing="out">
				<effect type="zoom" start="0" end="100" center="auto" time="450" delay="200" />
				<effect type="fade" start="0" end="80" time="450" delay="200" />
			</animation>
			<animation type="WindowClose" tween="sine" easing="out">
				<effect type="zoom" start="100" end="0" center="auto" time="350" delay="0"/>
				<effect type="fade" start="80" end="0" time="350" delay="0"/>
			</animation>

			<animation type="Visible" tween="sine" easing="out">
				<effect type="zoom" start="0" end="100" center="auto" time="450" delay="200" />
				<effect type="fade" start="0" end="80" time="450" delay="200" />
			</animation>
			<animation type="Hidden" tween="sine" easing="out">
				<effect type="zoom" start="100" end="0" center="auto" time="350" delay="0"/>
				<effect type="fade" start="80" end="0" time="350" delay="0"/>
			</animation>
			<visible>Control.IsVisible(582)</visible>
		</control>
		<!--list-->
		<control type="group">
			<include>DialogZoomInOutAnimation</include>
			<include>ListViewAnimationsRight</include>
			<visible>Control.IsVisible(582)</visible>				
			<control type="list" id="582">
				<left>570</left>
				<top>150</top>
				<width>1190</width>
				<height>450</height>
				<onright>60</onright>
				<onleft>9111</onleft>
				<onup>582</onup>
				<ondown>582</ondown>
				<viewtype label="31268">List</viewtype>
				<pagecontrol>60</pagecontrol>
				<scrolltime tween="cubic" easing="out">300</scrolltime>
				<itemlayout height="45" width="710">
					<control type="label">
						<left>12</left>
						<top>0</top>
						<width>55</width>
						<height>45</height>
						<font>FontSize_22</font>
						<textcolor>77white</textcolor>
						<shadowcolor>77000000</shadowcolor>
						<align>center</align>
						<aligny>center</aligny>
						<label fallback="․  ․  ․">$VAR[EpisodeSmallInfoLabel]</label>
						<visible>!Stringcompare(ListItem.Label,..)</visible>
					</control>
					<control type="label">
						<left>95</left>
						<top>0</top>
						<width>435</width>
						<height>43</height>
						<font>FontSize_22</font>
						<textcolor>77white</textcolor>
						<shadowcolor>77000000</shadowcolor>
						<align>left</align>
						<aligny>center</aligny>
						<label fallback="193">$VAR[EpisodeLabel]</label>
					</control>
				</itemlayout>
				<focusedlayout height="45" width="710">
					<control type="label">
						<left>12</left>
						<top>0</top>
						<width>55</width>
						<height>45</height>
						<font>FontSize_22</font>
						<textcolor>white</textcolor>
						<shadowcolor>77000000</shadowcolor>
						<align>center</align>
						<aligny>center</aligny>
						<label fallback="․  ․  ․">$VAR[EpisodeSmallInfoLabel]</label>
						<visible>!Stringcompare(ListItem.Label,..)</visible>
					</control>
					<control type="label">
						<left>95</left>
						<top>0</top>
						<width>435</width>
						<height>43</height>
						<font>FontSize_22</font>
						<textcolor>white</textcolor>
						<shadowcolor>77000000</shadowcolor>
						<align>left</align>
						<aligny>center</aligny>
						<label fallback="193">$VAR[EpisodeLabel]</label>
					</control>
				</focusedlayout>
			</control>
			<control type="scrollbar" id="60">
				<right>25</right>
				<top>165</top>
				<width>9</width>
				<height>425</height>
				<texturesliderbackground>-</texturesliderbackground>
				<texturesliderbar border="0,14,0,14">views/scrollbar/scrollbar.png</texturesliderbar>
				<texturesliderbarfocus border="0,14,0,14">views/scrollbar/scrollbar.png</texturesliderbarfocus>
				<textureslidernib>-</textureslidernib>
				<textureslidernibfocus>-</textureslidernibfocus>
				<onleft>582</onleft>
				<onright>582</onright>
				<showonepage>false</showonepage>
				<orientation>vertical</orientation>
				<animation effect="fade" start="100" end="0" time="250" condition="!Control.HasFocus(60) + !Container.Scrolling">Conditional</animation>
				<visible>Control.IsVisible(582)</visible>
			</control>
			<control type="group">
				<left>850</left>
				<include>ListView_Arrows</include>
			</control>
		</control>
	</include>


	<!--========================-->
	<!--==== Classic Slide View "583" ====-->
	<!--========================-->
	<include name="ClassicSlideView_Programs">
		<control type="group">
			<left>-0</left>
			<visible>Control.IsVisible(583)</visible>
			<!--smooth background fade-->
			<control type="group">
				<include>BackgroundAnimation</include>
				<visible>!Skin.HasSetting(HideBGFanart)</visible>
				<animation type="WindowOpen" tween="sine" easing="out">
					<effect type="fade" start="0" end="100" time="1000"/>
				</animation>
				<animation type="WindowClose" tween="sine" easing="out">
					<effect type="fade" start="100" end="0" time="1000" delay="700"/>
				</animation>
				<control type="image">
					<include>FullscreenDimensions</include>
					<texture>windows/bg/black.jpg</texture>
					<fadetime>FanartCrossfadeTime</fadetime>
				</control>
				<control type="image">
					<description>ClassicSlideFanart</description>
					<include>FullscreenDimensions</include>
					<texture background="true" fallback="SKINDEFAULT.jpg">$INFO[ListItem.Art(fanart)]</texture>
					<fadetime>FanartCrossfadeTime</fadetime>
				</control>
			</control>
			<control type="group">
				<control type="image">
					<description>ClassicSlideFanart Diffuse</description>
					<include>FullscreenDimensions</include>
					<texture background="true">views/ClassicSlide/mask.png</texture>
				</control>
				<control type="image">
					<description>ClassicSlideFanart Diffuse</description>
					<include>FullscreenDimensions</include>
					<texture background="true">windows/bg/bg_vignette.png</texture>
				</control>
			</control>
			<!--itemlayout-->
			<control type="group">
				<left>0</left>
				<top>-1</top>
				<visible>Control.IsVisible(583)</visible>
				<include>DialogZoomInOutAnimation</include>
				<control type="label">
					<top>205</top>
					<width>1095</width>
					<align>right</align>
					<label>[CAPITALIZE]$VAR[ContainerItemSingular][/CAPITALIZE] $INFO[Container.CurrentItem] / $INFO[Container.NumItems]</label>
					<font>FontSize_18B</font>
					<textcolor>44white</textcolor>
					<shadowcolor>99000000</shadowcolor>
					<include>DownUpAnimation</include>
					<visible>!stringcompare(ListItem.Label,..) + !Control.HasFocus(60)</visible>
				</control>
				<control type="label">
					<top>205</top>
					<width>1095</width>
					<align>right</align>
					<label>[CAPITALIZE]$LOCALIZE[31024][/CAPITALIZE] $INFO[Container.CurrentPage] / $INFO[Container.NumPages]</label>
					<font>FontSize_18B</font>
					<textcolor>44white</textcolor>
					<shadowcolor>99000000</shadowcolor>
					<visible>Control.HasFocus(60)</visible>
					<include>DownUpAnimation</include>
				</control>
				<control type="image">
					<include>FullscreenDimensions</include>
					<texture>views/ClassicSlide/panel.png</texture>
					<fadetime>FanartCrossfadeTime</fadetime>
					<animation type="WindowOpen" tween="sine" easing="out">
						<effect type="fade" start="0" end="100" time="1000"/>
					</animation>
					<animation type="WindowClose" tween="sine" easing="out">
						<effect type="fade" start="100" end="0" time="1000" delay="300"/>
					</animation>
				</control>
				<control type="group">
					<visible>Container.Content(movies) | Container.Content(tvshows) | Container.Content(seasons) | Container.Content(sets)</visible>
					<control type="group" id="8013">
						<left>-100</left>
						<animation reversible="false" effect="slide" start="0,0" end="-164,0" time="300" tween="quadratic" easing="out">Hidden</animation>
						<visible>Container.OnNext</visible>
						<include>Includes_OnNext_ClassicSlide</include>
					</control>
					<control type="group" id="8014">
						<left>-100</left>
						<animation reversible="false" effect="slide" start="0,0" end="164,0" time="300" tween="quadratic" easing="out">Hidden</animation>
						<visible>Container.OnPrevious</visible>
						<include>Includes_OnPrevious_ClassicSlide</include>
					</control>
				</control>
				<control type="group">
					<visible>![Container.Content(movies) | Container.Content(tvshows) | Container.Content(seasons) | Container.Content(sets)]</visible>
					<control type="group" id="8013">
						<left>-100</left>
						<animation reversible="false" effect="slide" start="0,0" end="-242,0" time="300" tween="quadratic" easing="out">Hidden</animation>
						<visible>Container.OnNext</visible>
						<include>Includes_OnNext_ClassicSlide</include>
					</control>
					<control type="group" id="8014">
						<left>-100</left>
						<animation reversible="false" effect="slide" start="0,0" end="242,0" time="300" tween="quadratic" easing="out">Hidden</animation>
						<visible>Container.OnPrevious</visible>
						<include>Includes_OnPrevious_ClassicSlide</include>
					</control>
				</control>
				<control type="group">
					<left>-100</left>
					<animation type="WindowOpen" tween="sine" easing="out">
						<effect type="fade" start="0" end="100" time="1000"/>
					</animation>
					<animation type="WindowClose" tween="sine" easing="out">
						<effect type="fade" start="100" end="0" time="1000" delay="300"/>
					</animation>
					<visible>!Control.IsVisible(8013) + !Control.IsVisible(8014)</visible>
					<include>Includes_Static_ClassicSlide</include>
				</control>
				<control type="image">
					<visible>Control.IsVisible(583)</visible>
					<include>FullscreenDimensions</include>
					<texture>views/ClassicSlide/posters_overlay.png</texture>
					<fadetime>FanartCrossfadeTime</fadetime>
					<animation type="WindowOpen">
						<effect type="fade" start="0" end="50" time="500" delay="800" tween="sine" easing="out"/>
					</animation>
					<animation type="WindowClose">
						<effect type="fade" start="50" end="0" time="500" delay="0" tween="sine" easing="out"/>
					</animation>
				</control>
			</control>
			<!--scrollbar-->
			<control type="scrollbar" id="60">
				<left>550</left>
				<top>486</top>
				<width>730</width>
				<height>9</height>
				<texturesliderbackground>-</texturesliderbackground>
				<texturesliderbar border="14,0,14,0">views/scrollbar/scrollbar_horizontal.png</texturesliderbar>
				<texturesliderbarfocus border="14,0,14,0">views/scrollbar/scrollbar_horizontal.png</texturesliderbarfocus>
				<textureslidernib>-</textureslidernib>
				<textureslidernibfocus>-</textureslidernibfocus>
				<onup>583</onup>
				<ondown>583</ondown>
				<showonepage>false</showonepage>
				<orientation>horizontal</orientation>
				<animation effect="fade" start="100" end="0" time="250" condition="!Control.HasFocus(60) + !Container.Scrolling">Conditional</animation>
				<visible>Control.IsVisible(583)</visible>
			</control>
			<!--focusedlayout square-->
			<control type="group">
				<visible>Control.IsVisible(583)</visible>
				<control type="image">
					<left>28</left>
					<top>32</top>
					<width>673</width>
					<height>673</height>
					<include>DialogZoomInOutAnimation</include>
					<texture background="true">views/ClassicSlide/poster_blue_shadow_panel.png</texture>
					<animation reversible="true" effect="zoom" start="100,100" end="95,100" center="340,340" time="300" tween="quadratic" easing="in" condition="Control.IsVisible(8013) | Control.IsVisible(8014)">Conditional</animation>
					<animation type="WindowOpen">
						<effect type="fade" start="0" end="100" time="500" delay="800" tween="sine" easing="out"/>
						<effect type="zoom" start="196,148,360,673" end="128,32,673,673" time="980" delay="750" tween="sine" easing="out"/>
					</animation>
					<animation type="WindowClose">
						<effect type="zoom" start="128,32,673,673" end="196,148,360,673" time="980" delay="0" tween="sine" easing="out"/>
						<effect type="fade" start="100" end="0" time="500" delay="0" tween="sine" easing="out"/>
					</animation>
				</control>
				<control type="group">
					<include>DialogZoomInOutAnimation</include>
					<animation reversible="true" effect="zoom" start="100" end="95" center="340,340" time="300" tween="quadratic" easing="in" condition="Control.IsVisible(8013) | Control.IsVisible(8014)">Conditional</animation>
					<control type="image">
						<left>31</left>
						<top>12</top>
						<width>673</width>
						<height>673</height>
						<texture background="true">views/ClassicSlide/square_blue_shadow.png</texture>
						<animation type="WindowOpen">
							<effect type="fade" start="0" end="100" time="500" delay="800" tween="sine" easing="out"/>
							<effect type="zoom" start="196,148,436,436" end="128,12,673,673" time="980" delay="750" tween="sine" easing="out"/>
						</animation>
						<animation type="WindowClose">
							<effect type="zoom" start="128,12,673,673" end="196,148,436,436" time="980" delay="0" tween="sine" easing="out"/>
							<effect type="fade" start="100" end="0" time="500" delay="0" tween="sine" easing="out"/>
						</animation>
					</control>
					<control type="group">
						<width>366</width>
						<height>366</height>
						<animation type="WindowOpen">
							<effect type="fade" start="0" end="100" time="500" delay="500"  tween="sine" easing="out"/>
							<effect type="zoom" start="294,239,242,242" end="285,156,366,366" time="980" delay="750"  tween="sine" easing="out"/>
						</animation>
						<animation type="WindowClose">
							<effect type="zoom" start="285,156,366,366" end="294,239,242,242" time="980" delay="0"  tween="sine" easing="out"/>
							<effect type="fade" start="100" end="0" time="500" delay="800"  tween="sine" easing="out"/>
						</animation>
						<control type="image">
							<left>185</left>
							<top>156</top>
							<width>366</width>
							<height>366</height>
							<aspectratio align="center" aligny="center" scalediffuse="false">scale</aspectratio>
							<texture background="true" diffuse="views/ClassicSlide/square_diffuse.png">thumbs/thumb_back.png</texture>
						</control>
						<control type="image">
							<left>185</left>
							<top>156</top>
							<width>366</width>
							<height>366</height>
							<aspectratio align="center" aligny="center" scalediffuse="false">scale</aspectratio>
							<texture background="true" diffuse="views/ClassicSlide/square_diffuse.png" fallback="thumbs/fallback_square.png">$INFO[ListItem.Icon]</texture>
							<animation effect="fade" start="90" end="100" time="200" delay="0" condition="![Control.IsVisible(8013) | Control.IsVisible(8014)]">Conditional</animation>
						</control>
						<control type="image">
							<left>185</left>
							<top>156</top>
							<width>366</width>
							<height>366</height>
							<aspectratio aligny="center" align="center">stretch</aspectratio>
							<texture background="true">views/ClassicSlide/square_overlay.png</texture>
						</control>
						<control type="image">
							<left>185</left>
							<top>156</top>
							<width>366</width>
							<height>366</height>
							<aspectratio aligny="center" align="center">stretch</aspectratio>
							<texture scalediffuse="true" diffuse="views/ClassicSlide/square_diffuse.png">overlays/unwatched/classicslide/$VAR[WatchedStateOverlay]_square.png</texture>
							<visible>[StringCompare(Skin.String(WatchedFlag),unwatched) + stringcompare(ListItem.Overlay,OverlayUnWatched.png)] | [StringCompare(Skin.String(WatchedFlag),watched) + stringcompare(ListItem.Overlay,OverlayWatched.png)]</visible>
							<animation effect="fade" start="90" end="100" time="200" delay="0" condition="![Control.IsVisible(8013) | Control.IsVisible(8014)]">Conditional</animation>
						</control>
						<control type="group">
							<visible>Control.IsVisible(8013)</visible>
							<animation effect="fade" start="100" end="0" time="200" delay="150" condition="Control.IsVisible(8013) + !IsEmpty(ListItem(-1).Art(thumb))">Conditional</animation>
							<control type="image">
								<left>185</left>
								<top>156</top>
								<width>366</width>
								<height>366</height>
								<aspectratio align="center" aligny="center" scalediffuse="false">scale</aspectratio>
								<texture background="true" diffuse="views/ClassicSlide/square_diffuse.png">thumbs/thumb_back.png</texture>
							</control>
							<control type="image">
								<left>185</left>
								<top>156</top>
								<width>366</width>
								<height>366</height>
								<aspectratio align="center" aligny="center" scalediffuse="false">scale</aspectratio>
								<texture background="true" diffuse="views/ClassicSlide/square_diffuse.png" fallback="thumbs/fallback_square.png">$INFO[ListItem(-1).Icon]</texture>
							</control>
							<control type="image">
								<left>185</left>
								<top>156</top>
								<width>366</width>
								<height>366</height>
								<aspectratio aligny="center" align="center">stretch</aspectratio>
								<texture background="true">views/ClassicSlide/square_overlay.png</texture>
							</control>
						</control>
						<control type="group">
							<animation effect="fade" start="100" end="0" time="200" delay="150" condition="Control.IsVisible(8014) + !IsEmpty(ListItem(1).Art(thumb))">Conditional</animation>
							<visible>Control.IsVisible(8014)</visible>
							<control type="image">
								<left>185</left>
								<top>156</top>
								<width>366</width>
								<height>366</height>
								<aspectratio align="center" aligny="center" scalediffuse="false">scale</aspectratio>
								<texture background="true" diffuse="views/ClassicSlide/square_diffuse.png">thumbs/thumb_back.png</texture>
							</control>
							<control type="image">
								<left>185</left>
								<top>156</top>
								<width>366</width>
								<height>366</height>
								<aspectratio align="center" aligny="center" scalediffuse="false">scale</aspectratio>
								<texture background="true" diffuse="views/ClassicSlide/square_diffuse.png" fallback="thumbs/fallback_square.png">$INFO[ListItem(1).Icon]</texture>
							</control>
							<control type="image">
								<left>185</left>
								<top>156</top>
								<width>366</width>
								<height>366</height>
								<aspectratio aligny="center" align="center">stretch</aspectratio>
								<texture background="true">views/ClassicSlide/square_overlay.png</texture>
							</control>
						</control>
					</control>
				</control>
				<!--labels-->
				<control type="grouplist">
					<left>185</left>
					<top>530</top>
					<width>910</width>
					<height>120</height>
					<itemgap>20</itemgap>
					<orientation>horizontal</orientation>
					<include>DialogZoomInOutAnimation</include>
					<animation effect="zoom" start="100" end="95" center="340,340" time="300" tween="quadratic" easing="in" condition="Control.IsVisible(8013) | Control.IsVisible(8014)">Conditional</animation>
					<animation effect="fade" start="100" end="0" condition="Control.IsVisible(8013) | Control.IsVisible(8014)">Conditional</animation>
					<visible>!Control.IsVisible(8013) + !Control.IsVisible(8014)</visible>
					<animation type="WindowOpen">
						<effect type="fade" start="0" end="100" time="800" delay="800" tween="sine" easing="out"/>
						<effect type="slide" start="570" end="0" time="980" delay="750" tween="sine" easing="out"/>
					</animation>
					<animation type="WindowClose">
						<effect type="slide" start="0" end="570" time="980" delay="0" tween="sine" easing="out"/>
						<effect type="fade" start="100" end="0" time="800" delay="0" tween="sine" easing="out"/>
					</animation>
					<!--title and sub info-->
					<control type="group">
						<width>960</width>
						<control type="grouplist">
							<orientation>horizontal</orientation>
							<width>910</width>
							<height>50</height>
							<itemgap>0</itemgap>
							<control type="label">
								<label>$VAR[ListItem.Label]</label>
								<width max="590">590</width>
								<font>FontSize_28B</font>
								<textcolor>white</textcolor>
								<shadowcolor>77000000</shadowcolor>
								<visible>!stringcompare(ListItem.Label,..)</visible>
							</control>
							<control type="label">
								<label>$INFO[ListItem.Genre]</label>
								<width max="320">320</width>
								<align>right</align>
								<font>FontSize_28</font>
								<textcolor>44white</textcolor>
								<shadowcolor>77000000</shadowcolor>
								<visible>!stringcompare(ListItem.Label,..)</visible>
							</control>
						</control>						
						<control type="textbox">
							<top>32</top>
							<left>0</left>
							<width>910</width>
							<height>60</height>
							<font>FontSize_22</font>
							<textcolor>99white</textcolor>
							<shadowcolor>77000000</shadowcolor>
							<label>$VAR[ClassicSlidePlotDescription]</label>
							<align>justify</align>
							<autoscroll delay="8000" time="2000" repeat="8000">Skin.HasSetting(AutoScroll)</autoscroll>
							<visible>!stringcompare(ListItem.Label,..)</visible>
						</control>
					</control>
				</control>
			</control>
			<!--hidden container-->
			<control type="panel" id="583">
				<left>-335</left>
				<top>195</top>
				<width>1736</width>
				<height>362</height>
				<onleft>583</onleft>
				<onright>583</onright>
				<ondown>60</ondown>
				<onup condition="!Skin.HasSetting(EnableKioskMode)">9111</onup>
				<viewtype label="Classic Slide">Slide</viewtype>
				<pagecontrol>60</pagecontrol>
				<itemgap>0</itemgap>
				<orientation>horizontal</orientation>
				<scrolltime>250</scrolltime>
				<preloaditems>2</preloaditems>
				<focusposition>0</focusposition>
				<hitrect x="285" y="176" w="248" h="362"/>
				<itemlayout width="248" height="362"/>
				<focusedlayout width="248" height="362">
					<control type="image">
						<left>0</left>
						<top>0</top>
						<width>248</width>
						<height>362</height>
						<texture>-</texture>
					</control>
				</focusedlayout>
			</control>
		</control>
	</include>


	<!--========================-->
	<!--==== ViewShelf "579" ====-->
	<!--========================-->
	<include name="ViewShelf_Programs">
		<!--smooth background fade-->
		<control type="group">
			<visible>!Skin.HasSetting(HideBGFanart) + Control.IsVisible(579)</visible>			
			<include>BackgroundAnimation</include>
			<animation type="WindowOpen" tween="sine" easing="out">
				<effect type="fade" start="0" end="100" time="1000"/>
			</animation>
			<animation type="WindowClose" tween="sine" easing="out">
				<effect type="fade" start="100" end="0" time="1000" delay="1100"/>
			</animation>
			<control type="image">
				<include>FullscreenDimensions</include>
				<texture>windows/bg/black.jpg</texture>
				<fadetime>FanartCrossfadeTime</fadetime>
			</control>
			<control type="image">
				<description>ClassicSlideFanart</description>
				<include>FullscreenDimensions</include>
				<texture background="true" fallback="SKINDEFAULT.jpg">$INFO[ListItem.Art(fanart)]</texture>
				<fadetime>FanartCrossfadeTime</fadetime>
				<visible>IsEmpty(Control.GetLabel(5831))</visible>
			</control>
			<control type="multiimage" id="5831">
				<description>Fanart extrafanart</description>
				<include>FullscreenDimensions</include>
				<aspectratio>scale</aspectratio>
				<randomize>true</randomize>
				<timeperimage>5000</timeperimage>
				<fadetime>1000</fadetime>
				<imagepath background="true">$INFO[ListItem.Path,,/extrafanart/]</imagepath>
				<visible>!Skin.HasSetting(HideBGFanart) + Skin.HasSetting(ViewsExtraFanart)+ !SubString(Container.Folderpath,plugin://,left)</visible>
			</control>
			<control type="image">
				<description>Vignette</description>
				<include>FullscreenDimensions</include>
				<texture background="true">windows/bg/bg_vignette.png</texture>			
				<visible>!Window.IsActive(visualisation)</visible>
				<include>BackgroundFade</include>
			</control>
			<control type="image">
				<include>FullscreenDimensions</include>
				<texture background="true">windows/bg/bg_diffuse.png</texture>
				<include>FanartFade</include>
				<visible>Window.IsActive(PlayerControls)
					| Window.IsActive(shutdownmenu)
					| Window.IsActive(movieinformation)
					| Window.IsActive(addoninformation)
					| Window.IsActive(favourites)
					| [Window.IsActive(script-globalsearch-main.xml) + Skin.HasSetting(HideBGFanart)]
					| [Window.IsActive(script-ExtendedInfo Script-DialogInfo.xml) + !Window.IsActive(movieinformation)]
					| [Window.IsActive(script-ExtendedInfo Script-DialogVideoInfo.xml) + !Window.IsActive(movieinformation)]
				</visible>
			</control>
		</control>

		<!-- default group -->
		<control type="group">
			<include>DialogZoomInOutAnimation</include>
			<visible>Control.IsVisible(579)</visible>
			<control type="image">
				<heigth>720</heigth>
				<width>1400</width>
				<left>-50</left>
				<camera x="1340" y="380" />
				<animation effect="rotatey" center="50" start="8" end="8" time="0" condition="true">Conditional</animation>
				<texture background="true">views/shelf/glas.png</texture>				
				<animation type="WindowOpen" tween="sine" easing="out">
					<effect type="fade" start="0" end="100" time="150"/>
				</animation>
				<animation type="WindowClose" tween="sine" easing="out">
					<effect type="fade" start="100" end="0" time="680" delay="1500"/>
				</animation>
			</control>
			<control type="group">
				<!--itemlayout-->
				<control type="group">
					<left>0</left>
					<top>140</top>
					<width>1900</width>
					<camera x="1340" y="380" />
					<animation effect="rotatey" center="50" start="8" end="10" time="0" condition="true">Conditional</animation>
					<control type="group">
						<control type="group" id="8013">
							<left>-100</left>
							<animation reversible="false" effect="slide" start="0,0" end="-164,0" time="300" tween="quadratic" easing="out">Hidden</animation>
							<visible>Container.OnNext</visible>
							<include>Includes_OnNext_Shelf</include>
						</control>
						<control type="group" id="8014">
							<left>-100</left>
							<animation reversible="false" effect="slide" start="0,0" end="164,0" time="300" tween="quadratic" easing="out">Hidden</animation>
							<visible>Container.OnPrevious</visible>
							<include>Includes_OnPrevious_Shelf</include>
						</control>
					</control>

					<control type="scrollbar" id="60">
						<left>-10</left>
						<top>120</top>
						<width>975</width>
						<height>9</height>
						<texturesliderbackground>-</texturesliderbackground>
						<texturesliderbar border="14,0,14,0">views/scrollbar/scrollbar_horizontal.png</texturesliderbar>
						<texturesliderbarfocus border="14,0,14,0">views/scrollbar/scrollbar_horizontal.png</texturesliderbarfocus>
						<textureslidernib>-</textureslidernib>
						<textureslidernibfocus>-</textureslidernibfocus>
						<onup>583</onup>
						<ondown>583</ondown>
						<showonepage>false</showonepage>
						<orientation>horizontal</orientation>
						<animation effect="fade" start="100" end="0" time="250" condition="!Control.HasFocus(60) + !Container.Scrolling">Conditional</animation>
						<visible>Control.IsVisible(579)</visible>
					</control>

					<control type="group">
						<left>-100</left>
						<animation type="WindowOpen" tween="sine" easing="out">
							<effect type="slide" start="-1000" end="0" time="780"/>
							<effect type="fade" start="0" end="100" time="500" delay="0"  tween="sine" easing="out"/>
						</animation>
						<animation type="WindowClose" tween="sine" easing="out">
							<effect type="slide" start="0" end="-1000" time="480" delay="1050"/>
							<effect type="fade" start="100" end="0" time="500" delay="1250"  tween="sine" easing="out"/>
						</animation>
						<visible>!Control.IsVisible(8013) + !Control.IsVisible(8014)</visible>
						<include>Includes_Static_Shelf</include>
					</control>
				</control>

				<!--focusedlayout-->
				<control type="group">
					<top>140</top>
					<left>805</left>
					<camera x="1340" y="380" />
					<animation effect="rotatey" center="50" start="8" end="8" time="0" condition="true">Conditional</animation>
					<visible>Control.IsVisible(579)</visible>

					<control type="group">
						<animation reversible="true" effect="zoom" start="100" end="95" center="340,340" time="300" tween="quadratic" easing="in" condition="Control.IsVisible(8013) | Control.IsVisible(8014)">Conditional</animation>
						
						<!--poster-->
						<control type="group">
							<width>297</width>
							<height>439</height>							
							<animation type="WindowOpen">
								<effect type="fade" start="0" end="100" time="500" delay="900"  tween="sine" easing="out"/>
								<effect type="zoom" start="265,192,200,317" end="205,156,297,439" time="980" delay="1150"  tween="sine" easing="out"/>
								<effect type="slide" end="0,-15" time="980" delay="1150"  tween="sine" easing="out"/>
							</animation>
							<animation type="WindowClose">
								<effect type="zoom" start="205,156,297,439" end="265,192,200,317" time="980" delay="0"  tween="sine" easing="out"/>
								<effect type="slide" start="0,-15" end="0,0" time="980" delay="0"  tween="sine" easing="out"/>
								<effect type="fade" start="100" end="0" time="500" delay="800"  tween="sine" easing="out"/>
							</animation>
							<control type="group">
								<top>-30</top>
								<left>280</left>
								<control type="image">
									<left>-230</left>
									<top>-85</top>
									<width>500</width>
									<height>900</height>
									<aspectratio align="center" aligny="center">stretch</aspectratio>
									<texture background="true">views/list/shine.png</texture>
									<animation effect="fade" end="80" reversible="false" condition="true" time="0">Conditional</animation>
									<animation effect="rotate" time="0" delay="0" start="0" end="-27" loop="false" center="auto" condition="true" reversible="true">Conditional</animation>
								</control>
								<control type="image">
									<posx>84</posx>
									<posy>372</posy>
									<width>56</width>
									<height>459</height>
									<texture>views/shelf/shelf_reflected_case_full.png</texture>
									<aspectratio>stretch</aspectratio>
								</control>
								<control type="image">
									<posx>84</posx>
									<posy>39</posy>
									<width>56</width>
									<height>459</height>
									<texture>views/shelf/shelf_case.png</texture>
									<aspectratio>stretch</aspectratio>
								</control>
								<control type="image">
									<posx>-148</posx>
									<posy>441</posy>
									<width>253</width>
									<height>360</height>
									<texture flipy="true" diffuse="views/shelf/thumb_shelf_reflect.png" background="true">views/shelf/thumb_shelf_fallback.png</texture>
									<aspectratio>stretch</aspectratio>
								</control>
								<control type="image">
									<posx>-148</posx>
									<posy>441</posy>
									<width>253</width>
									<height>360</height>
									<texture flipy="true" diffuse="views/shelf/thumb_shelf_reflect.png" background="true">$INFO[ListItem.Icon]</texture>
									<aspectratio>stretch</aspectratio>
								</control>
								<control type="image">
									<posx>-148</posx>
									<posy>441</posy>
									<width>253</width>
									<height>360</height>
									<texture flipy="true" diffuse="views/shelf/thumb_shelf_reflect.png" background="true">$INFO[ListItem(1).Icon]</texture>
									<aspectratio>stretch</aspectratio>
									<visible>Control.IsVisible(8014) + !IsEmpty(ListItem(1).Art(thumb))</visible>
									<animation effect="fade" start="100" end="0" time="200" delay="150" condition="Control.IsVisible(8014) + !IsEmpty(ListItem(1).Art(thumb))">Conditional</animation>
								</control>
								<control type="image">
									<posx>-148</posx>
									<posy>441</posy>
									<width>253</width>
									<height>360</height>
									<texture flipy="true" diffuse="views/shelf/thumb_shelf_reflect.png" background="true">$INFO[ListItem(-1).Icon]</texture>
									<aspectratio>stretch</aspectratio>
									<visible>Control.IsVisible(8013) + !IsEmpty(ListItem(-1).Art(thumb))</visible>
									<animation effect="fade" start="100" end="0" time="200" delay="150" condition="Control.IsVisible(8013) + !IsEmpty(ListItem(-1).Art(thumb))">Conditional</animation>
								</control>
								<control type="image">
									<posx>-148</posx>
									<posy>89</posy>
									<width>253</width>
									<height>360</height>
									<texture diffuse="views/shelf/thumb_shelf_diffuse.png">views/shelf/thumb_shelf_fallback.png</texture>
									<aspectratio scalediffuse="false">stretch</aspectratio>
								</control>
								<control type="image">
									<posx>-148</posx>
									<posy>89</posy>
									<width>253</width>
									<height>359</height>
									<texture diffuse="views/shelf/thumb_shelf_diffuse.png" background="true">$INFO[ListItem.Icon]</texture>
									<aspectratio scalediffuse="false">stretch</aspectratio>
								</control>
								<control type="image">
									<posx>-148</posx>
									<posy>89</posy>
									<width>253</width>
									<height>360</height>
									<texture diffuse="views/shelf/thumb_shelf_diffuse.png" background="true">$INFO[ListItem(-1).Icon]</texture>
									<aspectratio scalediffuse="false">stretch</aspectratio>									
									<visible>Control.IsVisible(8013) + !IsEmpty(ListItem(-1).Art(thumb))</visible>
									<animation effect="fade" start="100" end="0" time="200" delay="150" condition="Control.IsVisible(8013) + !IsEmpty(ListItem(-1).Art(thumb))">Conditional</animation>
								</control>
								<control type="image">
									<posx>-148</posx>
									<posy>89</posy>
									<width>253</width>
									<height>360</height>
									<texture diffuse="views/shelf/thumb_shelf_diffuse.png" background="true">$INFO[ListItem(1).Icon]</texture>
									<aspectratio scalediffuse="false">stretch</aspectratio>
									<visible>Control.IsVisible(8014) + !IsEmpty(ListItem(1).Art(thumb))</visible>
									<animation effect="fade" start="100" end="0" time="200" delay="150" condition="Control.IsVisible(8014) + !IsEmpty(ListItem(1).Art(thumb))">Conditional</animation>
								</control>
								<control type="image">
									<posx>-148</posx>
									<posy>89</posy>
									<width>253</width>
									<height>360</height>
									<texture diffuse="views/shelf/thumb_shelf_diffuse.png">views/shelf/thumb_shelf_glas.png</texture>
									<aspectratio scalediffuse="false">stretch</aspectratio>
								</control>
								<control type="image">
									<posx>-148</posx>
									<posy>89</posy>
									<width>253</width>
									<height>360</height>
									<aspectratio aligny="center" align="center">stretch</aspectratio>
									<texture flipy="false" flipx="false" diffuse="views/shelf/thumb_shelf_diffuse.png">overlays/unwatched/shelf/$VAR[WatchedStateOverlay]_Poster.png</texture>
									<visible>[StringCompare(Skin.String(WatchedFlag),unwatched) + stringcompare(ListItem.Overlay,OverlayUnWatched.png)] | [StringCompare(Skin.String(WatchedFlag),watched) + stringcompare(ListItem.Overlay,OverlayWatched.png)]</visible>
									<animation effect="fade" start="90" end="100" time="200" delay="0" condition="![Control.IsVisible(8013) | Control.IsVisible(8014)]">Conditional</animation>
								</control>
							</control>
						</control>
					</control>
				</control>

				<!--labels-->
				<control type="grouplist">
					<left>47</left>
					<top>543</top>
					<width>1280</width>
					<height>100</height>
					<itemgap>20</itemgap>
					<orientation>horizontal</orientation>
					<include>DialogZoomInOutAnimation</include>
					<visible>!Control.IsVisible(8013) + !Control.IsVisible(8014)</visible>
					<animation type="WindowOpen">
						<effect type="fade" start="0" end="100" time="200" delay="1100" tween="sine" easing="out"/>
						<effect type="slide" start="-250,0" end="0,0" time="980" delay="1150" tween="sine" easing="out"/>
					</animation>
					<animation type="WindowClose">
						<effect type="fade" start="100" end="0" time="500" delay="300" tween="sine" easing="out"/>
						<effect type="slide" start="0,0" end="-250,0" time="780" delay="0" tween="sine" easing="out"/>
					</animation>
					
					<!--title and sub info-->
					<control type="group">
						<width>1280</width>
						<height>50</height>
						<control type="label">
							<label>$VAR[ListItem.Label]</label>
							<width>590</width>
							<font>FontSize_28B</font>
							<textcolor>white</textcolor>
							<shadowcolor>77000000</shadowcolor>
							<visible>!stringcompare(ListItem.Label,..)</visible>
						</control>
						<control type="textbox">
							<top>32</top>
							<left>0</left>
							<width>790</width>
							<height>60</height>
							<font>FontSize_22</font>
							<textcolor>99white</textcolor>
							<shadowcolor>77000000</shadowcolor>
							<label>$VAR[ClassicSlidePlotDescription]</label>
							<align>justify</align>
							<autoscroll delay="8000" time="2000" repeat="8000">Skin.HasSetting(AutoScroll)</autoscroll>
							<visible>!stringcompare(ListItem.Label,..)</visible>
						</control>
					</control>
				</control>
				
				<!--container-->
				<control type="panel" id="579">
					<viewtype label="Shelf">list</viewtype>
					<height>615</height>
					<width>1900</width>
					<onleft>579</onleft>
					<onright>579</onright>
					<onup>9000</onup>
					<ondown>60</ondown>
					<orientation>horizontal</orientation>
					<preloaditems>2</preloaditems>
					<pagecontrol>60</pagecontrol>
					<focusposition>1</focusposition>
					<itemlayout width="248" height="362">
					</itemlayout>
					<focusedlayout width="248" height="362">
					</focusedlayout>
				</control>
			</control>
		</control>
	</include>
	
</includes>
