<?xml version="1.0" encoding="UTF-8"?>
<window  id="2003">
	<defaultcontrol always="true">9000</defaultcontrol>
	<allowoverlay>yes</allowoverlay>
	<controls>

		<control type="group">
			<visible>![Window.IsActive(progressdialog) | Window.IsActive(okdialog) | Window.IsActive(yesnodialog) | Window.IsActive(FileBrowser) | Window.IsActive(SelectDialog) | Window.IsActive(DialogSelect.xml)]</visible>
			<visible>!Window.IsActive(script-ExtendedInfo Script-DialogInfo.xml) + !Window.IsActive(script-ExtendedInfo Script-DialogVideoInfo.xml) + IsEmpty(Window(Home).Property(script.metadata.actors.hasparent)) + [Container.Content(movies) | Container.Content(tvshows) | Container.Content(seasons) | Container.Content(episodes) | Container.Content(musicvideos)]</visible>
			<include>DialogAnimation</include>

			<control type="group">
				<posx>45</posx>
				<posy>143</posy>
				<include>VisibleFadeEffect</include>
				<control type="image">
					<posx>0</posx>
					<posy>0</posy>
					<width>308</width>
					<height>453</height>
					<aspectratio align="center" aligny="center" scalediffuse="false">scale</aspectratio>
					<texture background="true" fallback="thumbs/fallback_poster_big.png" diffuse="thumbs/poster_diffuse_big.png">$VAR[VideoInfoThumbs]</texture>
				</control>
				<control type="image">
					<posx>-11</posx>
					<posy>-11</posy>
					<width>330</width>
					<height>475</height>
					<aspectratio align="center" aligny="center">stretch</aspectratio>
					<texture background="true">thumbs/poster_overlay_big.png</texture>
				</control>
				<control type="group">
					<posx>330</posx>
					<posy>7</posy>
					<control type="label">
						<description>Title</description>
						<posy>-3</posy>
						<width>855</width>
						<font>FontSize_40</font>
						<label>$INFO[Listitem.Title]$INFO[Listitem.Year, (,) ]</label>
						<align>left</align>
						<aligny>center</aligny>
						<textcolor>white</textcolor>
						<shadowcolor>99000000</shadowcolor>
						<visible>Container.Content(Movies)</visible>
					</control>
					<control type="label">
						<description>Title</description>
						<width>855</width>
						<font>FontSize_40</font>
						<label>$INFO[Listitem.Title]</label>
						<align>left</align>
						<aligny>center</aligny>
						<textcolor>white</textcolor>
						<shadowcolor>99000000</shadowcolor>
						<visible>Container.Content(TVShows) | Container.Content(Seasons) | Container.Content(Episodes) | Container.Content(MusicVideos)</visible>
					</control>
					<control type="image">
						<posx>0</posx>
						<posy>40</posy>
						<width>48</width>
						<height>20</height>
						<align>left</align>
						<aligny>center</aligny>
						<colordiffuse>99ffffff</colordiffuse>
						<texture fallback="flags/mpaa/film/rating-nr.png">$VAR[MPAAFilmRating]</texture>
						<visible>Container.Content(Movies)</visible>
					</control>
					<control type="image">
						<posx>0</posx>
						<posy>40</posy>
						<width>48</width>
						<height>20</height>
						<align>left</align>
						<aligny>center</aligny>
						<colordiffuse>99ffffff</colordiffuse>
						<texture fallback="flags/mpaa/tv/tv-na.png">$INFO[ListItem.mpaa,flags/mpaa/tv/,.png]</texture>
						<visible>!Container.Content(Movies)</visible>
					</control>
					<control type="label">
						<description>Under Title</description>
						<posx>55</posx>
						<posy>34</posy>
						<width>800</width>
						<height>30</height>
						<font>FontSize_22</font>
						<label>$VAR[DialogsInfo]</label>
						<align>left</align>
						<aligny>center</aligny>
						<textcolor>99white</textcolor>
						<shadowcolor>99000000</shadowcolor>
					</control>
					<control type="group">
						<visible>[!Container.Content(TVShows) + !Container.Content(MusicVideos)]</visible>
						<posx>0</posx>
						<posy>75</posy>
						<!-- Director label -->
						<control type="grouplist">
							<posx>0</posx>
							<posy>0</posy>
							<width>850</width>
							<height>30</height>
							<orientation>horizontal</orientation>
							<control type="label">
								<textcolor>white</textcolor>
								<shadowcolor>99000000</shadowcolor>
								<font>FontSize_22</font>
								<width min="10" max="780">auto</width>
								<height>30</height>
								<label>$LOCALIZE[20339]: </label>
								<visible>!Control.HasFocus(61)</visible>
							</control>
							<control type="label">
								<textcolor>99white</textcolor>
								<shadowcolor>99000000</shadowcolor>
								<font>FontSize_22</font>
								<width min="10" max="780">auto</width>
								<height>30</height>
								<label fallback="195">$INFO[ListItem.Director]</label>
								<visible>!Control.HasFocus(61)</visible>
							</control>
							<control type="label">
								<textcolor>selected</textcolor>
								<shadowcolor>99000000</shadowcolor>
								<font>FontSize_22</font>
								<width min="10" max="780">auto</width>
								<height>30</height>
								<label>$LOCALIZE[31019] $INFO[ListItem.Director]</label>
								<visible>Control.HasFocus(61) + !IsEmpty(ListItem.Director)</visible>
							</control>
							<control type="button"  id="61">
								<onleft>9000</onleft>
								<onright>9000</onright>
								<onup>9000</onup>
								<include>TopButton</include>
								<ondown>RunScript(script.extendedinfo,info=extendedactorinfo,name=$INFO[ListItem.Director])</ondown>
								<ondown>Dialog.Close(movieinformation)</ondown>
								<onclick>SendClick(2003,13)</onclick>
								<enable>!IsEmpty(ListItem.Director)</enable>
							</control>
						</control>
						<!-- Writer label -->
						<control type="grouplist">
							<posx>0</posx>
							<posy>25</posy>
							<width>850</width>
							<height>30</height>
							<orientation>horizontal</orientation>
							<control type="label">
								<textcolor>white</textcolor>
								<shadowcolor>99000000</shadowcolor>
								<font>FontSize_22</font>
								<width min="10" max="780">auto</width>
								<label>$LOCALIZE[20417]: </label>
							</control>
							<control type="label">
								<textcolor>99white</textcolor>
								<shadowcolor>99000000</shadowcolor>
								<font>FontSize_22</font>
								<width min="10" max="780">auto</width>
								<height>30</height>
								<label fallback="195">$INFO[ListItem.Writer]</label>
							</control>
						</control>
						<!-- Studio label -->
						<control type="grouplist">
							<posx>0</posx>
							<posy>50</posy>
							<width>850</width>
							<height>30</height>
							<orientation>horizontal</orientation>
							<control type="label">
								<textcolor>white</textcolor>
								<shadowcolor>99000000</shadowcolor>
								<font>FontSize_22</font>
								<width min="10" max="780">auto</width>
								<height>30</height>
								<label>$LOCALIZE[572]: </label>
							</control>
							<control type="label">
								<textcolor>99white</textcolor>
								<shadowcolor>99000000</shadowcolor>
								<font>FontSize_22</font>
								<width min="10" max="780">auto</width>
								<height>30</height>
								<label fallback="195">$INFO[ListItem.Studio]</label>
							</control>
						</control>
						<!-- Runtime label -->
						<control type="grouplist">
							<posx>0</posx>
							<posy>75</posy>
							<width>850</width>
							<height>30</height>
							<orientation>horizontal</orientation>
							<control type="label">
								<textcolor>white</textcolor>
								<shadowcolor>99000000</shadowcolor>
								<font>FontSize_22</font>
								<width min="10" max="780">auto</width>
								<height>30</height>
								<label>$LOCALIZE[2050]: </label>
							</control>
							<control type="label">
								<textcolor>99white</textcolor>
								<shadowcolor>99000000</shadowcolor>
								<font>FontSize_22</font>
								<width min="10" max="780">auto</width>
								<height>30</height>
								<label>$VAR[ListItem.Duration]</label>
								<visible>!IsEmpty(ListItem.Duration)</visible>
							</control>
						</control>
						<!-- Path label -->
						<control type="grouplist">
							<posx>0</posx>
							<posy>100</posy>
							<width>850</width>
							<height>30</height>
							<orientation>horizontal</orientation>
							<control type="label">
								<textcolor>white</textcolor>
								<shadowcolor>99000000</shadowcolor>
								<font>FontSize_22</font>
								<width min="10" max="780">auto</width>
								<height>30</height>
								<label>$LOCALIZE[15311] </label>
							</control>
							<control type="label">
								<textcolor>99white</textcolor>
								<shadowcolor>99000000</shadowcolor>
								<font>FontSize_22</font>
								<width min="10" max="780">auto</width>
								<height>30</height>
								<haspath>true</haspath>
								<label fallback="195">$INFO[ListItem.FilenameAndPath]</label>
							</control>
						</control>
						<!-- Ratings label -->
						<control type="grouplist.">
							<posx>0</posx>
							<posy>125</posy>
							<width>850</width>
							<height>30</height>
							<orientation>horizontal</orientation>
							<control type="label">
								<textcolor>white</textcolor>
								<shadowcolor>99000000</shadowcolor>
								<font>FontSize_22</font>
								<width min="10" max="780">auto</width>
								<height>30</height>
								<label>$LOCALIZE[563]: </label>
							</control>
							<control type="label">
								<textcolor>99white</textcolor>
								<shadowcolor>99000000</shadowcolor>
								<font>FontSize_22</font>
								<width min="10" max="780">auto</width>
								<height>30</height>
								<label fallback="195">$INFO[ListItem.RatingAndVotes]</label>
							</control>
						</control>
					</control>
					<control type="group">
						<visible>Container.Content(TVShows)</visible>
						<posx>0</posx>
						<posy>75</posy>
						<!-- Status label -->
						<control type="grouplist">
							<posx>0</posx>
							<posy>0</posy>
							<width>850</width>
							<height>30</height>
							<orientation>horizontal</orientation>
							<control type="label">
								<textcolor>white</textcolor>
								<shadowcolor>99000000</shadowcolor>
								<font>FontSize_22</font>
								<width min="10" max="780">auto</width>
								<height>30</height>
								<label>$LOCALIZE[126]: </label>
							</control>
							<control type="label">
								<textcolor>99white</textcolor>
								<shadowcolor>99000000</shadowcolor>
								<font>FontSize_22</font>
								<width min="10" max="780">auto</width>
								<height>30</height>
								<label fallback="195">$INFO[Window(Home).Property(NextAired.Status)]</label>
							</control>
						</control>
						<!-- Episodes label -->
						<control type="grouplist">
							<posx>0</posx>
							<posy>25</posy>
							<width>850</width>
							<height>30</height>
							<orientation>horizontal</orientation>
							<control type="label">
								<textcolor>white</textcolor>
								<shadowcolor>99000000</shadowcolor>
								<font>FontSize_22</font>
								<width min="10" max="780">auto</width>
								<label>$LOCALIZE[20360]: </label>
							</control>
							<control type="label">
								<textcolor>99white</textcolor>
								<shadowcolor>99000000</shadowcolor>
								<font>FontSize_22</font>
								<width min="10" max="780">auto</width>
								<height>30</height>
								<label fallback="195">$INFO[ListItem.Episode] ($INFO[ListItem.Property(WatchedEpisodes),, $LOCALIZE[16102]] - $INFO[ListItem.Property(UnWatchedEpisodes), , $LOCALIZE[16101]])</label>
							</control>
						</control>
						<!-- Premiered label -->
						<control type="grouplist">
							<posx>0</posx>
							<posy>50</posy>
							<width>850</width>
							<height>30</height>
							<orientation>horizontal</orientation>
							<control type="label">
								<textcolor>white</textcolor>
								<shadowcolor>99000000</shadowcolor>
								<font>FontSize_22</font>
								<width min="10" max="780">auto</width>
								<height>30</height>
								<label>$LOCALIZE[31004]: </label>
							</control>
							<control type="label">
								<textcolor>99white</textcolor>
								<shadowcolor>99000000</shadowcolor>
								<font>FontSize_22</font>
								<width min="10" max="780">auto</width>
								<height>30</height>
								<label>$INFO[ListItem.Premiered]</label>
							</control>
						</control>
						<!-- Studio label -->
						<control type="grouplist">
							<posx>0</posx>
							<posy>75</posy>
							<width>850</width>
							<height>30</height>
							<orientation>horizontal</orientation>
							<control type="label">
								<textcolor>white</textcolor>
								<shadowcolor>99000000</shadowcolor>
								<font>FontSize_22</font>
								<width min="10" max="780">auto</width>
								<height>30</height>
								<label>$LOCALIZE[572]: </label>
							</control>
							<control type="label">
								<textcolor>99white</textcolor>
								<shadowcolor>99000000</shadowcolor>
								<font>FontSize_22</font>
								<width min="10" max="780">auto</width>
								<height>30</height>
								<label fallback="195">$INFO[ListItem.Studio]</label>
							</control>
						</control>
						<!-- Path label -->
						<control type="grouplist">
							<posx>0</posx>
							<posy>100</posy>
							<width>850</width>
							<height>30</height>
							<orientation>horizontal</orientation>
							<control type="label">
								<textcolor>white</textcolor>
								<shadowcolor>99000000</shadowcolor>
								<font>FontSize_22</font>
								<width min="10" max="780">auto</width>
								<height>30</height>
								<label>$LOCALIZE[15311] </label>
							</control>
							<control type="label">
								<textcolor>99white</textcolor>
								<shadowcolor>99000000</shadowcolor>
								<font>FontSize_22</font>
								<width min="10" max="780">auto</width>
								<height>30</height>
								<haspath>true</haspath>
								<label fallback="195">$INFO[ListItem.FilenameAndPath]</label>
							</control>
						</control>
						<!-- Ratings label -->
						<control type="grouplist.">
							<posx>0</posx>
							<posy>125</posy>
							<width>850</width>
							<height>30</height>
							<orientation>horizontal</orientation>
							<control type="label">
								<textcolor>white</textcolor>
								<shadowcolor>99000000</shadowcolor>
								<font>FontSize_22</font>
								<width min="10" max="780">auto</width>
								<height>30</height>
								<label>$LOCALIZE[563]: </label>
							</control>
							<control type="label">
								<textcolor>99white</textcolor>
								<shadowcolor>99000000</shadowcolor>
								<font>FontSize_22</font>
								<width min="10" max="780">auto</width>
								<height>30</height>
								<label fallback="195">$INFO[ListItem.RatingAndVotes]</label>
							</control>
						</control>
					</control>

					<control type="group" id="4">
						<animation effect="fade" start="0" end="100" time="200" reversible="false" condition="!Control.IsVisible(50)">Conditional</animation>
						<animation effect="fade" start="100" end="0" time="200" reversible="false" condition="Control.IsVisible(50)">Conditional</animation>
						<control type="textbox">
							<description>Description Value</description>
							<posx>0</posx>
							<posy>215</posy>
							<width>850</width>
							<height>185</height>
							<font>FontSize_22</font>
							<align>justify</align>
							<textcolor>99white</textcolor>
							<shadowcolor>99000000</shadowcolor>
							<label>$VAR[GlobalPlotDescription]</label>
							<autoscroll time="3000" delay="5000" repeat="5000">Skin.HasSetting(AutoScroll)</autoscroll>
							<visible>![Container.Content(Movies) | Container.Content(Episodes) | Container.Content(MusicVideos)]</visible>
						</control>
						<control type="textbox">
							<description>Description Value</description>
							<posx>0</posx>
							<posy>250</posy>
							<width>850</width>
							<height>185</height>
							<font>FontSize_22</font>
							<align>justify</align>
							<textcolor>99white</textcolor>
							<shadowcolor>99000000</shadowcolor>
							<label>$VAR[GlobalPlotDescription]</label>
							<autoscroll time="3000" delay="5000" repeat="5000">Skin.HasSetting(AutoScroll)</autoscroll>
							<visible>Container.Content(Movies) | Container.Content(Episodes) | Container.Content(MusicVideos)</visible>
						</control>		
					</control>
				</control>
			</control>

			<control type="grouplist">
				<description>Media Flaggs</description>
				<posx>375</posx>
				<posy>367</posy>
				<width>850</width>
				<height>40</height>
				<align>left</align>
				<aligny>center</aligny>
				<itemgap>13</itemgap>
				<orientation>horizontal</orientation>
				<include>VisibleFadeEffect2</include>
				<visible>!Control.IsVisible(50) + [Container.Content(Movies) | Container.Content(Episodes) | Container.Content(MusicVideos)]</visible>
				<include>VideoStereoscopicsFlagsConditions</include>
				<include>VideoResFlagsConditions</include>
				<include>AspectRatioFlagsConditions</include>
				<include>VideoCodecFlagsConditions</include>
				<include>AudioFlagsConditions</include>
				<include>AudioChannelFlagsConditions</include>
				<include>VideoLanguageFlags</include>
			</control>

			<!-- Cast List -->
			<control type="group">
				<posx>366</posx>
				<posy>412</posy>
				<animation effect="slide" start="0,0" end="0,-43" time="150" condition="Control.HasFocus(50)">Conditional</animation>
				<animation effect="fade" start="0" end="100" time="300" reversible="false" condition="Control.IsVisible(50)">Conditional</animation>
				<animation effect="fade" start="100" end="0" time="300" reversible="false" condition="!Control.IsVisible(50)">Conditional</animation>
				<control type="fixedlist" id="50">
					<description>Cast</description>
					<posx>0</posx>
					<posy>0</posy>
					<width>860</width>
					<height>250</height>
					<orientation>horizontal</orientation>
					<scrolltime tween="cubic" easing="out">350</scrolltime>
					<onleft>50</onleft>
					<onright>50</onright>
					<onup>9000</onup>
					<ondown>RunScript(script.extendedinfo,info=extendedactorinfo,name=$INFO[Container(50).ListItem.Label])</ondown>
					<ondown>Dialog.Close(movieinformation)</ondown>
					<itemlayout width="143" height="250">
						<control type="group">
							<animation reversible="true" effect="slide" end="32,0" time="150" condition="Control.HasFocus(50)">Conditional</animation>
							<control type="image">
								<posx>10</posx>
								<posy>10</posy>
								<width>127</width>
								<height>175</height>
								<aspectratio align="center" aligny="center" scalediffuse="false">stretch</aspectratio>
								<texture background="true" diffuse="thumbs/poster_diffuse.png">thumbs/thumb_back.png</texture>
							</control>
							<control type="image">
								<posx>10</posx>
								<posy>10</posy>
								<width>127</width>
								<height>175</height>
								<aspectratio align="center" aligny="top" scalediffuse="false">scale</aspectratio>
								<texture background="true" diffuse="thumbs/poster_diffuse.png">$INFO[ListItem.Icon]</texture>
							</control>
							<control type="image">
								<posx>3</posx>
								<posy>3</posy>
								<width>142</width>
								<height>189</height>
								<aspectratio align="center" aligny="center" scalediffuse="false">stretch</aspectratio>
								<texture background="true" diffuse="thumbs/poster_diffuse.png">thumbs/poster_overlay_noglass.png</texture>
							</control>
						</control>
					</itemlayout>
					<focusedlayout width="143" height="250">
						<control type="group">
							<animation reversible="true" effect="zoom" start="100" end="125" center="10,10" time="150" condition="Control.HasFocus(50)">Conditional</animation>
							<control type="image">
								<posx>10</posx>
								<posy>10</posy>
								<width>127</width>
								<height>175</height>
								<aspectratio align="center" aligny="center" scalediffuse="false">stretch</aspectratio>
								<texture background="true" diffuse="thumbs/poster_diffuse.png">thumbs/thumb_back.png</texture>
							</control>
							<control type="image">
								<posx>10</posx>
								<posy>10</posy>
								<width>127</width>
								<height>175</height>
								<aspectratio align="center" aligny="top" scalediffuse="false">scale</aspectratio>
								<texture background="true" diffuse="thumbs/poster_diffuse.png">$INFO[ListItem.Icon]</texture>
							</control>
							<control type="image">
								<posx>3</posx>
								<posy>3</posy>
								<width>142</width>
								<height>189</height>
								<aspectratio align="center" aligny="center" scalediffuse="false">stretch</aspectratio>
								<texture background="true" diffuse="thumbs/poster_diffuse.png">thumbs/poster_overlay_noglass.png</texture>
							</control>
						</control>
						<control type="label">
							<posx>185</posx>
							<posy>185</posy>
							<width>670</width>
							<height>40</height>
							<font>FontSize_22</font>
							<align>left</align>
							<aligny>center</aligny>
							<textcolor>white</textcolor>
							<shadowcolor>99000000</shadowcolor>
							<selectedcolor>white</selectedcolor>
							<label>$INFO[ListItem.Label] ($INFO[ListItem.Label2]) </label>
							<visible>Control.HasFocus(50)</visible>
							<animation effect="fade" start="0" end="100" time="200" condition="Control.HasFocus(50)">Conditional</animation>
							<animation reversible="false" effect="fade" start="0" end="100" time="400">Focus</animation>
							<animation reversible="false" effect="fade" start="100" end="0" time="0">Unfocus</animation>
						</control>
						<control type="image.">
							<posx>80</posx>
							<posy>235</posy>
							<width>23</width>
							<height>20</height>
							<texture background="true" flipy="true">views/scrollbar/arrow.png</texture>
							<visible>Control.HasFocus(50)</visible>
							<animation reversible="false" effect="fade" start="0" end="100" delay="100" time="250">Focus</animation>
							<animation reversible="false" effect="fade" start="100" end="0" time="0">Unfocus</animation>
						</control>
						<control type="fadelabel.">
							<posx>185</posx>
							<posy>185</posy>
							<width>670</width>
							<height>40</height>
							<font>FontSize_22</font>
							<align>left</align>
							<aligny>center</aligny>
							<textcolor>white</textcolor>
							<shadowcolor>99000000</shadowcolor>
							<selectedcolor>white</selectedcolor>
							<scroll>false</scroll>
							<scrollout>false</scrollout>
							<pauseatend>3000</pauseatend>
							<label>$INFO[Container(50).Listitem.Label]</label>
							<label>31164</label>
							<visible>Control.HasFocus(50)</visible>
							<animation effect="fade" start="0" end="100" time="200" condition="Control.HasFocus(50)">Conditional</animation>
							<animation reversible="false" effect="fade" start="0" end="100" time="400">Focus</animation>
							<animation reversible="false" effect="fade" start="100" end="0" time="0">Unfocus</animation>
						</control>
					</focusedlayout>
				</control>
			</control>
		</control>


		<!-- ================= -->
		<!-- === Top Menus === -->
		<!-- ================= -->    
		<control type="group">
			<posx>45</posx>
			<posy>25</posy>
			<visible>!Window.IsActive(script-ExtendedInfo Script-DialogInfo.xml) + !Window.IsActive(script-ExtendedInfo Script-DialogVideoInfo.xml) + IsEmpty(Window(Home).Property(script.metadata.actors.hasparent)) + [Container.Content(movies) | Container.Content(tvshows) | Container.Content(episodes) | Container.Content(musicvideos)]</visible>
			<animation type="WindowOpen" reversible="false">
				<effect type="fade" start="0" end="100" time="300" tween="sine" easing="in"  />
				<effect type="slide" start="0,-55" end="0,0" time="350" tween="cubic" easing="out" />
			</animation>
			<animation type="WindowClose" condition="!Window.IsActive(shutdownmenu)" reversible="false">
				<effect type="fade" start="100" end="0" time="300" tween="sine" easing="out" />
				<effect type="slide" start="0,0" end="0,-55" time="350" tween="sine" easing="out" />
			</animation>
			<animation type="WindowClose" condition="Window.IsActive(shutdownmenu)" reversible="false">
				<effect type="fade" start="100" end="0" time="300" tween="sine" easing="out" />
				<effect type="slide" start="0,0" end="0,55" time="350" tween="sine" easing="out" />
			</animation>
			<animation type="Visible" reversible="false">
				<effect type="fade" start="0" end="100" time="300" tween="sine" easing="in"  />
				<effect type="slide" start="0,55" end="0,0" time="350" tween="cubic" easing="out" />
			</animation>
			<animation type="Hidden" reversible="false">
				<effect type="fade" start="100" end="0" time="300" tween="sine" easing="out" />
				<effect type="slide" start="0,0" end="0,55" time="350" tween="sine" easing="out" />
			</animation>
			<!-- NumberRating -->
			<control type="grouplist">
				<posx>0</posx>
				<posy>6</posy>
				<height>0</height>
				<width>1190</width>
				<itemgap>5</itemgap>
				<align>right</align>
				<orientation>horizontal</orientation>
				<animation type="Conditional" reversible="false" condition="!Window.IsActive(VolumeBar)">
					<effect type="fade" start="0" end="100" time="300" tween="sine" easing="in"  />
					<effect type="slide" start="0,35" end="0,0" time="350" tween="cubic" easing="out" />
				</animation>
				<animation type="Conditional" reversible="false" condition="Window.IsActive(VolumeBar)">
					<effect type="fade" start="100" end="0" time="300" tween="sine" easing="out" />
					<effect type="slide" start="0,0" end="0,35" time="350" tween="sine" easing="out" />
				</animation>
				<control type="image">
					<width>40</width>
					<height>38</height>
					<aspectratio>keep</aspectratio>
					<texture>$VAR[VideoInfoStarRating]</texture>
				</control>
				<control type="label">
					<height>40</height>
					<width min="10" max="1280">auto</width>
					<font>FontSize_40</font>
					<textcolor>white</textcolor>
					<shadowcolor>99000000</shadowcolor>
					<align>left</align>
					<aligny>center</aligny>
					<scroll>false</scroll>
					<label fallback="0.0">$INFO[ListItem.Rating]</label>
				</control>
			</control>
			<!-- Main Buttons -->
			<control type="grouplist" id="9000">
				<posx>0</posx>
				<posy>0</posy>
				<width>0</width>
				<height>0</height>
				<itemgap>0</itemgap>
				<align>left</align>
				<orientation>horizontal</orientation>
				<onleft>9000</onleft>
				<onright>9000</onright>
				<ondown condition="!Control.IsVisible(50) + !IsEmpty(ListItem.Director)">61</ondown>
				<ondown condition="Control.IsVisible(50) + IntegerGreaterThan(Container(50).NumItems,0)">50</ondown>
				<control type="togglebutton" id="8">
					<description>Play/Browse</description>
					<include>TopButton</include>
					<label>208</label>
					<altlabel>1024</altlabel>
					<usealttexture>Container.Content(TVShows)</usealttexture>
					<alttexturefocus>-</alttexturefocus>
					<alttexturenofocus>-</alttexturenofocus>
					<visible>!Container.Content(movies) | [Container.Content(movies) + !System.HasAddon(script.cinema.experience)] | [Container.Content(movies) + SubString(Container.FolderPath,plugin)]</visible>
				</control>
				<control type="button" id="80">
					<description>Play Cinema</description>
					<include>TopButton</include>
					<label>208</label>
					<onclick>Dialog.Close(MovieInformation)</onclick>
					<onclick>XBMC.RunScript(script.cinema.experience,movieid=$INFO[ListItem.DBID])</onclick>
					<visible>System.HasAddon(script.cinema.experience) + Container.Content(movies) + !SubString(Container.FolderPath,plugin)</visible>
				</control>
				<control type="button" id="104">
					<description>ExtendedInfo</description>
					<label>$LOCALIZE[31068]</label>
					<onclick condition="Container.Content(movies)">RunScript(script.extendedinfo,info=extendedinfo,name=$INFO[Listitem.Title])</onclick>
					<onclick condition="Container.Content(movies)">Dialog.Close(movieinformation)</onclick>
					<onclick condition="Container.Content(tvshows)">RunScript(script.extendedinfo,info=extendedtvinfo,name=$INFO[Listitem.TVShowTitle])</onclick>
					<onclick condition="Container.Content(tvshows)">Dialog.Close(movieinformation)</onclick>
					<onclick condition="[Container.Content(seasons) | Container.Content(episodes)] + !IsEmpty(Window(home).Property(SeasonNumber))">RunScript(script.extendedinfo,info=seasoninfo,tvshow=$INFO[ListItem.TVShowTitle],season=$INFO[Window(home).Property(SeasonNumber)])</onclick>
					<onclick condition="[Container.Content(seasons) | Container.Content(episodes)] + !IsEmpty(Window(home).Property(SeasonNumber))">Dialog.Close(movieinformation)</onclick>
					<include>TopButton</include>
					<visible>
					Container.Content(movies) 
					| Container.Content(tvshows) 
					| [Container.Content(episodes) + !substring(Container.FolderPath,plugin://plugin.video,left) + !IsEmpty(Window(home).Property(SeasonNumber)] 
					| [Container.Content(seasons) + !IsEmpty(Window(home).Property(SeasonNumber))]
					</visible>
				</control>
				<control type="button" id="105">
					<description>Cast/Plot</description>
					<label>-</label>
					<onclick condition="IntegerGreaterThan(Container(50).NumItems,0)">SendClick(2003,5)</onclick>
					<include>TopButton</include>
					<visible>!substring(Container.FolderPath,plugin://plugin.video,left)</visible>
				</control>
				<control type="button" id="11">
					<description>Play Trailer</description>
					<label>20410</label>
					<include>TopButton</include>
					<visible>!IsEmpty(ListItem.Trailer)</visible>
					<visible>!substring(Container.FolderPath,plugin://plugin.video,left)</visible>
				</control>
				<control type="button" id="18">
					<description>edit</description>
					<label>21435</label>
					<onclick>SetFocus(9222)</onclick>
					<include>TopButton</include>
					<visible>!substring(Container.FolderPath,plugin://plugin.video,left)</visible>
				</control>
			</control>
			<!-- Main Labels -->
			<control type="grouplist">
				<visible allowhiddenfocus="true">!ControlGroup(9222).HasFocus</visible>
				<animation type="Visible" reversible="false">
					<effect type="fade" start="0" end="100" time="300" tween="sine" easing="out"  />
					<effect type="slide" start="0,35" end="0,0" time="350" tween="sine" easing="out" />
				</animation>
				<animation type="Hidden" reversible="false">
					<effect type="fade" start="100" end="0" time="300" tween="sine" easing="out" />
					<effect type="slide" start="0,0" end="0,35" time="350" tween="sine" easing="out" />
				</animation>
				<posx>0</posx>
				<posy>0</posy>
				<height>70</height>
				<width>1190</width>
				<itemgap>15</itemgap>
				<align>left</align>
				<orientation>horizontal</orientation>
				<control type="label">
					<include>TopBigLabel</include>
					<label>$LOCALIZE[544]:</label>
				</control>
				<control type="label">
					<description>Play/Browse</description>
					<include>TopSmallLabel</include>
					<label>$INFO[Control.GetLabel(8)]</label>
					<animation effect="fade" start="100" end="70" time="200" tween="cubic" easing="inout" condition="!Control.HasFocus(8)" reversible="true">Conditional</animation>
					<animation effect="zoom" start="100" end="90" time="200" tween="cubic" easing="inout" center="auto" condition="!Control.HasFocus(8)" reversible="true">Conditional</animation>
					<visible>!Container.Content(movies) | [Container.Content(movies) + !System.HasAddon(script.cinema.experience)] | [Container.Content(movies) + SubString(Container.FolderPath,plugin)]</visible>
				</control>
				<control type="label">
					<description>Play Cinema</description>
					<include>TopSmallLabel</include>
					<label>$INFO[Control.GetLabel(80)]</label>
					<animation effect="fade" start="100" end="70" time="200" tween="cubic" easing="inout" condition="!Control.HasFocus(80)" reversible="true">Conditional</animation>
					<animation effect="zoom" start="100" end="90" time="200" tween="cubic" easing="inout" center="auto" condition="!Control.HasFocus(80)" reversible="true">Conditional</animation>
					<visible>System.HasAddon(script.cinema.experience) + Container.Content(movies) + !SubString(Container.FolderPath,plugin)</visible>
				</control>
				<control type="label">
					<description>ExtendedInfo</description>
					<include>TopSmallLabel</include>
					<label>$INFO[Control.GetLabel(104)]</label>
					<animation effect="fade" start="100" end="70" time="200" tween="cubic" easing="inout" condition="!Control.HasFocus(104)" reversible="true">Conditional</animation>
					<animation effect="zoom"  start="100" end="90" time="200" tween="cubic" easing="inout" center="auto" condition="!Control.HasFocus(104)" reversible="true">Conditional</animation>
					<visible>
					Container.Content(movies) 
					| Container.Content(tvshows) 
					| [Container.Content(episodes) + !substring(Container.FolderPath,plugin://plugin.video,left) + !IsEmpty(Window(home).Property(SeasonNumber)] 
					| [Container.Content(seasons) + !IsEmpty(Window(home).Property(SeasonNumber))]
					</visible>
				</control>
				<control type="label">
					<description>Cast/Plot</description>
					<include>TopSmallLabel</include>
					<label>$INFO[Control.GetLabel(5)]</label>
					<animation effect="fade" start="100" end="70" time="200" tween="cubic" easing="inout" condition="!Control.HasFocus(105)" reversible="true">Conditional</animation>
					<animation effect="zoom"  start="100" end="90" time="200" tween="cubic" easing="inout" center="auto" condition="!Control.HasFocus(105)" reversible="true">Conditional</animation>
					<visible>!substring(Container.FolderPath,plugin://plugin.video,left)</visible>
				</control>
				<control type="label">
					<description>Play Trailer</description>
					<include>TopSmallLabel</include>
					<label>$INFO[Control.GetLabel(11)]</label>
					<animation effect="fade" start="100" end="70" time="200" tween="cubic" easing="inout" condition="!Control.HasFocus(11)" reversible="true">Conditional</animation>
					<animation effect="zoom"  start="100" end="90" time="200" tween="cubic" easing="inout" center="auto" condition="!Control.HasFocus(11)" reversible="true">Conditional</animation>
					<visible>!IsEmpty(ListItem.Trailer)</visible>
					<visible>!substring(Container.FolderPath,plugin://plugin.video,left)</visible>
				</control>
				<control type="label">
					<description>edit</description>
					<include>TopSmallLabel</include>
					<label>$INFO[Control.GetLabel(18)]</label>
					<animation effect="fade" start="100" end="70" time="200" tween="cubic" easing="inout" condition="!Control.HasFocus(18)" reversible="true">Conditional</animation>
					<animation effect="zoom"  start="100" end="90" time="200" tween="cubic" easing="inout" center="auto" condition="!Control.HasFocus(18)" reversible="true">Conditional</animation>
					<visible>!substring(Container.FolderPath,plugin://plugin.video,left)</visible>
				</control>
			</control>

			<!-- Edit Buttons -->
			<control type="grouplist" id="9222">
				<posx>6</posx>
				<posy>12</posy>
				<width>1190</width>
				<height>70</height>
				<itemgap>0</itemgap>
				<align>left</align>
				<orientation>horizontal</orientation>
				<onleft>9222</onleft>
				<onright>9222</onright>
				<onup>9000</onup>
				<ondown>9000</ondown>
				<onback>9000</onback>
				<control type="button" id="6">
					<description>Refresh</description>
					<label>184</label>
					<include>TopButton</include>
				</control>
				<control type="button" id="16">
					<description>Library Editor</description>
					<label>31125</label>
					<include>TopButton</include>
					<onclick>RunScript(script.libraryeditor,DBID=$INFO[ListItem.DBID])</onclick>
					<visible>System.HasAddon(script.libraryeditor) + [Container.Content(movies) | Container.Content(tvshows) | Container.Content(seasons) | Container.Content(episodes) | Container.Content(musicvideos)]</visible>
				</control>
				<control type="button" id="10">
					<description>Get Art</description>
					<label>13511</label>
					<include>TopButton</include>
				</control>
				<control type="button" id="14">
					<description>Get Extra Art</description>
					<label>31221</label>
					<include>TopButton</include>
					<onclick condition="[Container.Content(TVShows) | Container.Content(Seasons)]">XBMC.RunScript(script.artwork.downloader, mode=gui, mediatype=tvshow, dbid=$INFO[ListItem.DBID])</onclick>
					<onclick condition="Container.Content(Movies)">XBMC.RunScript(script.artwork.downloader, mode=gui, mediatype=movie, dbid=$INFO[ListItem.DBID])</onclick>
					<visible>System.HasAddon(script.artwork.downloader) + [Container.Content(Movies) | Container.Content(TVShows) | Container.Content(Seasons)]</visible>
				</control>
				<control type="button" id="17">
					<description>Update Art</description>
					<label>31171</label>
					<include>TopButton</include>
					<onclick condition="[Container.Content(TVShows) | Container.Content(Seasons)]">RunScript(script.artwork.downloader,mode=custom,mediatype=tvshow,poster,fanart,landscape,clearlogo,clearart,banner,seasonbanner,seasonposter,dbid=$INFO[ListItem.DBID])</onclick>
					<onclick condition="Container.Content(Movies)">RunScript(script.artwork.downloader,mode=custom,mediatype=movie,poster,fanart,clearlogo,discart,landscape,dbid=$INFO[ListItem.DBID])</onclick>
					<visible>System.HasAddon(script.artwork.downloader) + [Container.Content(movies) | Container.Content(TVShows) | Container.Content(Seasons)]</visible>
				</control>
				<control type="button" id="15">
					<description>Get TV Tune</description>
					<label>31222</label>
					<include>TopButton</include>
					<onclick>RunScript(script.tvtunes,mode=solo)</onclick>
					<visible>System.HasAddon(script.tvtunes) + Skin.HasSetting(TVTunesEnabled) + [Container.Content(Movies) | Container.Content(TVShows) | Container.Content(Seasons)]</visible>
				</control>
			</control>
			<!-- Edit Labels -->
			<control type="grouplist">
				<visible allowhiddenfocus="true">ControlGroup(9222).HasFocus</visible>
				<animation type="Visible"  reversible="false">
					<effect type="fade" start="0" end="100" time="300" tween="sine" easing="in"  />
					<effect type="slide" start="0,-35" end="0,0" time="350" tween="cubic" easing="out" />
				</animation>
				<animation type="Hidden" reversible="false">
					<effect type="fade" start="100" end="0" time="300" tween="sine" easing="out" />
					<effect type="slide" start="0,0" end="0,-35" time="350" tween="sine" easing="out" />
				</animation>
				<posx>0</posx>
				<posy>0</posy>
				<height>70</height>
				<width>1190</width>
				<itemgap>15</itemgap>
				<align>left</align>
				<orientation>horizontal</orientation>
				<control type="label">
					<include>TopBigLabel</include>
					<label>$LOCALIZE[21435]:</label>
				</control>
				<control type="label">
					<description>Refresh</description>
					<include>TopSmallLabel</include>
					<label>$INFO[Control.GetLabel(6)]</label>
					<animation effect="fade" start="100" end="70" time="200" tween="cubic" easing="inout" condition="!Control.HasFocus(6)" reversible="true">Conditional</animation>
					<animation effect="zoom"  start="100" end="90" time="200" tween="cubic" easing="inout" center="auto" condition="!Control.HasFocus(6)" reversible="true">Conditional</animation>
				</control>
				<control type="label">
					<description>Library Editor</description>
					<include>TopSmallLabel</include>
					<label>$INFO[Control.GetLabel(16)]</label>
					<animation effect="fade" start="100" end="70" time="200" tween="cubic" easing="inout" condition="!Control.HasFocus(16)" reversible="true">Conditional</animation>
					<animation effect="zoom"  start="100" end="90" time="200" tween="cubic" easing="inout" center="auto" condition="!Control.HasFocus(16)" reversible="true">Conditional</animation>
					<visible>System.HasAddon(script.libraryeditor) + [Container.Content(movies) | Container.Content(tvshows) | Container.Content(seasons) | Container.Content(episodes) | Container.Content(musicvideos)]</visible>
				</control>
				<control type="label">
					<description>Get Art</description>
					<include>TopSmallLabel</include>
					<label>$INFO[Control.GetLabel(10)]</label>
					<animation effect="fade" start="100" end="70" time="200" tween="cubic" easing="inout" condition="!Control.HasFocus(10)" reversible="true">Conditional</animation>
					<animation effect="zoom"  start="100" end="90" time="200" tween="cubic" easing="inout" center="auto" condition="!Control.HasFocus(10)" reversible="true">Conditional</animation>
				</control>
				<control type="label">
					<description>Get Extra Art</description>
					<include>TopSmallLabel</include>
					<label>$INFO[Control.GetLabel(14)]</label>
					<animation effect="fade" start="100" end="70" time="200" tween="cubic" easing="inout" condition="!Control.HasFocus(14)" reversible="true">Conditional</animation>
					<animation effect="zoom"  start="100" end="90" time="200" tween="cubic" easing="inout" center="auto" condition="!Control.HasFocus(14)" reversible="true">Conditional</animation>
					<visible>System.HasAddon(script.artwork.downloader) + [Container.Content(Movies) | Container.Content(TVShows) | Container.Content(Seasons)]</visible>
				</control>
				<control type="label">
					<description>Update Art</description>
					<include>TopSmallLabel</include>
					<label>$INFO[Control.GetLabel(17)]</label>
					<animation effect="fade" start="100" end="70" time="200" tween="cubic" easing="inout" condition="!Control.HasFocus(17)" reversible="true">Conditional</animation>
					<animation effect="zoom"  start="100" end="90" time="200" tween="cubic" easing="inout" center="auto" condition="!Control.HasFocus(17)" reversible="true">Conditional</animation>
					<visible>System.HasAddon(script.artwork.downloader) + [Container.Content(movies) | Container.Content(TVShows) | Container.Content(Seasons)]</visible>
				</control>
				<control type="label">
					<description>Get TV Tune</description>
					<include>TopSmallLabel</include>
					<label>$INFO[Control.GetLabel(15)]</label>
					<animation effect="fade" start="100" end="70" time="200" tween="cubic" easing="inout" condition="!Control.HasFocus(15)" reversible="true">Conditional</animation>
					<animation effect="zoom"  start="100" end="90" time="200" tween="cubic" easing="inout" center="auto" condition="!Control.HasFocus(15)" reversible="true">Conditional</animation>
					<visible>System.HasAddon(script.tvtunes) + Skin.HasSetting(TVTunesEnabled) + [Container.Content(Movies) | Container.Content(TVShows) | Container.Content(Seasons)]</visible>
				</control>
			</control>
		</control>

		<!-- ================ -->
		<!-- Top Content Info -->
		<!-- ================ -->
		<control type="group">
			<posx>47</posx>
			<posy>70</posy>
			<animation type="WindowOpen" reversible="false">
				<effect type="fade" start="0" end="100" time="300" tween="sine" easing="in"  />
				<effect type="slide" start="0,-55" end="0,0" time="350" tween="cubic" easing="out" />
			</animation>
			<animation type="WindowClose" condition="!Window.IsActive(shutdownmenu)" reversible="false">
				<effect type="fade" start="100" end="0" time="300" tween="sine" easing="out" />
				<effect type="slide" start="0,0" end="0,-55" time="350" tween="sine" easing="out" />
			</animation>
			<animation type="WindowClose" condition="Window.IsActive(shutdownmenu)" reversible="false">
				<effect type="fade" start="100" end="0" time="300" tween="sine" easing="out" />
				<effect type="slide" start="0,0" end="0,55" time="350" tween="sine" easing="out" />
			</animation>
			<animation type="Visible" reversible="false">
				<effect type="fade" start="0" end="100" time="300" tween="sine" easing="in"  />
				<effect type="slide" start="0,55" end="0,0" time="350" tween="cubic" easing="out" />
			</animation>
			<animation type="Hidden" reversible="false">
				<effect type="fade" start="100" end="0" time="300" tween="sine" easing="out" />
				<effect type="slide" start="0,0" end="0,55" time="350" tween="sine" easing="out" />
			</animation>
			<visible>!Window.IsActive(script-ExtendedInfo Script-DialogInfo.xml) + !Window.IsActive(script-ExtendedInfo Script-DialogVideoInfo.xml) + [Container.Content(movies) | Container.Content(tvshows) | Container.Content(episodes) | Container.Content(musicvideos)]</visible>
			<control type="label">
				<width>300</width>
				<height>20</height>
				<font>FontSize_18</font>
				<textcolor>blue</textcolor>
				<scroll>false</scroll>
				<align>left</align>
				<aligny>center</aligny>
				<label>$VAR[VideoInfoContentInfoLabels]</label>
			</control>
		</control>		

		<!-- Hidden Buttons -->
		<control type="button" id="5">
			<description>Cast/Crew</description>
			<visible>false</visible>
		</control>
	</controls>
</window>


