<?xml version="1.0" encoding="UTF-8"?>
<includes>
	<!--======================-->
	<!--Main Home List Buttons-->
	<!--======================-->
	<include name="HomeMenuWraplist">
		<control type="group">					
			<visible allowhiddenfocus="true">!SubString(Player.Filenameandpath,extras/intro/intro.mp4) + !SubString(Player.Filenameandpath,extras\intro\intro.mp4) + !Window.IsActive(1110) + !Window.IsActive(1113) + !Window.IsActive(1114) + !Window.IsActive(1115) + !Window.IsActive(selectdialog) + !Window.IsActive(virtualkeyboard) + !Window.IsActive(ShutdownMenu) + !Window.IsActive(Favourites) + !Window.IsActive(ProgressDialog) + !Window.IsActive(PlayerControls) + !Window.IsActive(script-globalsearch-main.xml) + !Window.IsActive(script-ExtendedInfo Script-DialogInfo.xml) + !Window.IsActive(script-ExtendedInfo Script-DialogVideoInfo.xml) + !Window.IsActive(script-skinshortcuts.xml)</visible>
			<include>HomeSlideAnimations</include>
			<control type="group">
				<include>HomeSlideAnimations</include>
				<control type="image">
					<include>FullscreenDimensions</include>			
					<texture background="true">views/list/shine.png</texture>
					<visible>!Skin.HasTheme(Original-Bello) + !Window.IsActive(playercontrols)</visible>
					<animation effect="fade" time="0" start="100" end="75" condition="!Skin.HasTheme(ElegantDark) + [Control.HasFocus(20) | ControlGroup(21).HasFocus | Control.HasFocus(23)]">Conditional</animation>
					<animation effect="fade" time="0" start="100" end="50" condition="Skin.HasTheme(ElegantDark) + [Control.HasFocus(20) | ControlGroup(21).HasFocus | Control.HasFocus(23)]">Conditional</animation>
				</control>
				<control type="image">
					<include>FullscreenDimensions</include>
					<texture background="true">windows/bg/black_pulse.png</texture>
					<animation effect="fade" time="0" end="70" condition="true">Conditional</animation>
					<visible>Skin.HasSetting(DisablePurpleBar)</visible>
				</control>
				<control type="image">
					<include>FullscreenDimensions</include>
					<texture background="true">windows/bg/colors_pulse.png</texture>
					<visible>!Skin.HasSetting(HomeMenuAnimation) + !Skin.HasSetting(DisablePurpleBar)</visible>
				</control>
				<control type="image">
					<height>720</height>
					<width>3280</width>
					<texture>windows/bg/colors_pulse.png</texture>
					<animation type="Conditional" condition="true" loop="true" reversible="false">
						<effect type="slide" start="0,0" end="-2000,0" time="20350" />
						<effect type="slide" start="0,0" end="2000,0" time="20350" delay="20350"/>
					</animation>
					<visible>Skin.HasSetting(HomeMenuAnimation) + !Skin.HasSetting(DisablePurpleBar)</visible>
				</control>

				<control type="group" id="16">
					<visible>!Skin.HasSetting(HideLibraryStats) + [StringCompare(Container(20).ListItem.Property(defaultID),movies) | StringCompare(Container(20).ListItem.Property(defaultID),music) | StringCompare(Container(20).ListItem.Property(defaultID),tvshows)]</visible>
					<control type="label" id="17">
						<label>$VAR[LibraryInfoLabel]</label>			
						<include>TopButton</include>
					</control>
					<control type="label" id="18">
						<label>$VAR[LibraryInfoLabel2]</label>
						<include>TopButton</include>
					</control>
					<control type="label" id="19">
						<label>$VAR[LibraryInfoLabel3]</label>
						<include>TopButton</include>
					</control>
				</control>
				<control type="wraplist" id="20">
					<include>WidgetMainMenuSlideAnimations</include>
					<description>Home Container</description>
					<left>-10</left>
					<top>110</top>
					<width>1500</width>
					<height>720</height>
					<align>center</align>
					<onup condition="StringCompare(Container(20).ListItem.Property(widget),movies)">SetFocus(90501)</onup>
					<onup condition="StringCompare(Container(20).ListItem.Property(widget),tvshows)">SetFocus(90601)</onup>
					<onup condition="StringCompare(Container(20).ListItem.Property(widget),music)">SetFocus(45)</onup>
					<onup condition="StringCompare(Container(20).ListItem.Property(widget),tunein)">SetFocus(90801)</onup>
					<onup condition="StringCompare(Container(20).ListItem.Property(widget),widgetgroup1)">SetFocus(90901)</onup>
					<onup condition="StringCompare(Container(20).ListItem.Property(widget),widgetgroup2)">SetFocus(90911)</onup>
					<onup condition="StringCompare(Container(20).ListItem.Property(widget),widgetgroup3)">SetFocus(90931)</onup>
					<onup condition="StringCompare(Container(20).ListItem.Property(widget),widgetgroup4)">SetFocus(90941)</onup>
					<onup condition="StringCompare(Container(20).ListItem.Property(widget),rssvideowidget)">SetFocus(90991)</onup>					
					<onup condition="StringCompare(Container(20).ListItem.Property(widget),amazondb)">SetFocus(90731)</onup>
					<onup condition="StringCompare(Container(20).ListItem.Property(widget),amazon)">SetFocus(90741)</onup>					
					<onup condition="StringCompare(Container(20).ListItem.Property(widget),youtube)">SetFocus(90981)</onup>					
					<onup condition="SubString(Container(20).ListItem.Property(widgetPlaylist),playlists/music)">SetFocus(90711)</onup>
					<onup condition="SubString(Container(20).ListItem.Property(widgetPlaylist),playlists/video)">SetFocus(90721)</onup>
					<onup condition="IsEmpty(Container(20).ListItem.Property(widget))">SetFocus(21)</onup>
					<ondown condition="IntegerGreaterThan(Container(23).NumItems,0)">SetFocus(23)</ondown>					
					<onleft>20</onleft>
					<onright>20</onright>
					<itemgap>0</itemgap>
					<orientation>horizontal</orientation>
					<focusposition>1</focusposition>
					<scrolltime tween="Quadratic" easing="out">300</scrolltime>
					<itemlayout width="400">
						<control type="label">
							<left>0</left>
							<top>200</top>
							<width>400</width>
							<textcolor>55white</textcolor>
							<shadowcolor>55000000</shadowcolor>
							<font>FontSize_65</font>
							<align>center</align>
							<label>$INFO[ListItem.Label]</label>
						</control>
					</itemlayout>
					<focusedlayout width="500">													
						<control type="label">
							<left>-15</left>
							<top>200</top>
							<width>530</width>
							<textcolor>white</textcolor>
							<shadowcolor>55000000</shadowcolor>
							<font>FontSize_100</font>
							<align>center</align>
							<label>$INFO[ListItem.Label]</label>
							<animation type="Conditional" condition="!ControlGroup(21).HasFocus + !Window.IsVisible(Selectdialog)">
								<effect type="zoom" start="80" end="100" time="200" tween="sine" easing="out" center="318,200" />
								<effect type="fade" start="35" end="100" time="200" tween="sine" easing="out" />
							</animation>
						</control>			
						<control type="fadelabel">
							<visible>Control.HasFocus(20) + !Skin.HasSetting(HideLibraryStats) + !IsEmpty(Control.GetLabel(17))</visible>
							<animation effect="fade" time="250" delay="50">Visible</animation>
							<animation effect="fade" time="0">Hidden</animation>
							<left>-15</left>
							<top>264</top>		
							<width>530</width>
							<height>18</height>
							<textcolor>77white</textcolor>
							<shadowcolor>55000000</shadowcolor>
							<font>FontSize_16</font>
							<align>center</align>			
							<label>$INFO[Control.GetLabel(17)]</label>						
							<label>$INFO[Control.GetLabel(18)]</label>						
							<label>$INFO[Control.GetLabel(19)]</label>
							<scroll>false</scroll>
							<scrollout>false</scrollout>
							<scrollspeed>100</scrollspeed>
							<pauseatend>4000</pauseatend>						
						</control>
						<control type="grouplist">
							<visible>Control.HasFocus(20) + !Container(20).OnNext + !Container(20).OnPrevious</visible>
							<animation effect="slide" time="0" start="0,0" end="0,27" condition="Control.IsVisible(16) + !IsEmpty(Control.GetLabel(17))">Conditional</animation>
							<itemgap>0</itemgap>
							<orientation>horizontal</orientation>
							<width>530</width>
							<height>21</height>
							<left>-15</left>	
							<top>265</top>							
							<align>center</align>
							<animation effect="fade" time="250" delay="50">Visible</animation>
							<animation effect="fade" time="0">Hidden</animation>
							<control type="image" id="201">									
								<width>21</width>
								<height>18</height>
								<texture background="true">buttons/arrow.png</texture>
								<colordiffuse>CCFFFFFF</colordiffuse>
								<visible>IntegerGreaterThan(Container(23).NumItems,0)</visible>
								<animation type="Conditional" condition="Skin.HasSetting(HomeMenuArrowAnimation)" pulse="true">
									<effect type="fade" start="0" end="100" delay="900" time="900"  />
									<effect type="slide" start="0,-2" end="0,4" tween="sine" easing="inout" delay="900" time="900" />
								</animation>
							</control>
							<control type="image" id="202">
								<width>21</width>
								<height>18</height>
								<texture background="true">buttons/arrow_top.png</texture>
								<colordiffuse>CCFFFFFF</colordiffuse>
								<visible>!IsEmpty(Container(20).ListItem.Property(widget))</visible>
								<animation type="Conditional" condition="Skin.HasSetting(HomeMenuArrowAnimation)" pulse="true">
									<effect type="fade" start="0" end="100" delay="900" time="900"  />
									<effect type="slide" start="0,2" end="0,-4" tween="sine" easing="inout" delay="900" time="900" />
								</animation>
							</control>
						</control>
						
					</focusedlayout>
					<content>
						<include>skinshortcuts-mainmenu</include>
					</content>
				</control>
			</control>
		</control>
	</include>
	
	<!--===========-->
	<!--Recording Info-->
	<!--===========-->
	<include name="PVRRecordingInfo">	
		<control type="group">
			<include>HomeNowPlayingCoversSlideAnimations</include>
			<include>WidgetMainMenuSlideAnimations</include>
			<visible>!Skin.HasSetting(HideRecordingBox) + ![Window.IsActive(shutdownmenu) | Window.IsActive(playercontrols) | Window.IsActive(selectdialog) | Window.IsActive(virtualkeyboard) | Window.IsActive(favourites) | Window.IsActive(progressdialog) | Window.IsActive(InfoDialog) | Window.IsActive(extendedprogressdialog) | Window.IsActive(ContextMenu) | Window.IsActive(script-globalsearch-main.xml) | Player.HasMedia] + [PVR.IsRecording | PVR.HasNonRecordingTimer]</visible>
			<!--currently recording -->
			<control type="group">
				<include name="FakeFadeSlowLabel">
					<param name="condition">PVR.HasNonRecordingTimer</param>
				</include>
				<visible>PVR.IsRecording</visible>
				<!-- channel icon -->
				<control type="group" id="28">
					<left>45</left>
					<top>527</top>
					<control type="image">
						<left>-110</left>
						<top>-100</top>
						<width>370</width>
						<height>400</height>
						<aspectratio align="center" aligny="center">stretch</aspectratio>
						<texture background="true">views/list/shine.png</texture>
						<animation effect="fade" end="40" reversible="false" condition="true" time="0">Conditional</animation>
					</control>
					<control type="image">
						<left>0</left>
						<top>0</top>
						<width>160</width>
						<height>160</height>
						<aspectratio align="center" aligny="center" scalediffuse="false">stretch</aspectratio>
						<texture background="true" diffuse="thumbs/music_diffuse.png">thumbs/thumb_back.png</texture>
						<fadetime>800</fadetime>
					</control>
					<control type="image">
						<left>0</left>
						<top>0</top>
						<width>160</width>
						<height>160</height>
						<aspectratio align="center" aligny="center" scalediffuse="false">keep</aspectratio>
						<texture background="true" fallback="thumbs/fallback_square.png" diffuse="thumbs/music_diffuse.png">$INFO[PVR.NowRecordingChannelIcon]</texture>
						<fadetime>800</fadetime>
					</control>
					<control type="image">
						<left>-7</left>
						<top>-7</top>
						<width>174</width>
						<height>174</height>
						<aspectratio align="center" aligny="center">stretch</aspectratio>
						<texture background="true">thumbs/music_overlay.png</texture>
						<fadetime>800</fadetime>
					</control>
					<control type="image">
						<left>0</left>
						<top>162</top>
						<width>160</width>
						<height>160</height>
						<aspectratio align="center" aligny="center" scalediffuse="false">keep</aspectratio>
						<texture background="true" fallback="thumbs/fallback_square.png" flipy="true" diffuse="thumbs/music_reflection_diffuse.png">thumbs/thumb_back.png</texture>
						<fadetime>800</fadetime>
						<colordiffuse>a0ffffff</colordiffuse>
					</control>
					<control type="image">
						<left>0</left>
						<top>162</top>
						<width>160</width>
						<height>160</height>
						<aspectratio align="center" aligny="center" scalediffuse="false">keep</aspectratio>
						<texture background="true" fallback="thumbs/fallback_square.png" flipy="true" diffuse="thumbs/music_reflection_diffuse.png">$VAR[VideoPlayerThumb]</texture>
						<fadetime>800</fadetime>
						<colordiffuse>a0ffffff</colordiffuse>
					</control>
				</control>
				<!-- labels -->
				<control type="group" id="30">
					<left>220</left>
					<top>600</top>
					<control type="label">
						<left>0</left>
						<top>0</top>
						<width>300</width>
						<height>33</height>
						<label>$LOCALIZE[19158] ...</label>
						<align>left</align>
						<aligny>center</aligny>
						<font>NotificationsFont</font>
						<textcolor>blue</textcolor>
						<shadowcolor>77000000</shadowcolor>
					</control>
					<control type="label">
						<left>-2</left>
						<top>20</top>
						<width>500</width>
						<height>53</height>
						<label>$INFO[PVR.NowRecordingChannel]</label>
						<align>left</align>
						<aligny>center</aligny>
						<font>FontSize_40</font>
						<textcolor>white</textcolor>
						<shadowcolor>77000000</shadowcolor>
					</control>
					<control type="label">
						<left>0</left>
						<top>60</top>
						<width>480</width>
						<height>35</height>
						<label>$INFO[PVR.NowRecordingTitle]</label>
						<align>left</align>
						<aligny>center</aligny>
						<font>NotificationsFont</font>
						<textcolor>99white</textcolor>
						<shadowcolor>77000000</shadowcolor>
					</control>
				</control>	
			</control>
			<control type="group">
				<visible>PVR.HasNonRecordingTimer</visible>
				<include name="FakeFadeSlowLabel2">
					<param name="condition">PVR.IsRecording</param>
				</include>
				<!-- channel icon -->
				<control type="group" id="28">
					<left>45</left>
					<top>527</top>
					<control type="image">
						<left>-110</left>
						<top>-100</top>
						<width>370</width>
						<height>400</height>
						<aspectratio align="center" aligny="center">stretch</aspectratio>
						<texture background="true">views/list/shine.png</texture>
						<animation effect="fade" end="40" reversible="false" condition="true" time="0">Conditional</animation>
					</control>
					<control type="image">
						<left>0</left>
						<top>0</top>
						<width>160</width>
						<height>160</height>
						<aspectratio align="center" aligny="center" scalediffuse="false">stretch</aspectratio>
						<texture background="true" diffuse="thumbs/music_diffuse.png">thumbs/thumb_back.png</texture>
						<fadetime>800</fadetime>
					</control>
					<control type="image">
						<left>0</left>
						<top>0</top>
						<width>160</width>
						<height>160</height>
						<aspectratio align="center" aligny="center" scalediffuse="false">keep</aspectratio>
						<texture background="true" fallback="thumbs/fallback_square.png" diffuse="thumbs/music_diffuse.png">$INFO[PVR.NextRecordingChannelIcon]</texture>
						<fadetime>800</fadetime>
					</control>
					<control type="image">
						<left>-7</left>
						<top>-7</top>
						<width>174</width>
						<height>174</height>
						<aspectratio align="center" aligny="center">stretch</aspectratio>
						<texture background="true">thumbs/music_overlay.png</texture>
						<fadetime>800</fadetime>
					</control>
					<control type="image">
						<left>0</left>
						<top>162</top>
						<width>160</width>
						<height>160</height>
						<aspectratio align="center" aligny="center" scalediffuse="false">keep</aspectratio>
						<texture background="true" fallback="thumbs/fallback_square.png" flipy="true" diffuse="thumbs/music_reflection_diffuse.png">thumbs/thumb_back.png</texture>
						<fadetime>800</fadetime>
						<colordiffuse>a0ffffff</colordiffuse>
					</control>
					<control type="image">
						<left>0</left>
						<top>162</top>
						<width>160</width>
						<height>160</height>
						<aspectratio align="center" aligny="center" scalediffuse="false">keep</aspectratio>
						<texture background="true" fallback="thumbs/fallback_square.png" flipy="true" diffuse="thumbs/music_reflection_diffuse.png">$INFO[PVR.NextRecordingChannelIcon]</texture>
						<fadetime>800</fadetime>
						<colordiffuse>a0ffffff</colordiffuse>
					</control>
				</control>
				<!-- labels -->
				<control type="group" id="30">
					<left>220</left>
					<top>600</top>
					<control type="label">
						<left>0</left>
						<top>0</top>
						<width>300</width>
						<height>33</height>
						<label>$LOCALIZE[19157] ...</label>
						<align>left</align>
						<aligny>center</aligny>
						<font>NotificationsFont</font>
						<textcolor>blue</textcolor>
						<shadowcolor>77000000</shadowcolor>
					</control>
					<control type="label">
						<left>-2</left>
						<top>20</top>
						<width>500</width>
						<height>53</height>
						<label>$INFO[PVR.NextRecordingChannel]</label>
						<align>left</align>
						<aligny>center</aligny>
						<font>FontSize_40</font>
						<textcolor>white</textcolor>
						<shadowcolor>77000000</shadowcolor>
					</control>
					<control type="label">
						<left>0</left>
						<top>60</top>
						<width>480</width>
						<height>35</height>
						<label>$INFO[PVR.NextRecordingTitle]</label>
						<align>left</align>
						<aligny>center</aligny>
						<font>NotificationsFont</font>
						<textcolor>99white</textcolor>
						<shadowcolor>77000000</shadowcolor>
					</control>
				</control>	
			</control>
		</control>
	</include>
	<!--===========-->
	<!--TopHomeMenu-->
	<!--===========-->
	<include name="TopHomeMenu">
		<control type="group">
			<left>45</left>
			<top>25</top>
			<visible>!SubString(Player.Filenameandpath,extras/intro/intro.mp4) + !SubString(Player.Filenameandpath,extras\intro\intro.mp4) + ![Window.IsActive(1113) | Window.IsActive(1114) | Window.IsActive(1115) | Window.IsActive(ShutdownMenu) | [Window.IsActive(ContextMenu) + [Window.IsVisible(Favourites) | Window.IsVisible(playercontrols)]] | Window.IsActive(script-globalsearch-main.xml) | Window.IsActive(Favourites)]</visible>
			<include>HomeSlideAnimations</include>
			<control type="grouplist" id="21">
				<left>0</left>
				<top>0</top>
				<height>0</height>
				<width>0</width>
				<itemgap>0</itemgap>
				<onleft>21</onleft>
				<onright>21</onright>
				<onup>20</onup>
				<ondown>20</ondown>
				<align>left</align>
				<orientation>horizontal</orientation>
				<control type="button" id="210">
					<description>Favorites</description>
					<include>TopButton</include>
					<onclick>SetFocus(20)</onclick>
					<onclick>ActivateWindow(favourites)</onclick>
				</control>
				<control type="button" id="211">
					<description>Search</description>
					<include>TopButton</include>
					<onclick>SetFocus(20)</onclick>
					<onclick>RunScript(script.globalsearch)</onclick>
				</control>
				<control type="button" id="212">
					<description>Refresh Library</description>
					<include>TopButton</include>
					<onclick>SetProperty(Dialog.1.Label,$LOCALIZE[31059])</onclick>
					<onclick>SetProperty(Dialog.1.BuiltIn,UpdateLibrary(video)||SetFocus(20))</onclick>
					<onclick>SetProperty(Dialog.2.Label,$LOCALIZE[31060])</onclick>
					<onclick>SetProperty(Dialog.2.BuiltIn,UpdateLibrary(music)||SetFocus(20))</onclick>
					<onclick>SetProperty(Dialog.3.Label,$LOCALIZE[31061])</onclick>
					<onclick>SetProperty(Dialog.3.BuiltIn,CleanLibrary(video)||SetFocus(20))</onclick>
					<onclick>SetProperty(Dialog.4.Label,$LOCALIZE[31062])</onclick>
					<onclick>SetProperty(Dialog.4.BuiltIn,CleanLibrary(music)||SetFocus(20))</onclick>
					<onclick>RunScript(script.toolbox,info=selectdialog,header=$LOCALIZE[799])</onclick>
					<visible>!Skin.HasSetting(DisableLibraryRefreshButton)</visible>
					<onclick>SetProperty(Dialog.5.Label,$LOCALIZE[31093])</onclick>
					<onclick>SetProperty(Dialog.5.BuiltIn,RunScript(script.imdbupdate,movies|top250,hidden)||SetFocus(20))</onclick>
					<onclick>SetProperty(Dialog.6.Label,$LOCALIZE[31190])</onclick>
					<onclick>SetProperty(Dialog.6.BuiltIn,RunScript(script.imdbupdate,mpaa,hidden)||SetFocus(20))</onclick>	
				</control>
				<control type="button" id="214">
					<description>Power</description>
					<include>TopButton</include>
					<onclick>SetFocus(20)</onclick>
					<onclick>ActivateWindow(shutdownmenu)</onclick>
				</control>
			</control>
			<control type="image">
				<include>HomeSlideAnimations</include>
				<width>50</width>
				<top>2</top>
				<left>-3</left>
				<height>50</height>
				<texture background="true" colordiffuse="blue">kodo-symbol-white.png</texture>
				<aspectratio>keep</aspectratio>
				<visible>!Skin.HasSetting(ShowKodiSymbol)</visible>
			</control>
			<control type="grouplist">
				<animation effect="slide" time="0" start="0,0" end="50,0" condition="!Skin.HasSetting(ShowKodiSymbol)">Conditional</animation>
				<left>0</left>
				<top>0</top>
				<height>70</height>
				<width>1190</width>
				<itemgap>20</itemgap>
				<align>left</align>
				<orientation>horizontal</orientation>
				<include>HomeSlideAnimations</include>		
				<control type="label">
					<include>TopBigLabel</include>
					<label>10000</label>
				</control>
				<control type="label">
					<include>TopSmallLabel</include>
					<label>$LOCALIZE[1036]</label>
					<animation effect="fade" start="100" end="70" time="100" tween="sine" easing="in" condition="!Control.HasFocus(210)" reversible="true">Conditional</animation>
					<animation effect="zoom"  start="100" end="95" time="100" tween="sine" easing="in" center="auto" condition="!Control.HasFocus(210)" reversible="true">Conditional</animation>
				</control>
				<control type="label">
					<include>TopSmallLabel</include>
					<label>$LOCALIZE[137]</label>
					<animation effect="fade" start="100" end="70" time="100" tween="sine" easing="in" condition="!Control.HasFocus(211)" reversible="true">Conditional</animation>
					<animation effect="zoom"  start="100" end="95" time="100" tween="sine" easing="in" center="auto" condition="!Control.HasFocus(211)" reversible="true">Conditional</animation>
				</control>
				<control type="label">
					<include>TopSmallLabel</include>
					<label>$LOCALIZE[799]</label>
					<animation effect="fade" start="100" end="70" time="100" tween="sine" easing="in" condition="!Control.HasFocus(212)" reversible="true">Conditional</animation>
					<animation effect="zoom"  start="100" end="95" time="100" tween="sine" easing="in" center="auto" condition="!Control.HasFocus(212)" reversible="true">Conditional</animation>
					<visible>!Skin.HasSetting(DisableLibraryRefreshButton)</visible>
				</control>
				<control type="label">
					<include>TopSmallLabel</include>
					<label>$LOCALIZE[33060]</label>
					<animation effect="fade" start="100" end="70" time="100" tween="sine" easing="in" condition="!Control.HasFocus(214)" reversible="true">Conditional</animation>
					<animation effect="zoom"  start="100" end="95" time="100" tween="sine" easing="in" center="auto" condition="!Control.HasFocus(214)" reversible="true">Conditional</animation>
				</control>
			</control>
			<control type="group">
				<visible>Skin.HasSetting(ShowLibraryTotals)</visible>
				<animation effect="slide" end="-3,3" reversible="false" condition="stringcompare(System.Language,Greek) | stringcompare(System.Language,Italian)">Conditional</animation>
				<include>HomeSlideAnimations</include>
				<control type="fadelabel">
					<animation effect="slide" time="0" start="0,0" end="0,0" condition="!Skin.HasSetting(ShowKodiSymbol)">Conditional</animation>
					<left>3</left>
					<top>48</top>
					<width>500</width>
					<height>20</height>
					<font>FontSize_18</font>
					<textcolor>blue</textcolor>
					<shadowcolor>55000000</shadowcolor>
					<align>left</align>
					<aligny>center</aligny>
					<label>$INFO[Window(Home).Property(Movies.Count),$LOCALIZE[20342]: ]</label>
					<label>$INFO[Window(Home).Property(TVShows.Count),$LOCALIZE[31002]: ]</label>
					<label>$INFO[Window(Home).Property(Music.AlbumsCount),$LOCALIZE[132]: ]</label>
					<label>$INFO[Window(Home).Property(Music.SongsCount),$LOCALIZE[134]: ]</label>
					<scroll>false</scroll>
					<scrollout>false</scrollout>
					<scrollspeed>100</scrollspeed>
					<pauseatend>8000</pauseatend>
				</control>
			</control>
		</control>
	</include>
</includes>