<?xml version="1.0" encoding="UTF-8"?>
<window>
	<!-- loginscreen -->
	<backgroundcolor>0xff12161b</backgroundcolor>
	<defaultcontrol always="true">52</defaultcontrol>
	<controls>
		<control type="group">
			<animation delay="250" effect="fade" end="100" start="0" time="200">WindowOpen</animation>
			<animation effect="fade" end="0" start="100" time="0">WindowClose</animation>
			<!-- Heading / Current item / Total items -->
			<control type="grouplist">
				<left>198</left>
				<top>134</top>
				<height>80</height>
				<itemgap>10</itemgap>
				<orientation>horizontal</orientation>
				<usecontrolcoords>true</usecontrolcoords>
				<include>VisibleDelayFadeAnimation</include>
				<control type="label">
					<width>auto</width>
					<height>60</height>
					<font>Med48</font>
					<aligny>bottom</aligny>
					<textcolor>ffdadada</textcolor>
					<label>$LOCALIZE[10029]  </label>
				</control>
				<control type="label">
					<top>15</top>
					<width>auto</width>
					<height>60</height>
					<font>Med32</font>
					<aligny>bottom</aligny>
					<textcolor>ffdadada</textcolor>
					<label>$INFO[Container(52).CurrentItem]</label>
				</control>
				<control type="label">
					<top>14</top>
					<width>auto</width>
					<height>60</height>
					<font>Light36</font>
					<aligny>bottom</aligny>
					<textcolor>ff505050</textcolor>
					<label>|</label>
					<visible>IntegerGreaterThan(Container(52).NumItems,0)</visible>
				</control>
				<control type="label">
					<top>15</top>
					<width>auto</width>
					<height>60</height>
					<font>Light32</font>
					<aligny>bottom</aligny>
					<textcolor>ff505050</textcolor>
					<label>$INFO[Container(52).NumItems]</label>
					<visible>IntegerGreaterThan(Container(52).NumItems,0)</visible>
				</control>
			</control>
		</control>
		<control id="52" type="fixedlist">
			<left>-77</left>
			<top>289</top>
			<width>3000</width>
			<height>497</height>
			<onup>noop</onup>
			<ondown>1000</ondown>
			<onleft>noop</onleft>
			<onright>noop</onright>
			<onback>PageUp</onback>
			<onright condition="!Window.IsVisible(1103)">SetProperty(BounceRight,1,Home)</onright>
			<focusposition>1</focusposition>
			<viewtype label="">list</viewtype>
			<orientation>horizontal</orientation>
			<scrolltime easing="inout" tween="sine">300</scrolltime>
			<animation condition="Window.IsVisible(1103)" reversible="false" type="Conditional">
				<effect easing="out" end="-20,0" start="0,0" time="60" tween="sine" type="slide" />
				<effect delay="80" easing="out" end="20,0" start="0,0" time="120" tween="sine" type="slide" />
			</animation>
			<itemlayout height="497" width="300">
				<control type="group">
					<animation center="134,240" condition="True" effect="zoom" end="85" start="85">Conditional</animation>
					<animation condition="ControlGroup(9001).HasFocus" easing="inout" effect="slide" end="49,0" reversible="true" start="0,0" time="125" tween="sine">Conditional</animation>
					<control type="image">
						<left>-24</left>
						<width>333</width>
						<height>497</height>
						<texture border="1,1,14,18">settings/settings_tile.png</texture>
					</control>
					<control type="label">
						<left>-10</left>
						<top>28</top>
						<width>276</width>
						<height>32</height>
						<font>Bold34</font>
						<textcolor>ffdadada</textcolor>
						<label>$INFO[ListItem.Label]</label>
					</control>
					<control type="textbox">
						<left>-10</left>
						<top>80</top>
						<width>276</width>
						<height>112</height>
						<font>Light26</font>
						<textcolor>ffdadada</textcolor>
						<label>$INFO[ListItem.Label2]</label>
					</control>
					<control type="image">
						<left>-13</left>
						<top>169</top>
						<width>300</width>
						<height>300</height>
						<aspectratio align="center" aligny="center">keep</aspectratio>
						<texture background="true">$INFO[ListItem.Icon]</texture>
					</control>
					<control type="image">
						<left>-24</left>
						<width>320</width>
						<height>480</height>
						<texture>views/OverlayNF.png</texture>
						<animation center="auto" condition="Window.Next(home)" easing="inout" effect="fade" end="0" start="100" time="300" tween="sine">Conditional</animation>
					</control>
				</control>
			</itemlayout>
			<focusedlayout height="497" width="300">
				<control type="group">
					<animation center="134,240" easing="inout" effect="zoom" end="100" start="85" time="300" tween="sine">Focus</animation>
					<animation center="134,240" condition="Container(52).OnNext | Container(52).OnPrevious" easing="inout" effect="zoom" end="85" start="100" time="300" tween="sine">UnFocus</animation>
					<control type="image">
						<left>-24</left>
						<width>333</width>
						<height>497</height>
						<texture border="1,1,14,18">settings/settings_tile.png</texture>
					</control>
					<control type="label">
						<left>-10</left>
						<top>28</top>
						<width>276</width>
						<height>32</height>
						<font>Bold34</font>
						<textcolor>ffdadada</textcolor>
						<label>$INFO[ListItem.Label]</label>
					</control>
					<control type="textbox">
						<left>-10</left>
						<top>80</top>
						<width>276</width>
						<height>112</height>
						<font>Light26</font>
						<textcolor>ffdadada</textcolor>
						<label>$INFO[ListItem.Label2]</label>
					</control>
					<control type="image">
						<left>-13</left>
						<top>169</top>
						<width>300</width>
						<height>300</height>
						<aspectratio align="center" aligny="center">keep</aspectratio>
						<texture background="true">$INFO[ListItem.Icon]</texture>
					</control>
					<control type="image">
						<left>-24</left>
						<width>320</width>
						<height>480</height>
						<texture>views/OverlayNF.png</texture>
						<animation center="auto" easing="inout" effect="fade" end="0" start="100" time="300" tween="sine">Focus</animation>
						<animation center="auto" easing="inout" effect="fade" end="100" start="0" time="300" tween="sine">UnFocus</animation>
					</control>
				</control>
			</focusedlayout>
		</control>
		<!-- Lower group -->
		<control type="group">
			<left>196</left>
			<top>782</top>
			<include>VisibleDelayFadeAnimation</include>
			<control id="1000" type="button">
				<width>182</width>
				<height>100</height>
				<onup>52</onup>
				<ondown>noop</ondown>
				<onclick>ActivateWindow(ShutdownMenu)</onclick>
				<font>Med24</font>
				<label>$LOCALIZE[31085]</label>
				<textoffsetx>28</textoffsetx>
				<textcolor>ffdadada</textcolor>
				<focusedcolor>ff222222</focusedcolor>
				<texturefocus border="13,5,6,8">views/button_fo.png</texturefocus>
				<texturenofocus border="13,3,6,6">views/button_nf.png</texturenofocus>
			</control>
		</control>
	</controls>
</window>