<?xml version="1.0" encoding="UTF-8"?>
<window  id="139">
	<defaultcontrol always="true">100</defaultcontrol>
	<controls>
	<control type="button" id="100">
		<include>TopButton</include>
    <onfocus>SetFocus(5)</onfocus>
    <animation effect="fade" start="0" end="100" time="0" delay="50">Focus</animation>
  </control>
	 <control type="group">
	  <include>DialogAnimation</include>
	  <include>DialogSelectBackground</include>
		<control type="label">
			<description>header label</description>
			<left>360</left>
			<top>152</top>
			<width>560</width>
	    <include>DialogsHeaderLabel</include>
			<label>$LOCALIZE[13406]</label>
		</control>

		<control type="list" id="5">
			<left>364</left>
			<top>209</top>
			<width>553</width>
			<height>306</height>
			<onup>5</onup>
			<ondown>5</ondown>
			<onleft>Close</onleft>
			<onright>Close</onright>
			<pagecontrol>60</pagecontrol>
			<scrolltime tween="Cubic" easing="Out">250</scrolltime>
			<itemlayout height="51" width="553">
				<control type="label">
					<left>10</left>
					<top>0</top>
					<width>200</width>
					<height>47</height>
					<font>FontSize_20</font>
					<textcolor>77white</textcolor>
					<selectedcolor>selected</selectedcolor>
					<align>left</align>
					<aligny>center</aligny>
					<label>$INFO[ListItem.Label]</label>
				</control>
				<control type="label">
					<left>210</left>
					<top>0</top>
					<width>332</width>
					<height>47</height>
					<font>FontSize_20</font>
					<textcolor>77white</textcolor>
					<selectedcolor>selected</selectedcolor>
					<align>right</align>
					<aligny>center</aligny>
					<label>$INFO[ListItem.Label2]</label>
				</control>
			</itemlayout>
			<focusedlayout height="51" width="553">
				<control type="image">
					<left>0</left>
					<top>0</top>
					<width>553</width>
					<height>47</height>
					<texture>buttons/focus.png</texture>
          <include>ListFocusAnimation</include>
				</control>
				<control type="label">
					<left>10</left>
					<top>0</top>
					<width>200</width>
					<height>47</height>
					<font>FontSize_20</font>
					<textcolor>white</textcolor>
					<selectedcolor>selected</selectedcolor>
					<align>left</align>
					<aligny>center</aligny>
					<label>$INFO[ListItem.Label]</label>
				</control>
				<control type="label">
					<left>210</left>
					<top>0</top>
					<width>332</width>
					<height>47</height>
					<font>FontSize_20</font>
					<textcolor>white</textcolor>
					<selectedcolor>selected</selectedcolor>
					<align>right</align>
					<aligny>center</aligny>
					<label>$INFO[ListItem.Label2]</label>
				</control>
			</focusedlayout>
		</control>
	 </control>
	</controls>
</window>