<?xml version="1.0" encoding="UTF-8"?>
<overrides>
	<groupings>
		<!-- ====== -->
		<!-- Common -->
		<!-- ====== -->
		<node label="32029">
			<content>common</content>
		</node>

		<!-- ============= -->
		<!-- Video Library -->
		<!-- ============= -->
		<node label="32030">
			<content>video</content>
			<content>customvideonode</content>
			<!-- Custom Shortcuts -->
			<shortcut label="::LOCAL::31260" type="item" grouping="customvideonode" icon="DefaultInProgressMovies.png" condition="Library.HasContent(movies)">ActivateWindow(Videos,special://skin/extras/playlists/Movies_InProgress.xsp,return)</shortcut>
			<shortcut label="::LOCAL::31263" type="item" grouping="customvideonode" icon="DefaultMovies.png" condition="Library.HasContent(movies)">ActivateWindow(Videos,special://skin/extras/playlists/Movies_Unwatched.xsp,return)</shortcut>
			<shortcut label="::LOCAL::31264" type="item" grouping="customvideonode" icon="DefaultTVShows.png" condition="Library.HasContent(tvshows)">ActivateWindow(Videos,special://skin/extras/playlists/TVShows_Unwatched.xsp,return)</shortcut>
			<shortcut label="::LOCAL::31265" type="item" grouping="customvideonode" icon="DefaultTVShows.png" condition="Library.HasContent(tvshows)">ActivateWindow(Videos,special://skin/extras/playlists/Episodes_Unwatched.xsp,return)</shortcut>
			<shortcut label="::LOCAL::31001" type="::LOCAL::31002" grouping="customvideonode" icon="DefaultTVShows.png" condition="System.HasAddon(script.tv.show.next.aired) + Library.HasContent(TVShows)">RunAddon(script.tv.show.next.aired)</shortcut>
			<!-- Video Addons -->
			<node label="32010">
				<content>addon-video</content>
			</node>
			<!-- Video Playlists -->
			<node label="32040">
				<content>playlist-video</content>
			</node>
			<!-- Video sources -->
			<node label="32075">
				<content>videosources</content>
			</node>
		</node>

		<!-- ============= -->
		<!-- Music Library -->
		<!-- ============= -->
		<node label="32031">
			<content>music</content>
			<!-- Custom Shortcuts -->
			<shortcut label="Virgin TV" type="::LOCAL::33002" grouping="musicvideo" icon="DefaultMusicVideos.png">PlayMedia("special://skin/extras/streams/VirginTV.strm")</shortcut>
			<shortcut label="Radio105 TV" type="::LOCAL::33002" grouping="musicvideo" icon="DefaultMusicVideos.png">PlayMedia("special://skin/extras/streams/Radio105TV.strm")</shortcut>
			<shortcut label="Radio Montecarlo TV" type="::LOCAL::33002" grouping="musicvideo" icon="DefaultMusicVideos.png">PlayMedia("special://skin/extras/streams/RadioMontecarloTV.strm")</shortcut>
			<node label="32040">
				<content>playlist-audio</content>
			</node>
			<node label="32011">
				<shortcut label="1038" type="32019" icon="DefaultAddonMusic.png">ActivateWindow(MusicLibrary,Addons,return)</shortcut>
				<content>addon-audio</content>
			</node>
			<node label="32075">
				<content>musicsources</content>
				<content>upnp-music</content>
			</node>
		</node>

		<!-- === -->
		<!-- PVR -->
		<!-- === -->
		<node label="32017" condition="PVR.HasTVChannels" version="15">
			<content>pvr</content>
			<node label="19023">
				<content>pvr-tv</content>
			</node>
		</node>
		<node label="32087" condition="PVR.HasRadioChannels" version="15">
			<content>radio</content>
			<node label="19024">
				<content>pvr-radio</content>
			</node>
		</node>

		<!-- ======== -->
		<!-- Pictures -->
		<!-- ======== -->
		<node label="32020">
			<content>picturesources</content>
		</node>

		<!-- ======= -->
		<!-- Add-Ons -->
		<!-- ======= -->
		<node label="32007">
			<node label="32009">
				<shortcut label="10001" type="32021" icon="DefaultAddonProgram.png">ActivateWindow(Programs,Addons,return)</shortcut>
				<content>addon-program</content>
			</node>
			<node label="32010">
				<shortcut label="1037" type="32014" icon="DefaultAddonVideo.png">ActivateWindow(Videos,Addons,return)</shortcut>
				<content>addon-video</content>
			</node>
			<node label="32011">
				<shortcut label="1038" type="32019" icon="DefaultAddonMusic.png">ActivateWindow(MusicLibrary,Addons,return)</shortcut>
				<content>addon-audio</content>
			</node>
			<node label="32012">
				<shortcut label="1039" type="32020" icon="DefaultAddonPicture.png">ActivateWindow(Pictures,Addons,return)</shortcut>
				<content>addon-image</content>
			</node>
		</node>

		<!-- ========== -->
		<!-- Favourites -->
		<!-- ========== -->
		<node label="32006">
			<content>favourite</content>
		</node>

		<!-- ======== -->
		<!-- Settings -->
		<!-- ======== -->
		<node label="10004">
			<content>settings</content>
		</node>

		<!-- ============= -->
		<!-- Kodi Commands -->
		<!-- ============= -->
		<node label="32054">
			<content>commands</content>
		</node>
	</groupings>

	<!-- ============= -->
	<!-- Widgets	   -->
	<!-- ============= -->
	<widget label="31094">movies</widget>
	<widget label="31095">tvshows</widget>
	<widget label="31096">music</widget>
	<widget label="31288" condition="System.HasAddon(plugin.audio.tuneinradio)">tunein</widget>
	<widget label="31105" condition="System.HasAddon(plugin.video.amazon)">amazondb</widget>
	<widget label="31106" condition="System.HasAddon(plugin.video.prime_instant)">amazon</widget>
	<widget label="31097">rssvideowidget</widget>
	<widget label="YouTube" condition="System.HasAddon(plugin.video.youtube)">youtube</widget>
	<widget label="31173">widgetgroup1</widget>
	<widget label="31174">widgetgroup2</widget>
	<widget label="31175">widgetgroup3</widget>
	<widget label="31176">widgetgroup4</widget>
	<widgetdefault defaultID="movies">movies</widgetdefault>
	<widgetdefault defaultID="tvshows">tvshows</widgetdefault>
	<widgetdefault defaultID="music">music</widgetdefault>
	<widgetdefault defaultID="plugin.audio.tuneinradio">tunein</widgetdefault>
	<widgetdefault defaultID="plugin.video.amazon">amazondb</widgetdefault>
	<widgetdefault defaultID="plugin.video.prime_instant">amazon</widgetdefault>
	<widgetdefault defaultID="plugin.video.youtube">youtube</widgetdefault>
	<widgetPlaylists>True</widgetPlaylists>

	<!-- =============== -->
	<!-- Shortcuts Check -->
	<!-- =============== -->
	<checkforshortcut property="trailers">ActivateWindow(videos,plugin://$INFO[Skin.String(TrailersAddon_Path)])</checkforshortcut>


	<!-- =========== -->
	<!-- Backgrounds -->
	<!-- =========== -->
	<backgroundBrowse default="special://skin/extras/backgrounds/">True</backgroundBrowse>
	<background label="31293">DefaultAddon</background>
	<background label="Movies Fanart" condition="System.HasAddon(script.grab.fanart)">$INFO[Window(Home).Property(script.grab.fanart.Movie.FanArt)]</background>
	<background label="TV Shows Fanart" condition="System.HasAddon(script.grab.fanart)">$INFO[Window(Home).Property(script.grab.fanart.TV.FanArt)]</background>
	<background label="Videos Fanart" condition="System.HasAddon(script.grab.fanart)">$INFO[Window(Home).Property(script.grab.fanart.Video.FanArt)]</background>
	<background label="Music Fanart" condition="System.HasAddon(script.grab.fanart)">$INFO[Window(Home).Property(script.grab.fanart.Music.FanArt)]</background>
	<background label="Mixed Fanart" condition="System.HasAddon(script.grab.fanart)">$INFO[Window(Home).Property(script.grab.fanart.Global.FanArt)]</background>
	<background label="3DWall Movies" condition="Library.HasContent(movies)">3DWallBG_Movies_Posters</background>
	<background label="3DWall Movies Logos" condition="Library.HasContent(movies)">3DWallBG_Movies_Logo</background>
	<background label="3DWall Movies DiscArt" condition="Library.HasContent(movies)">3DWallBG_Movies_DiscArt</background>
	<background label="3DWall TV Shows" condition="Library.HasContent(tvshows)">3DWallBG_TVShows_Posters</background>
	<background label="3DWall TV Shows Logos" condition="Library.HasContent(tvshows)">3DWallBG_TVShows_Logo</background>
	<background label="3DWall TV Shows Landscape" condition="Library.HasContent(tvshows)">3DWallBG_TVShows_Landscape</background>
	<background label="3DWall Albums" condition="Library.HasContent(music)">3DWallBG_Albums</background>
	<background label="3DWall Artists" condition="Library.HasContent(music)">3DWallBG_Artists</background>
	<backgrounddefault defaultID="movies">$INFO[Window(Home).Property(script.grab.fanart.Movie.FanArt)]</backgrounddefault>
	<backgrounddefault defaultID="tvshows">$INFO[Window(Home).Property(script.grab.fanart.TV.FanArt)]</backgrounddefault>
	<backgrounddefault defaultID="music">$INFO[Window(Home).Property(script.grab.fanart.Music.FanArt)]</backgrounddefault>
	<backgrounddefault defaultID="videos">$INFO[Window(Home).Property(script.grab.fanart.Video.FanArt)]</backgrounddefault>
	<background label="Addons">special://skin/extras/backgrounds/programs-thumb.jpg</background>
	<backgrounddefault defaultID="addons">special://skin/extras/backgrounds/programs-thumb.jpg</backgrounddefault>
	<background label="Applications">special://skin/extras/backgrounds/programs.jpg</background>
	<backgrounddefault defaultID="programs">special://skin/extras/backgrounds/programs.jpg</backgrounddefault>
	<background label="Amazon Instant Video" condition="System.HasAddon(plugin.video.amazon) | System.HasAddon(plugin.video.prime_instant)">special://skin/extras/backgrounds/amazong-instant-video-logo.jpg</background>
	<backgrounddefault defaultID="plugin.video.amazon">special://skin/extras/backgrounds/amazong-instant-video-logo.jpg</backgrounddefault>
	<backgrounddefault defaultID="plugin.video.prime_instant">special://skin/extras/backgrounds/amazong-instant-video-logo.jpg</backgrounddefault>
	<background label="Games">special://skin/extras/backgrounds/Life_is_Strange_Chloe_gun.0.jpg</background>
	<backgrounddefault defaultID="plugin.program.advanced.launcher">special://skin/extras/backgrounds/Life_is_Strange_Chloe_gun.0.jpg</backgrounddefault>
	<background label="Live TV">special://skin/extras/backgrounds/livetv-thumb.jpg</background>
	<backgrounddefault defaultID="livetv">special://skin/extras/backgrounds/livetv-thumb.jpg</backgrounddefault>  
	<background label="Pictures">special://skin/extras/backgrounds/pictures.jpg</background>
	<backgrounddefault defaultID="pictures">special://skin/extras/backgrounds/pictures.jpg</backgrounddefault>
	<background label="Radio">special://skin/extras/backgrounds/addons.jpg</background>
	<backgrounddefault defaultID="plugin.audio.tuneinradio">special://skin/extras/backgrounds/addons.jpg</backgrounddefault>
	<backgrounddefault defaultID="radio">special://skin/extras/backgrounds/addons.jpg</backgrounddefault>  
	<background label="Settings">special://skin/extras/backgrounds/system-thumb.jpg</background>
	<backgrounddefault defaultID="settings">special://skin/extras/backgrounds/system-thumb.jpg</backgrounddefault>     
	<background label="Trailers">special://skin/extras/backgrounds/disc.jpg</background>
	<backgrounddefault defaultID="trailers">special://skin/extras/backgrounds/disc.jpg</backgrounddefault>  
	<background label="Weather">special://skin/extras/backgrounds/weather2.jpg</background>
	<backgrounddefault defaultID="weather">special://skin/extras/backgrounds/weather2.jpg</backgrounddefault> 
	<background label="YouTube" condition="System.HasAddon(plugin.video.youtube)">special://skin/extras/backgrounds/yt.jpg</background>
	<backgrounddefault defaultID="plugin.video.youtube">special://skin/extras/backgrounds/yt.jpg</backgrounddefault>

	<!-- =============== -->
	<!-- Icons Overrides -->
	<!-- =============== -->
	<icon labelID="settings">special://skin/extras/icons/Settings.png</icon>
	<icon labelID="7">special://skin/extras/icons/FileManager.png</icon>
	<icon labelID="10007">special://skin/extras/icons/SystemInfo.png</icon>
	<icon labelID="dvd">DefaultDVD.png</icon>
	<icon labelID="32033">DefaultDVD.png</icon>
	<icon labelID="13200">DefaultActor.png</icon>
	<icon labelID="1036">special://skin/extras/icons/Favourites.png</icon>
	<icon labelID="weather">special://skin/extras/icons/Weather.png</icon>
	<icon labelID="32046">special://skin/extras/icons/UpdateVideoLibrary.png</icon>
	<icon labelID="32047">special://skin/extras/icons/UpdateMusicLibrary.png</icon>
	<icon labelID="32055">special://skin/extras/icons/CleanVideoLibrary.png</icon>
	<icon labelID="32056">special://skin/extras/icons/CleanMusicLibrary.png</icon>
	<icon labelID="livetv">DefaultLiveTV.png</icon>
	<icon labelID="19023">DefaultLiveTV.png</icon>
	<icon labelID="19024">DefaultLiveTV.png</icon>
	<icon labelID="19183">DefaultLiveTV.png</icon>
	<icon labelID="19069">DefaultLiveTV.png</icon>
	<icon labelID="19163">DefaultLiveTV.png</icon>
	<icon labelID="32023">DefaultLiveTV.png</icon>
	<icon labelID="32066">DefaultLiveTV.png</icon>
	<icon labelID="32067">DefaultLiveTV.png</icon>
	<icon labelID="32068">DefaultLiveTV.png</icon>
	<icon labelID="32076">DefaultLiveTV.png</icon>
	<icon labelID="32077">DefaultLiveTV.png</icon>
	<icon labelID="744">DefaultFile.png</icon>
	<icon labelID="1037">DefaultAddon.png</icon>
	<icon labelID="1038">DefaultAddon.png</icon>
	<icon labelID="1039">DefaultAddon.png</icon>
	<icon labelID="32023">DefaultAddon.png</icon>
	<icon labelID="480">special://skin/extras/icons/Appearance.png</icon>
	<icon labelID="3">DefaultVideo.png</icon>
	<icon labelID="19020">DefaultLiveTV.png</icon>
	<icon labelID="2">DefaultAudio.png</icon>
	<icon labelID="1">DefaultPicture.png</icon>
	<icon labelID="8">special://skin/extras/icons/Weather.png</icon>
	<icon labelID="24001">DefaultAddon.png</icon>
	<icon labelID="14036">DefaultNetwork.png</icon>
	<icon labelID="13000">special://skin/extras/icons/System.png</icon>
	<icon labelID="20077">special://skin/extras/icons/Skin.png</icon>

</overrides>
