<?xml version="1.0" encoding="UTF-8"?>
<window type="buttonMenu" id="111">
	<defaultcontrol>9000</defaultcontrol>
	<allowoverlay>yes</allowoverlay>
	<zorder>5</zorder>
	<onload>Dialog.Close(playercontrols)</onload>	
	<include>OnLoadDialogsClose</include>
	<controls>

		<control type="group">
			<left>45</left>
			<top>25</top>
			<include>TopOptionsSlideAnimations</include>
			<control type="list" id="9000">
				<left>0</left>
				<top>50</top>
				<width>460</width>
				<height>520</height>
				<onleft>Close</onleft>
				<onright>Close</onright>
				<onup>9000</onup>
				<ondown>9000</ondown>
				<itemlayout width="460" height="37">
					<control type="image">
						<height>37</height>
						<aspectratio align="left" aligny="center">keep</aspectratio>
						<texture>buttons/contextmenu_nf.png</texture>			
					</control>
					<control type="label">
						<width>425</width>
						<height>37</height>
						<font>FontSize_22</font>
						<textcolor>77white</textcolor>
						<shadowcolor>99000000</shadowcolor>
						<align>left</align>
						<aligny>top</aligny>
						<textwidth>390</textwidth>
						<textoffsetx>25</textoffsetx>
						<textoffsety>4</textoffsety>	
						<label>$INFO[ListItem.Label]</label>
					</control>
				</itemlayout>
				<focusedlayout width="460" height="37">
					<control type="image">
						<height>37</height>
						<aspectratio align="left" aligny="center">keep</aspectratio>
						<texture>buttons/contextmenu_fo.png</texture>						
					</control>
					<control type="label">
						<width>425</width>
						<height>37</height>
						<font>FontSize_22</font>
						<textcolor>white</textcolor>
						<shadowcolor>99000000</shadowcolor>
						<align>left</align>
						<aligny>top</aligny>
						<textwidth>390</textwidth>
						<textoffsetx>25</textoffsetx>
						<textoffsety>4</textoffsety>	
						<label>$INFO[ListItem.Label]</label>
					</control>
				</focusedlayout>
				<content><include>skinshortcuts-group-shutdownmenu</include></content>
			</control>
			<!--<control type="grouplist" id="9000">
				<left>0</left>
				<top>50</top>
				<width>460</width>
				<height max="520">auto</height>
				<itemgap>0</itemgap>
				<onleft>Close</onleft>
				<onright>Close</onright>
				<onup>9000</onup>
				<ondown>9000</ondown>
				<control type="button" id="1">
					<description>Exit button</description>
					<include>TopLeftMenusButton</include>
					<onclick>XBMC.Quit()</onclick>
					<label>$LOCALIZE[13012]</label>
					<visible>System.ShowExitButton</visible>
				</control>
				<control type="button" id="2">
					<description>Settings button</description>
					<include>TopLeftMenusButton</include>
					<include>OnClickDialogsClose</include>
					<onclick>ActivateWindow(AppearanceSettings)</onclick>
					<label>$LOCALIZE[5]</label>
					<visible>System.Loggedon</visible>
				</control>
				<control type="button" id="3">
					<description>System Info button</description>
					<include>TopLeftMenusButton</include>
					<include>OnClickDialogsClose</include>
					<onclick>ActivateWindow(SystemInfo)</onclick>
					<label>$LOCALIZE[130]</label>
					<visible>System.Loggedon</visible>
				</control>
				<control type="button" id="4">
					<description>File Manager button</description>
					<include>TopLeftMenusButton</include>
					<include>OnClickDialogsClose</include>
					<onclick>ActivateWindow(FileManager)</onclick>
					<label>$LOCALIZE[31016]</label>
					<visible>System.Loggedon</visible>
				</control>
				<control type="button" id="5">
					<include>TopLeftMenusButton</include>
					<include>OnClickDialogsClose</include>
					<onclick>XBMC.Powerdown()</onclick>
					<visible>System.CanPowerDown</visible>
					<label>$LOCALIZE[13016]</label>
				</control>
				<control type="button" id="6">
					<description>Custom Shutdown Timer</description>
					<include>TopLeftMenusButton</include>
					<onclick>XBMC.AlarmClock(shutdowntimer,XBMC.Powerdown())</onclick>
					<label>$LOCALIZE[20150]</label>
					<visible>!System.HasAlarm(shutdowntimer)</visible>
					<visible>System.CanPowerDown</visible>
				</control>
				<control type="button" id="7">
					<description>Cancel Shutdown Timer</description>
					<include>TopLeftMenusButton</include>
					<onclick>XBMC.CancelAlarm(shutdowntimer)</onclick>
					<label>$LOCALIZE[20151]</label>
					<visible>System.HasAlarm(shutdowntimer)</visible>
				</control>
				<control type="button" id="8">
					<description>Suspend button</description>
					<include>TopLeftMenusButton</include>
					<onclick>XBMC.Suspend()</onclick>
					<label>$LOCALIZE[13011]</label>
					<visible>System.CanSuspend</visible>
				</control>
				<control type="button" id="9">
					<description>Hibernate button</description>
					<include>TopLeftMenusButton</include>
					<onclick>XBMC.Hibernate()</onclick>
					<label>$LOCALIZE[13010]</label>
					<visible>System.CanHibernate</visible>
				</control>
				<control type="button" id="10">
					<description>Reboot button</description>
					<include>TopLeftMenusButton</include>
					<onclick>XBMC.Reset()</onclick>
					<visible>System.CanReboot</visible>
					<label>$LOCALIZE[13013]</label>
				</control>
				<control type="button" id="11">
					<description>Logoff button</description>
					<include>TopLeftMenusButton</include>
					<onclick>dialog.close(all,true)</onclick>
					<onclick>System.LogOff</onclick>
					<label>$LOCALIZE[20126] $INFO[system.profilename]</label>
					<visible>System.HasLoginScreen | IntegerGreaterThan(System.ProfileCount,1)</visible>
					<visible>System.Loggedon</visible>
				</control>
				<control type="togglebutton" id="12">
					<description>Master mode button</description>
					<include>TopLeftMenusButton</include>
					<usealttexture>!System.IsMaster</usealttexture>
					<onclick>xbmc.mastermode</onclick>
					<label>$LOCALIZE[20046]</label>
					<altlabel>$LOCALIZE[20045]</altlabel>
					<visible>System.HasLocks</visible>
				</control>
				<control type="button" id="13">
					<description>Profiles button</description>
					<include>TopLeftMenusButton</include>
					<include>OnClickDialogsClose</include>
					<onclick>ActivateWindow(Profiles)</onclick>
					<label>$LOCALIZE[13200]</label>
					<visible>System.Loggedon</visible>
				</control>
				<control type="button" id="14">
					<description>Eject button</description>
					<include>TopLeftMenusButton</include>
					<onclick>EjectTray</onclick>
					<label>$LOCALIZE[13391]</label>
					<visible>System.HasMediaDVD</visible>
					<visible>System.Loggedon</visible>
				</control>
				<control type="button" id="15">
					<include>TopLeftMenusButton</include>
					<onclick>Dialog.Close(all,true)</onclick>
					<onclick>Skin.ToggleSetting(DebugGrid)</onclick>
					<label>$LOCALIZE[31289]</label>
					<visible>Skin.HasSetting(ShowSkinDebugTools)</visible>
				</control>
				<control type="button" id="16">
					<include>TopLeftMenusButton</include>
					<onclick>Dialog.Close(all,true)</onclick>
					<onclick>Skin.ToggleSetting(BelloFredoDebug)</onclick>
					<label>$LOCALIZE[31290]</label>
					<visible>Skin.HasSetting(ShowSkinDebugTools)</visible>
				</control>
				<control type="button" id="17">
					<include>TopLeftMenusButton</include>
					<onclick>Dialog.Close(all,true)</onclick>
					<onclick>Action(reloadkeymaps)</onclick>
					<onclick>XBMC.ReloadSkin()</onclick>
					<label>$LOCALIZE[20183]</label>
				</control>
			</control>-->

			<!-- ================ -->
			<!-- Top Content Info -->
			<!-- ================ -->
			<control type="grouplist">
				<left>0</left>
				<top>0</top>
				<height>70</height>
				<width>1000</width>
				<align>left</align>
				<itemgap>20</itemgap>
				<orientation>horizontal</orientation>
				<control type="label">
					<include>TopBigLabel</include>
					<label>$LOCALIZE[13005] $LOCALIZE[33061]</label>
				</control>
				<control type="fadelabel">
					<include>TopZoomedSmallLabel</include>
					<label>$INFO[System.Date], $INFO[System.Time]</label>
					<label>$INFO[System.Uptime, $LOCALIZE[12390]: ]</label>
					<label>$INFO[System.TotalUptime, $LOCALIZE[12394]: ]</label>
					<scroll>false</scroll>
					<scrollout>false</scrollout>
					<scrollspeed>100</scrollspeed>
					<pauseatend>5000</pauseatend>
					<visible>!System.HasAlarm(shutdowntimer)</visible>
					<animation effect="fade" start="0" end="100" time="400" tween="sine" easing="inout">Visible</animation>
					<animation effect="fade" start="100" end="0" time="400" tween="sine" easing="inout">Hidden</animation>
				</control>
				<control type="fadelabel">
					<include>TopZoomedSmallLabel</include>
					<label>[COLOR=blue]$INFO[System.Alarmpos, $LOCALIZE[31008] ][/COLOR]</label>
					<label>$INFO[System.Date], $INFO[System.Time]</label>
					<label>$INFO[System.Uptime, $LOCALIZE[12390]: ]</label>
					<label>$INFO[System.TotalUptime, $LOCALIZE[12394]: ]</label>
					<scroll>false</scroll>
					<scrollout>false</scrollout>
					<scrollspeed>100</scrollspeed>
					<pauseatend>5000</pauseatend>
					<visible>System.HasAlarm(shutdowntimer)</visible>
					<animation effect="fade" start="0" end="100" time="400" tween="sine" easing="inout">Visible</animation>
					<animation effect="fade" start="100" end="0" time="400" tween="sine" easing="inout">Hidden</animation>
				</control>
			</control>
		</control>


		<!-- ================= -->
		<!-- Small System Info -->
		<!-- ================= -->
		<control type="group">
			<left>45</left>
			<top>505</top>
			<animation type="WindowOpen" reversible="false">
				<effect type="fade" start="0" end="100" time="300" tween="sine" easing="in"  />
				<effect type="slide" start="0,55" end="0,0" time="350" tween="cubic" easing="out" />
			</animation>
			<animation type="WindowClose" reversible="false">
				<effect type="fade" start="100" end="0" time="300" tween="sine" easing="out" />
				<effect type="slide" start="0,0" end="0,55" time="350" tween="sine" easing="out" />
			</animation>
			<animation type="Visible" reversible="false">
				<effect type="fade" start="0" end="100" time="300" tween="sine" easing="in"  />
				<effect type="slide" start="0,90" end="0,0" time="350" tween="cubic" easing="out" />
			</animation>
			<animation type="Hidden" reversible="false">
				<effect type="fade" start="100" end="0" time="300" tween="sine" easing="out" />
				<effect type="slide" start="0,0" end="0,90" time="350" tween="sine" easing="out" />
			</animation>
			<control type="grouplist">
				<left>0</left>
				<top>0</top>
				<height>200</height>
				<width>1190</width>
				<itemgap>0</itemgap>
				<aligny>bottom</aligny>
				<control type="label" id="1">
					<height>50</height>
					<width>1190</width>
					<font>FontSize_40</font>
					<textcolor>white</textcolor>
					<shadowcolor>99000000</shadowcolor>
					<align>right</align>
					<aligny>center</aligny>
					<scroll>false</scroll>
					<label>$LOCALIZE[13000]</label>
				</control>
				<control type="label" id="1">
					<height>25</height>
					<width>1190</width>
					<font>FontSize_22</font>
					<textcolor>77white</textcolor>
					<shadowcolor>99000000</shadowcolor>
					<align>right</align>
					<aligny>center</aligny>
					<scroll>false</scroll>
					<label>$INFO[System.CPUUsage, $LOCALIZE[13271] ]</label>
				</control>
				<control type="label" id="1">
					<height>25</height>
					<width>1190</width>
					<font>FontSize_22</font>
					<textcolor>77white</textcolor>
					<shadowcolor>99000000</shadowcolor>
					<align>right</align>
					<aligny>center</aligny>
					<scroll>false</scroll>
					<label>$INFO[System.Memory(used.percent), $LOCALIZE[31027] ]</label>
				</control>
				<control type="label" id="1">
					<height>25</height>
					<width>1190</width>
					<font>FontSize_22</font>
					<textcolor>77white</textcolor>
					<shadowcolor>99000000</shadowcolor>
					<align>right</align>
					<aligny>center</aligny>
					<scroll>false</scroll>
					<label>$INFO[System.InternetState,$LOCALIZE[443]: ]</label>
				</control>
				<control type="label" id="1">
					<height>25</height>
					<width>1190</width>
					<font>FontSize_22</font>
					<textcolor>77white</textcolor>
					<shadowcolor>99000000</shadowcolor>
					<align>right</align>
					<aligny>center</aligny>
					<scroll>false</scroll>
					<label>$INFO[Network.LinkState]$INFO[Network.IPAddress, (,)]</label>
				</control>
				<control type="label" id="1">
					<height>25</height>
					<width>1190</width>
					<font>FontSize_22</font>
					<textcolor>77white</textcolor>
					<shadowcolor>99000000</shadowcolor>
					<align>right</align>
					<aligny>center</aligny>
					<scroll>false</scroll>
					<label>$INFO[System.ScreenResolution]</label>
				</control>
			</control>
		</control>

	</controls>
</window>