<?xml version="1.0" encoding="UTF-8"?>
<window  id="3">
	<defaultcontrol>20</defaultcontrol>
	<allowoverlay>no</allowoverlay>
	<backgroundcolor>0</backgroundcolor>
	<controls>
		<include>BackgroundItems</include>

		<control type="group">
			<include>Window_OpenClose_Animation</include>
			<visible>!Window.IsActive(ShutdownMenu) + !Window.IsActive(MediaSource) + !Window.IsActive(favourites)</visible>

			<control type="group">
				<include>Window_OpenClose_Animation</include>
				<control type="image">
					<include>FullscreenDimensions</include>
					<texture>windows/filemanager/bg.png</texture>
				</control>
				<control type="image">
					<include>FullscreenDimensions</include>
					<texture>windows/filemanager/seperators_left.png</texture>
					<visible>!Window.IsActive(contextmenu) | Control.HasFocus(21)</visible>
					<animation effect="fade" start="0" end="100" time="250" reversible="true">Visible</animation>
					<animation effect="fade" start="100" end="0" time="200" reversible="true">Hidden</animation>
				</control>
				<control type="image">
					<include>FullscreenDimensions</include>
					<texture>windows/filemanager/seperators_right.png</texture>
					<visible>!Window.IsActive(contextmenu) | Control.HasFocus(20)</visible>
					<animation effect="fade" start="0" end="100" time="250" reversible="true">Visible</animation>
					<animation effect="fade" start="100" end="0" time="200" reversible="true">Hidden</animation>
				</control>
				<control type="fadelabel">
					<left>445</left>
					<top>573</top>
					<width>400</width>
					<height>35</height>
					<align>center</align>
					<textcolor>33white</textcolor>
					<shadowcolor>44333333</shadowcolor>
					<font>FontSize_20</font>
					<label>$INFO[System.Totalspace,, $LOCALIZE[20182]]</label>
					<label>$INFO[System.Freespace,, $LOCALIZE[20182]]</label>
					<scroll>false</scroll>
					<scrollout>false</scrollout>
					<scrollspeed>100</scrollspeed>
					<pauseatend>7000</pauseatend>
					<animation effect="fade" start="0" end="100" time="400" tween="sine" easing="inout">Visible</animation>
					<animation effect="fade" start="100" end="0" time="400" tween="sine" easing="inout">Hidden</animation>
				</control>
			</control>

			<control type="group">
				<left>0</left>
				<top>-20</top>
				<include>Window_OpenClose_Animation</include>
				<control type="label" id="101">
					<left>136</left>
					<top>140</top>
					<width>495</width>
					<height>40</height>
					<font>FontSize_34</font>
					<textcolor>white</textcolor>
					<scroll>true</scroll>
					<align>left</align>
					<aligny>center</aligny>
				</control>
				<control type="scrollbar" id="60">
					<left>638.5</left>
					<top>183</top>
					<width>4</width>
					<height>411</height>
					<texturesliderbackground>-</texturesliderbackground>
					<texturesliderbar border="0,18,0,18">views/scrollbar/scrollbar.png</texturesliderbar>
					<texturesliderbarfocus border="0,18,0,18">views/scrollbar/scrollbar.png</texturesliderbarfocus>
					<textureslidernib>-</textureslidernib>
					<textureslidernibfocus>-</textureslidernibfocus>
					<onleft>20</onleft>
					<onright>21</onright>
					<showonepage>false</showonepage>
					<orientation>vertical</orientation>
					<animation effect="fade" start="100" end="0" time="300" condition="!Control.HasFocus(60)">Conditional</animation>
					<visible>Control.IsVisible(20)</visible>
				</control>
				<control type="list" id="20">
					<left>124</left>
					<top>185</top>
					<width>515</width>
					<height>410</height>
					<onleft>21</onleft>
					<onright>60</onright>
					<onup>20</onup>
					<ondown>20</ondown>
					<viewtype>list</viewtype>
					<pagecontrol>60</pagecontrol>
					<scrolltime tween="quadratic" easing="out">250</scrolltime>
					<animation effect="fade" start="100" end="0" time="250" condition="Window.IsVisible(ContextMenu) + Control.HasFocus(20)" reversible="true">Conditional</animation>
					<itemlayout height="45" width="515">
						<control type="label">
							<left>13</left>
							<top>0</top>
							<width>450</width>
							<height>45</height>
							<font>FontSize_20</font>
							<textcolor>77white</textcolor>
							<shadowcolor>99000000</shadowcolor>
							<selectedcolor>selected</selectedcolor>
							<align>left</align>
							<aligny>center</aligny>
							<info>ListItem.Label</info>
						</control>
						<control type="label">
							<left>503</left>
							<top>0</top>
							<width>320</width>
							<height>45</height>
							<font>FontSize_20</font>
							<textcolor>77white</textcolor>
							<shadowcolor>99000000</shadowcolor>
							<selectedcolor>selected</selectedcolor>
							<align>right</align>
							<aligny>center</aligny>
							<info>ListItem.Label2</info>
						</control>
					</itemlayout>
					<focusedlayout height="45" width="515">
						<control type="image">
							<left>0</left>
							<top>2</top>
							<width>515</width>
							<height>45</height>
							<texture background="true" border="1">windows/filemanager/focus.png</texture>
							<colordiffuse>blue</colordiffuse>
							<visible>!Control.HasFocus(20)</visible>
							<animation effect="fade" start="100" end="30" time="250" condition="!Control.HasFocus(20)">Conditional</animation>
						</control>
						<control type="image">
							<left>0</left>
							<top>2</top>
							<width>515</width>
							<height>45</height>
							<texture background="true" border="1">windows/filemanager/focus.png</texture>
							<colordiffuse>blue</colordiffuse>
							<visible>Control.HasFocus(20)</visible>
							<animation effect="slide" start="0,25" end="0,0" time="200" reversible="false" tween="back" easing="out" condition="Container(20).OnPrevious">focus</animation>
							<animation effect="slide" start="0,-25" end="0,0" time="200" reversible="false" tween="back" easing="out" condition="Container(20).OnNext">focus</animation>
							<animation effect="fade" start="70" end="100" time="200" condition="Control.HasFocus(20)">Conditional</animation>
						</control>
						<control type="label">
							<left>13</left>
							<top>0</top>
							<width>450</width>
							<height>45</height>
							<font>FontSize_20</font>
							<textcolor>white</textcolor>
							<shadowcolor>99000000</shadowcolor>
							<selectedcolor>selected</selectedcolor>
							<align>left</align>
							<aligny>center</aligny>
							<info>ListItem.Label</info>
						</control>
						<control type="label">
							<left>503</left>
							<top>0</top>
							<width>320</width>
							<height>45</height>
							<font>FontSize_20</font>
							<textcolor>white</textcolor>
							<shadowcolor>99000000</shadowcolor>
							<selectedcolor>selected</selectedcolor>
							<align>right</align>
							<aligny>center</aligny>
							<info>ListItem.Label2</info>
						</control>
					</focusedlayout>
				</control>
				<control type="label">
					<description>Items</description>
					<left>136</left>
					<top>592</top>
					<width>400</width>
					<height>35</height>
					<align>left</align>
					<textcolor>33white</textcolor>
					<shadowcolor>44333333</shadowcolor>
					<font>FontSize_20</font>
					<label>$INFO[Container(20).NumItems,, $LOCALIZE[31025]]</label>
					<visible>IntegerGreaterThan(Container(20).NumItems,0)</visible>
				</control>			
			</control>
			<control type="group">
				<left>478</left>
				<top>-20</top>
				<include>Window_OpenClose_Animation</include>
				<control type="label" id="102">
					<left>174</left>
					<top>140</top>
					<width>495</width>
					<height>40</height>
					<font>FontSize_34</font>
					<textcolor>white</textcolor>
					<scroll>true</scroll>
					<align>right</align>
					<aligny>center</aligny>
				</control>
				<control type="scrollbar" id="61">
					<left>160.5</left>
					<top>183</top>
					<width>4</width>
					<height>411</height>
					<texturesliderbackground>-</texturesliderbackground>
					<texturesliderbar border="0,18,0,18">views/scrollbar/scrollbar.png</texturesliderbar>
					<texturesliderbarfocus border="0,18,0,18">views/scrollbar/scrollbar.png</texturesliderbarfocus>
					<textureslidernib>-</textureslidernib>
					<textureslidernibfocus>-</textureslidernibfocus>
					<onleft>20</onleft>
					<onright>21</onright>
					<showonepage>false</showonepage>
					<orientation>vertical</orientation>
					<animation effect="fade" start="100" end="0" time="250" condition="!Control.HasFocus(61)" reversible="true">Conditional</animation>
					<visible>Control.IsVisible(21)</visible>
				</control>
				<control type="list" id="21">
					<left>164</left>
					<top>185</top>
					<width>515</width>
					<height>410</height>
					<onleft>61</onleft>
					<onright>20</onright>
					<onup>21</onup>
					<ondown>21</ondown>
					<viewtype>list</viewtype>
					<pagecontrol>61</pagecontrol>
					<scrolltime tween="quadratic" easing="out">250</scrolltime>
					<animation effect="fade" start="100" end="0" time="250" condition="Window.IsVisible(ContextMenu) + Control.HasFocus(21)" reversible="true">Conditional</animation>
					<itemlayout height="45" width="515">
						<control type="label">
							<left>13</left>
							<top>0</top>
							<width>450</width>
							<height>45</height>
							<font>FontSize_20</font>
							<textcolor>77white</textcolor>
							<shadowcolor>99000000</shadowcolor>
							<selectedcolor>selected</selectedcolor>
							<align>left</align>
							<aligny>center</aligny>
							<info>ListItem.Label</info>
						</control>
						<control type="label">
							<left>503</left>
							<top>0</top>
							<width>320</width>
							<height>45</height>
							<font>FontSize_20</font>
							<textcolor>77white</textcolor>
							<shadowcolor>99000000</shadowcolor>
							<selectedcolor>selected</selectedcolor>
							<align>right</align>
							<aligny>center</aligny>
							<info>ListItem.Label2</info>
						</control>
					</itemlayout>
					<focusedlayout height="45" width="515">
						<control type="image">
							<left>0</left>
							<top>2</top>
							<width>515</width>
							<height>45</height>
							<texture border="1">windows/filemanager/focus.png</texture>
							<colordiffuse>blue</colordiffuse>
							<visible>!Control.HasFocus(21)</visible>
							<animation effect="fade" start="100" end="30" time="250" condition="!Control.HasFocus(21)" reversible="true">Conditional</animation>
						</control>
						<control type="image">
							<left>0</left>
							<top>2</top>
							<width>515</width>
							<height>45</height>
							<texture border="1">windows/filemanager/focus.png</texture>
							<colordiffuse>blue</colordiffuse>
							<visible>Control.HasFocus(21)</visible>
							<animation effect="slide" start="0,25" end="0,0" time="200" reversible="false" tween="back" easing="out" condition="Container(21).OnPrevious">focus</animation>
							<animation effect="slide" start="0,-25" end="0,0" time="200" reversible="false" tween="back" easing="out" condition="Container(21).OnNext">focus</animation>
							<animation effect="fade" start="70" end="100" time="200" condition="Control.HasFocus(21)" reversible="true">Conditional</animation>
						</control>
						<control type="label">
							<left>13</left>
							<top>0</top>
							<width>450</width>
							<height>45</height>
							<font>FontSize_20</font>
							<textcolor>white</textcolor>
							<shadowcolor>99000000</shadowcolor>
							<selectedcolor>selected</selectedcolor>
							<align>left</align>
							<aligny>center</aligny>
							<info>ListItem.Label</info>
						</control>
						<control type="label">
							<left>503</left>
							<top>0</top>
							<width>320</width>
							<height>45</height>
							<font>FontSize_20</font>
							<textcolor>white</textcolor>
							<shadowcolor>99000000</shadowcolor>
							<selectedcolor>selected</selectedcolor>
							<align>right</align>
							<aligny>center</aligny>
							<info>ListItem.Label2</info>
						</control>
					</focusedlayout>
				</control>
				<control type="label">
					<description>Items</description>
					<left>267</left>
					<top>592</top>
					<width>400</width>
					<height>35</height>
					<align>right</align>
					<textcolor>33white</textcolor>
					<shadowcolor>44333333</shadowcolor>
					<font>FontSize_20</font>
					<label>$INFO[Container(21).NumItems,, $LOCALIZE[31025]]</label>
					<visible>IntegerGreaterThan(Container(21).NumItems,0)</visible>
				</control>
			</control>
		</control>

		<include>CommonWeatherAndClock</include>
		
		<!-- ================ -->
		<!-- Top Content Info -->
		<!-- ================ -->
		<control type="group">
			<left>45</left>
			<top>25</top>
			<visible>!Window.IsActive(ShutdownMenu) + !Window.IsActive(favourites)</visible>
			<include>CommonSlideAnimations</include>
			<control type="grouplist">
				<left>0</left>
				<top>0</top>
				<height>70</height>
				<width>1000</width>
				<align>left</align>
				<itemgap>12</itemgap>
				<orientation>horizontal</orientation>
				<include>CommonSlideAnimations</include>
				<control type="label">
					<include>TopBigLabel</include>
					<label>$LOCALIZE[7]</label>
				</control>
				<control type="label">
					<include>TopZoomedSmallLabel</include>
					<label>$INFO[Control.GetLabel(101)]</label>
					<visible>Control.HasFocus(20)</visible>
				</control>
				<control type="label">
					<include>TopZoomedSmallLabel</include>
					<label>$INFO[Control.GetLabel(102)]</label>
					<visible>Control.HasFocus(21)</visible>
				</control>
			</control>
		</control>

		<include>CommonItems</include>
	</controls>
</window>