<?xml version="1.0" encoding="UTF-8"?>
<includes> 
	<!-- ============================== -->
	<!-- ==== VARIABLE METHOD ==== -->
	<!-- ============================== -->
	<variable name="VarArtGenre">  
		<value condition="StringCompare(ListItem.Label,..)">$INFO[ListItem.Icon]</value>
		<value condition="SubString(Container.FolderPath,musicdb://genres) + [SubString(ListItem.Label,blues) | SubString(ListItem.Label,$LOCALIZE[31401])]">$VAR[VarGenreSource]musicgenres/blues.png</value>
		<value condition="SubString(Container.FolderPath,musicdb://genres) + [SubString(ListItem.Label,grunge) | SubString(ListItem.Label,$LOCALIZE[31463])]">$VAR[VarGenreSource]musicgenres/grunge.png</value>
		<value condition="SubString(Container.FolderPath,musicdb://genres) + [SubString(ListItem.Label,alternative) | SubString(ListItem.Label,$LOCALIZE[31462])]">$VAR[VarGenreSource]musicgenres/alternative.png</value>
		<value condition="SubString(Container.FolderPath,musicdb://genres) + [SubString(ListItem.Label,classic) | SubString(ListItem.Label,$LOCALIZE[31403]) | SubString(ListItem.Label,klassik)]">$VAR[VarGenreSource]musicgenres/classic.png</value>
		<value condition="SubString(Container.FolderPath,musicdb://genres) + [SubString(ListItem.Label,country) | SubString(ListItem.Label,$LOCALIZE[31404])]">$VAR[VarGenreSource]musicgenres/country.png</value>
		<value condition="SubString(Container.FolderPath,musicdb://genres) + [SubString(ListItem.Label,electro) | SubString(ListItem.Label,$LOCALIZE[31405]) | SubString(ListItem.Label,techno) | SubString(ListItem.Label,dubstep)]">$VAR[VarGenreSource]musicgenres/electro.png</value>
		<value condition="SubString(Container.FolderPath,musicdb://genres) + [SubString(ListItem.Label,folk) | SubString(ListItem.Label,$LOCALIZE[31406]) | SubString(ListItem.Label,volks)]">$VAR[VarGenreSource]musicgenres/folk.png</value>
		<value condition="SubString(Container.FolderPath,musicdb://genres) + [SubString(ListItem.Label,gospel) | SubString(ListItem.Label,$LOCALIZE[31407])]">$VAR[VarGenreSource]musicgenres/gospel.png</value>
		<value condition="SubString(Container.FolderPath,musicdb://genres) + [[SubString(ListItem.Label,hip) + SubString(ListItem.Label,hop)] | SubString(ListItem.Label,$LOCALIZE[31408])]">$VAR[VarGenreSource]musicgenres/hiphop.png</value> 
		<value condition="SubString(Container.FolderPath,musicdb://genres) + [SubString(ListItem.Label,ost) | SubString(ListItem.Label,$LOCALIZE[31422]) | SubString(ListItem.Label,soundtrack)]">$VAR[VarGenreSource]musicgenres/various.png</value> 
		<value condition="SubString(Container.FolderPath,musicdb://genres) + [SubString(ListItem.Label,rnb) | SubString(ListItem.Label,$LOCALIZE[31423]) | SubString(ListItem.Label,rnb)]">$VAR[VarGenreSource]musicgenres/hiphop.png</value>
		<value condition="SubString(Container.FolderPath,musicdb://genres) + [SubString(ListItem.Label,jazz) | SubString(ListItem.Label,$LOCALIZE[31424])]">$VAR[VarGenreSource]musicgenres/jazz.png</value>
		<value condition="SubString(Container.FolderPath,musicdb://genres) + [SubString(ListItem.Label,metal) | SubString(ListItem.Label,$LOCALIZE[31425])]">$VAR[VarGenreSource]musicgenres/metal.png</value>
		<value condition="SubString(Container.FolderPath,musicdb://genres) + [SubString(ListItem.Label,rock) | SubString(ListItem.Label,$LOCALIZE[31402])]">$VAR[VarGenreSource]musicgenres/rock.png</value>
		<value condition="SubString(Container.FolderPath,musicdb://genres) + [SubString(ListItem.Label,rap) | SubString(ListItem.Label,$LOCALIZE[31426])]">$VAR[VarGenreSource]musicgenres/rap.png</value>
		<value condition="SubString(Container.FolderPath,musicdb://genres) + [SubString(ListItem.Label,reggae) | SubString(ListItem.Label,$LOCALIZE[31427])]">$VAR[VarGenreSource]musicgenres/reggae.png</value>
		<value condition="SubString(Container.FolderPath,musicdb://genres) + [SubString(ListItem.Label,pop) | SubString(ListItem.Label,$LOCALIZE[31428])]">$VAR[VarGenreSource]musicgenres/pop.png</value>
		<value condition="SubString(Container.FolderPath,musicdb://genres) + [SubString(ListItem.Label,punk) | SubString(ListItem.Label,$LOCALIZE[31429])]">$VAR[VarGenreSource]musicgenres/punk.png</value>
		<value condition="SubString(Container.FolderPath,musicdb://genres) + [SubString(ListItem.Label,various) | SubString(ListItem.Label,$LOCALIZE[31430])]">$VAR[VarGenreSource]musicgenres/various.png</value>
		<value condition="SubString(Container.FolderPath,musicdb://genres)">$VAR[VarGenreSource]musicgenres/default.png</value> 

		<value condition="[SubString(Container.FolderPath,videodb://movies/genres) | SubString(Container.FolderPath,videodb://tvshows/genres)] + [SubString(ListItem.Label,Adventure) | SubString(ListItem.Label,$LOCALIZE[31433]) | SubString(ListItem.Label,Abenteuer)]">$VAR[VarGenreSource]videogenres/adventure.png</value>
		<value condition="[SubString(Container.FolderPath,videodb://movies/genres) | SubString(Container.FolderPath,videodb://tvshows/genres)] + [SubString(ListItem.Label,Action) | SubString(ListItem.Label,$LOCALIZE[31434])]">$VAR[VarGenreSource]videogenres/action.png</value>
		<value condition="[SubString(Container.FolderPath,videodb://movies/genres) | SubString(Container.FolderPath,videodb://tvshows/genres)] + [SubString(ListItem.Label,sport) | SubString(ListItem.Label,$LOCALIZE[31435])]">$VAR[VarGenreSource]videogenres/sport.png</value>
		<value condition="[SubString(Container.FolderPath,videodb://movies/genres) | SubString(Container.FolderPath,videodb://tvshows/genres)] + [SubString(ListItem.Label,Animation) | SubString(ListItem.Label,$LOCALIZE[31436])]">$VAR[VarGenreSource]videogenres/animation.png</value>
		<value condition="[SubString(Container.FolderPath,videodb://movies/genres) | SubString(Container.FolderPath,videodb://tvshows/genres)] + [SubString(ListItem.Label,Horror) | SubString(ListItem.Label,$LOCALIZE[31437])]">$VAR[VarGenreSource]videogenres/horror.png</value>
		<value condition="[SubString(Container.FolderPath,videodb://movies/genres) | SubString(Container.FolderPath,videodb://tvshows/genres)] + [SubString(ListItem.Label,noir) | SubString(ListItem.Label,$LOCALIZE[31438])]">$VAR[VarGenreSource]videogenres/film-noir.png</value>
		<value condition="[SubString(Container.FolderPath,videodb://movies/genres) | SubString(Container.FolderPath,videodb://tvshows/genres)] + [SubString(ListItem.Label,Love) | SubString(ListItem.Label,$LOCALIZE[31439]) |SubString(ListItem.Label,romance) | SubString(ListItem.Label,romanze)]">$VAR[VarGenreSource]videogenres/love.png</value>
		<value condition="[SubString(Container.FolderPath,videodb://movies/genres) | SubString(Container.FolderPath,videodb://tvshows/genres)] + [SubString(ListItem.Label,history) | SubString(ListItem.Label,$LOCALIZE[31440]) | SubString(ListItem.Label,geschichte) | SubString(ListItem.Label,historie)]">$VAR[VarGenreSource]videogenres/history.png</value>
		<value condition="[SubString(Container.FolderPath,videodb://movies/genres) | SubString(Container.FolderPath,videodb://tvshows/genres)] + [SubString(ListItem.Label,kids) | SubString(ListItem.Label,$LOCALIZE[31441]) | SubString(ListItem.Label,children) | SubString(ListItem.Label,kinder) | SubString(ListItem.Label,cartoon) | SubString(ListItem.Label,zeichentrick)]">$VAR[VarGenreSource]videogenres/kids.png</value>
		<value condition="[SubString(Container.FolderPath,videodb://movies/genres) | SubString(Container.FolderPath,videodb://tvshows/genres)] + [SubString(ListItem.Label,thriller) | SubString(ListItem.Label,$LOCALIZE[31442])]">$VAR[VarGenreSource]videogenres/thriller.png</value>
		<value condition="[SubString(Container.FolderPath,videodb://movies/genres) | SubString(Container.FolderPath,videodb://tvshows/genres)] + [SubString(ListItem.Label,drama) | SubString(ListItem.Label,$LOCALIZE[31443])]">$VAR[VarGenreSource]videogenres/drama.png</value>
		<value condition="[SubString(Container.FolderPath,videodb://movies/genres) | SubString(Container.FolderPath,videodb://tvshows/genres)] + [SubString(ListItem.Label,comedy) | SubString(ListItem.Label,$LOCALIZE[31444]) | SubString(ListItem.Label,komödie)]">$VAR[VarGenreSource]videogenres/comedy.png</value>
		<value condition="[SubString(Container.FolderPath,videodb://movies/genres) | SubString(Container.FolderPath,videodb://tvshows/genres)] + [SubString(ListItem.Label,musical) | SubString(ListItem.Label,$LOCALIZE[31445]) | SubString(ListItem.Label,music)]">$VAR[VarGenreSource]videogenres/musical.png</value>
		<value condition="[SubString(Container.FolderPath,videodb://movies/genres) | SubString(Container.FolderPath,videodb://tvshows/genres)] + [SubString(ListItem.Label,mystery) | SubString(ListItem.Label,$LOCALIZE[31446]) | SubString(ListItem.Label,mysterie)]">$VAR[VarGenreSource]videogenres/mystery.png</value>
		<value condition="[SubString(Container.FolderPath,videodb://movies/genres) | SubString(Container.FolderPath,videodb://tvshows/genres)] + [SubString(ListItem.Label,crime) | SubString(ListItem.Label,$LOCALIZE[31447]) | SubString(ListItem.Label,krimi)]">$VAR[VarGenreSource]videogenres/crime.png</value>
		<value condition="[SubString(Container.FolderPath,videodb://movies/genres) | SubString(Container.FolderPath,videodb://tvshows/genres)] + [SubString(ListItem.Label,fantasy) | SubString(ListItem.Label,$LOCALIZE[31448]) | SubString(ListItem.Label,fantasie) | SubString(ListItem.Label,märchen)]">$VAR[VarGenreSource]videogenres/fantasy.png</value>
		<value condition="[SubString(Container.FolderPath,videodb://movies/genres) | SubString(Container.FolderPath,videodb://tvshows/genres)] + [SubString(ListItem.Label,biography) | SubString(ListItem.Label,$LOCALIZE[31449]) | SubString(ListItem.Label,biographie)]">$VAR[VarGenreSource]videogenres/biography.png</value>
		<value condition="[SubString(Container.FolderPath,videodb://movies/genres) | SubString(Container.FolderPath,videodb://tvshows/genres)] + [SubString(ListItem.Label,docu) | SubString(ListItem.Label,$LOCALIZE[31450]) | SubString(ListItem.Label,doku)]">$VAR[VarGenreSource]videogenres/documentation.png</value>
		<value condition="[SubString(Container.FolderPath,videodb://movies/genres) | SubString(Container.FolderPath,videodb://tvshows/genres)] + [SubString(ListItem.Label,family) | SubString(ListItem.Label,$LOCALIZE[31451]) | SubString(ListItem.Label,familie)]">$VAR[VarGenreSource]videogenres/family.png</value>
		<value condition="[SubString(Container.FolderPath,videodb://movies/genres) | SubString(Container.FolderPath,videodb://tvshows/genres)] + [SubString(ListItem.Label,war) | SubString(ListItem.Label,$LOCALIZE[31452]) | SubString(ListItem.Label,krieg)]">$VAR[VarGenreSource]videogenres/war.png</value>
		<value condition="[SubString(Container.FolderPath,videodb://movies/genres) | SubString(Container.FolderPath,videodb://tvshows/genres)] + [SubString(ListItem.Label,Suspense) | SubString(ListItem.Label,$LOCALIZE[31453]) | SubString(ListItem.Label,spannung)]">$VAR[VarGenreSource]videogenres/suspense.png</value>
		<value condition="[SubString(Container.FolderPath,videodb://movies/genres) | SubString(Container.FolderPath,videodb://tvshows/genres)] + [SubString(ListItem.Label,short) | SubString(ListItem.Label,$LOCALIZE[31454]) | SubString(ListItem.Label,kurz)]">$VAR[VarGenreSource]videogenres/short.png</value>
		<value condition="[SubString(Container.FolderPath,videodb://movies/genres) | SubString(Container.FolderPath,videodb://tvshows/genres)] + [SubString(ListItem.Label,western) | SubString(ListItem.Label,$LOCALIZE[31455]) | SubString(ListItem.Label,cowboy)]">$VAR[VarGenreSource]videogenres/western.png</value>
		<value condition="[SubString(Container.FolderPath,videodb://movies/genres) | SubString(Container.FolderPath,videodb://tvshows/genres)] + [SubString(ListItem.Label,special) | SubString(ListItem.Label,$LOCALIZE[31456]) | SubString(ListItem.Label,spezial)]">$VAR[VarGenreSource]videogenres/special-interest.png</value>
		<value condition="[SubString(Container.FolderPath,videodb://movies/genres) | SubString(Container.FolderPath,videodb://tvshows/genres)] + [SubString(ListItem.Label,Sci-Fi) | SubString(ListItem.Label,SciFi) | SubString(ListItem.Label,Science Fiction) | SubString(ListItem.Label,Science-Fiction) | SubString(ListItem.Label,$LOCALIZE[31457])]">$VAR[VarGenreSource]videogenres/science-fiction.png</value>
		<value condition="[SubString(Container.FolderPath,videodb://movies/genres) | SubString(Container.FolderPath,videodb://tvshows/genres)] + [SubString(ListItem.Label,cook) | SubString(ListItem.Label,food) | SubString(ListItem.Label,$LOCALIZE[31458]) | SubString(ListItem.Label,essen) | SubString(ListItem.Label,kochen)]">$VAR[VarGenreSource]videogenres/food.png</value>
		<value condition="[SubString(Container.FolderPath,videodb://movies/genres) | SubString(Container.FolderPath,videodb://tvshows/genres)] + [SubString(ListItem.Label,mini) | SubString(ListItem.Label,$LOCALIZE[31459])]">$VAR[VarGenreSource]videogenres/miniseries.png</value>
		<value condition="[SubString(Container.FolderPath,videodb://movies/genres) | SubString(Container.FolderPath,videodb://tvshows/genres)] + !StringCompare(ListItem.Label,..)">$VAR[VarGenreSource]videogenres/default.png</value>
	</variable>

	<variable name="VarArtGenrePrevious">  
		<value condition="StringCompare(ListItem(-1).Label,..)">$INFO[ListItem(-1).Icon]</value>
		<value condition="SubString(Container.FolderPath,musicdb://genres) + [SubString(ListItem(-1).Label,blues) | SubString(ListItem(-1).Label,$LOCALIZE[31401])]">$VAR[VarGenreSource]musicgenres/blues.png</value>
		<value condition="SubString(Container.FolderPath,musicdb://genres) + [SubString(ListItem(-1).Label,grunge) | SubString(ListItem(-1).Label,$LOCALIZE[31463])]">$VAR[VarGenreSource]musicgenres/grunge.png</value>
		<value condition="SubString(Container.FolderPath,musicdb://genres) + [SubString(ListItem(-1).Label,alternative) | SubString(ListItem(-1).Label,$LOCALIZE[31462])]">$VAR[VarGenreSource]musicgenres/alternative.png</value>
		<value condition="SubString(Container.FolderPath,musicdb://genres) + [SubString(ListItem(-1).Label,classic) | SubString(ListItem(-1).Label,$LOCALIZE[31403]) | SubString(ListItem(-1).Label,klassik)]">$VAR[VarGenreSource]musicgenres/classic.png</value>
		<value condition="SubString(Container.FolderPath,musicdb://genres) + [SubString(ListItem(-1).Label,country) | SubString(ListItem(-1).Label,$LOCALIZE[31404])]">$VAR[VarGenreSource]musicgenres/country.png</value>
		<value condition="SubString(Container.FolderPath,musicdb://genres) + [SubString(ListItem(-1).Label,electro) | SubString(ListItem(-1).Label,$LOCALIZE[31405]) | SubString(ListItem(-1).Label,techno) | SubString(ListItem(-1).Label,dubstep)]">$VAR[VarGenreSource]musicgenres/electro.png</value>
		<value condition="SubString(Container.FolderPath,musicdb://genres) + [SubString(ListItem(-1).Label,folk) | SubString(ListItem(-1).Label,$LOCALIZE[31406]) | SubString(ListItem(-1).Label,volks)]">$VAR[VarGenreSource]musicgenres/folk.png</value>
		<value condition="SubString(Container.FolderPath,musicdb://genres) + [SubString(ListItem(-1).Label,gospel) | SubString(ListItem(-1).Label,$LOCALIZE[31407])]">$VAR[VarGenreSource]musicgenres/gospel.png</value>
		<value condition="SubString(Container.FolderPath,musicdb://genres) + [[SubString(ListItem(-1).Label,hip) + SubString(ListItem(-1).Label,hop)] | SubString(ListItem(-1).Label,$LOCALIZE[31408])]">$VAR[VarGenreSource]musicgenres/hiphop.png</value> 
		<value condition="SubString(Container.FolderPath,musicdb://genres) + [SubString(ListItem(-1).Label,ost) | SubString(ListItem(-1).Label,$LOCALIZE[31422]) | SubString(ListItem(-1).Label,soundtrack)]">$VAR[VarGenreSource]musicgenres/various.png</value> 
		<value condition="SubString(Container.FolderPath,musicdb://genres) + [SubString(ListItem(-1).Label,rnb) | SubString(ListItem(-1).Label,$LOCALIZE[31423]) | SubString(ListItem(-1).Label,rnb)]">$VAR[VarGenreSource]musicgenres/hiphop.png</value>
		<value condition="SubString(Container.FolderPath,musicdb://genres) + [SubString(ListItem(-1).Label,jazz) | SubString(ListItem(-1).Label,$LOCALIZE[31424])]">$VAR[VarGenreSource]musicgenres/jazz.png</value>
		<value condition="SubString(Container.FolderPath,musicdb://genres) + [SubString(ListItem(-1).Label,metal) | SubString(ListItem(-1).Label,$LOCALIZE[31425])]">$VAR[VarGenreSource]musicgenres/metal.png</value>
		<value condition="SubString(Container.FolderPath,musicdb://genres) + [SubString(ListItem(-1).Label,rock) | SubString(ListItem(-1).Label,$LOCALIZE[31402])]">$VAR[VarGenreSource]musicgenres/rock.png</value>
		<value condition="SubString(Container.FolderPath,musicdb://genres) + [SubString(ListItem(-1).Label,rap) | SubString(ListItem(-1).Label,$LOCALIZE[31426])]">$VAR[VarGenreSource]musicgenres/rap.png</value>
		<value condition="SubString(Container.FolderPath,musicdb://genres) + [SubString(ListItem(-1).Label,reggae) | SubString(ListItem(-1).Label,$LOCALIZE[31427])]">$VAR[VarGenreSource]musicgenres/reggae.png</value>
		<value condition="SubString(Container.FolderPath,musicdb://genres) + [SubString(ListItem(-1).Label,pop) | SubString(ListItem(-1).Label,$LOCALIZE[31428])]">$VAR[VarGenreSource]musicgenres/pop.png</value>
		<value condition="SubString(Container.FolderPath,musicdb://genres) + [SubString(ListItem(-1).Label,punk) | SubString(ListItem(-1).Label,$LOCALIZE[31429])]">$VAR[VarGenreSource]musicgenres/punk.png</value>
		<value condition="SubString(Container.FolderPath,musicdb://genres) + [SubString(ListItem(-1).Label,various) | SubString(ListItem(-1).Label,$LOCALIZE[31430])]">$VAR[VarGenreSource]musicgenres/various.png</value>
		<value condition="SubString(Container.FolderPath,musicdb://genres)">$VAR[VarGenreSource]musicgenres/default.png</value> 

		<value condition="[SubString(Container.FolderPath,videodb://movies/genres) | SubString(Container.FolderPath,videodb://tvshows/genres)] + [SubString(ListItem(-1).Label,Adventure) | SubString(ListItem(-1).Label,$LOCALIZE[31433]) | SubString(ListItem(-1).Label,Abenteuer)]">$VAR[VarGenreSource]videogenres/adventure.png</value>
		<value condition="[SubString(Container.FolderPath,videodb://movies/genres) | SubString(Container.FolderPath,videodb://tvshows/genres)] + [SubString(ListItem(-1).Label,Action) | SubString(ListItem(-1).Label,$LOCALIZE[31434])]">$VAR[VarGenreSource]videogenres/action.png</value>
		<value condition="[SubString(Container.FolderPath,videodb://movies/genres) | SubString(Container.FolderPath,videodb://tvshows/genres)] + [SubString(ListItem(-1).Label,sport) | SubString(ListItem(-1).Label,$LOCALIZE[31435])]">$VAR[VarGenreSource]videogenres/sport.png</value>
		<value condition="[SubString(Container.FolderPath,videodb://movies/genres) | SubString(Container.FolderPath,videodb://tvshows/genres)] + [SubString(ListItem(-1).Label,Animation) | SubString(ListItem(-1).Label,$LOCALIZE[31436])]">$VAR[VarGenreSource]videogenres/animation.png</value>
		<value condition="[SubString(Container.FolderPath,videodb://movies/genres) | SubString(Container.FolderPath,videodb://tvshows/genres)] + [SubString(ListItem(-1).Label,Horror) | SubString(ListItem(-1).Label,$LOCALIZE[31437])]">$VAR[VarGenreSource]videogenres/horror.png</value>
		<value condition="[SubString(Container.FolderPath,videodb://movies/genres) | SubString(Container.FolderPath,videodb://tvshows/genres)] + [SubString(ListItem(-1).Label,noir) | SubString(ListItem(-1).Label,$LOCALIZE[31438])]">$VAR[VarGenreSource]videogenres/film-noir.png</value>
		<value condition="[SubString(Container.FolderPath,videodb://movies/genres) | SubString(Container.FolderPath,videodb://tvshows/genres)] + [SubString(ListItem(-1).Label,Love) | SubString(ListItem(-1).Label,$LOCALIZE[31439]) |SubString(ListItem(-1).Label,romance) | SubString(ListItem(-1).Label,romanze)]">$VAR[VarGenreSource]videogenres/love.png</value>
		<value condition="[SubString(Container.FolderPath,videodb://movies/genres) | SubString(Container.FolderPath,videodb://tvshows/genres)] + [SubString(ListItem(-1).Label,history) | SubString(ListItem(-1).Label,$LOCALIZE[31440]) | SubString(ListItem(-1).Label,geschichte) | SubString(ListItem(-1).Label,historie)]">$VAR[VarGenreSource]videogenres/history.png</value>
		<value condition="[SubString(Container.FolderPath,videodb://movies/genres) | SubString(Container.FolderPath,videodb://tvshows/genres)] + [SubString(ListItem(-1).Label,kids) | SubString(ListItem(-1).Label,$LOCALIZE[31441]) | SubString(ListItem(-1).Label,children) | SubString(ListItem(-1).Label,kinder) | SubString(ListItem(-1).Label,cartoon) | SubString(ListItem(-1).Label,zeichentrick)]">$VAR[VarGenreSource]videogenres/kids.png</value>
		<value condition="[SubString(Container.FolderPath,videodb://movies/genres) | SubString(Container.FolderPath,videodb://tvshows/genres)] + [SubString(ListItem(-1).Label,thriller) | SubString(ListItem(-1).Label,$LOCALIZE[31442])]">$VAR[VarGenreSource]videogenres/thriller.png</value>
		<value condition="[SubString(Container.FolderPath,videodb://movies/genres) | SubString(Container.FolderPath,videodb://tvshows/genres)] + [SubString(ListItem(-1).Label,drama) | SubString(ListItem(-1).Label,$LOCALIZE[31443])]">$VAR[VarGenreSource]videogenres/drama.png</value>
		<value condition="[SubString(Container.FolderPath,videodb://movies/genres) | SubString(Container.FolderPath,videodb://tvshows/genres)] + [SubString(ListItem(-1).Label,comedy) | SubString(ListItem(-1).Label,$LOCALIZE[31444]) | SubString(ListItem(-1).Label,komödie)]">$VAR[VarGenreSource]videogenres/comedy.png</value>
		<value condition="[SubString(Container.FolderPath,videodb://movies/genres) | SubString(Container.FolderPath,videodb://tvshows/genres)] + [SubString(ListItem(-1).Label,musical) | SubString(ListItem(-1).Label,$LOCALIZE[31445]) | SubString(ListItem(-1).Label,music)]">$VAR[VarGenreSource]videogenres/musical.png</value>
		<value condition="[SubString(Container.FolderPath,videodb://movies/genres) | SubString(Container.FolderPath,videodb://tvshows/genres)] + [SubString(ListItem(-1).Label,mystery) | SubString(ListItem(-1).Label,$LOCALIZE[31446]) | SubString(ListItem(-1).Label,mysterie)]">$VAR[VarGenreSource]videogenres/mystery.png</value>
		<value condition="[SubString(Container.FolderPath,videodb://movies/genres) | SubString(Container.FolderPath,videodb://tvshows/genres)] + [SubString(ListItem(-1).Label,crime) | SubString(ListItem(-1).Label,$LOCALIZE[31447]) | SubString(ListItem(-1).Label,krimi)]">$VAR[VarGenreSource]videogenres/crime.png</value>
		<value condition="[SubString(Container.FolderPath,videodb://movies/genres) | SubString(Container.FolderPath,videodb://tvshows/genres)] + [SubString(ListItem(-1).Label,fantasy) | SubString(ListItem(-1).Label,$LOCALIZE[31448]) | SubString(ListItem(-1).Label,fantasie) | SubString(ListItem(-1).Label,märchen)]">$VAR[VarGenreSource]videogenres/fantasy.png</value>
		<value condition="[SubString(Container.FolderPath,videodb://movies/genres) | SubString(Container.FolderPath,videodb://tvshows/genres)] + [SubString(ListItem(-1).Label,biography) | SubString(ListItem(-1).Label,$LOCALIZE[31449]) | SubString(ListItem(-1).Label,biographie)]">$VAR[VarGenreSource]videogenres/biography.png</value>
		<value condition="[SubString(Container.FolderPath,videodb://movies/genres) | SubString(Container.FolderPath,videodb://tvshows/genres)] + [SubString(ListItem(-1).Label,docu) | SubString(ListItem(-1).Label,$LOCALIZE[31450]) | SubString(ListItem(-1).Label,doku)]">$VAR[VarGenreSource]videogenres/documentation.png</value>
		<value condition="[SubString(Container.FolderPath,videodb://movies/genres) | SubString(Container.FolderPath,videodb://tvshows/genres)] + [SubString(ListItem(-1).Label,family) | SubString(ListItem(-1).Label,$LOCALIZE[31451]) | SubString(ListItem(-1).Label,familie)]">$VAR[VarGenreSource]videogenres/family.png</value>
		<value condition="[SubString(Container.FolderPath,videodb://movies/genres) | SubString(Container.FolderPath,videodb://tvshows/genres)] + [SubString(ListItem(-1).Label,war) | SubString(ListItem(-1).Label,$LOCALIZE[31452]) | SubString(ListItem(-1).Label,krieg)]">$VAR[VarGenreSource]videogenres/war.png</value>
		<value condition="[SubString(Container.FolderPath,videodb://movies/genres) | SubString(Container.FolderPath,videodb://tvshows/genres)] + [SubString(ListItem(-1).Label,Suspense) | SubString(ListItem(-1).Label,$LOCALIZE[31453]) | SubString(ListItem(-1).Label,spannung)]">$VAR[VarGenreSource]videogenres/suspense.png</value>
		<value condition="[SubString(Container.FolderPath,videodb://movies/genres) | SubString(Container.FolderPath,videodb://tvshows/genres)] + [SubString(ListItem(-1).Label,short) | SubString(ListItem(-1).Label,$LOCALIZE[31454]) | SubString(ListItem(-1).Label,kurz)]">$VAR[VarGenreSource]videogenres/short.png</value>
		<value condition="[SubString(Container.FolderPath,videodb://movies/genres) | SubString(Container.FolderPath,videodb://tvshows/genres)] + [SubString(ListItem(-1).Label,western) | SubString(ListItem(-1).Label,$LOCALIZE[31455]) | SubString(ListItem(-1).Label,cowboy)]">$VAR[VarGenreSource]videogenres/western.png</value>
		<value condition="[SubString(Container.FolderPath,videodb://movies/genres) | SubString(Container.FolderPath,videodb://tvshows/genres)] + [SubString(ListItem(-1).Label,special) | SubString(ListItem(-1).Label,$LOCALIZE[31456]) | SubString(ListItem(-1).Label,spezial)]">$VAR[VarGenreSource]videogenres/special-interest.png</value>
		<value condition="[SubString(Container.FolderPath,videodb://movies/genres) | SubString(Container.FolderPath,videodb://tvshows/genres)] + [SubString(ListItem(-1).Label,Sci-Fi) | SubString(ListItem(-1).Label,SciFi) | SubString(ListItem(-1).Label,Science Fiction) | SubString(ListItem(-1).Label,Science-Fiction) | SubString(ListItem(-1).Label,$LOCALIZE[31457])]">$VAR[VarGenreSource]videogenres/science-fiction.png</value>
		<value condition="[SubString(Container.FolderPath,videodb://movies/genres) | SubString(Container.FolderPath,videodb://tvshows/genres)] + [SubString(ListItem(-1).Label,cook) | SubString(ListItem(-1).Label,food) | SubString(ListItem(-1).Label,$LOCALIZE[31458]) | SubString(ListItem(-1).Label,essen) | SubString(ListItem(-1).Label,kochen)]">$VAR[VarGenreSource]videogenres/food.png</value>
		<value condition="[SubString(Container.FolderPath,videodb://movies/genres) | SubString(Container.FolderPath,videodb://tvshows/genres)] + [SubString(ListItem(-1).Label,mini) | SubString(ListItem(-1).Label,$LOCALIZE[31459])]">$VAR[VarGenreSource]videogenres/miniseries.png</value>
		<value condition="[SubString(Container.FolderPath,videodb://movies/genres) | SubString(Container.FolderPath,videodb://tvshows/genres)] + !StringCompare(ListItem(-1).Label,..)">$VAR[VarGenreSource]videogenres/default.png</value>
	</variable>

	<variable name="VarArtGenreNext">  
		<value condition="StringCompare(ListItem(1).Label,..)">$INFO[ListItem(1).Icon]</value>
		<value condition="SubString(Container.FolderPath,musicdb://genres) + [SubString(ListItem(1).Label,blues) | SubString(ListItem(1).Label,$LOCALIZE[31401])]">$VAR[VarGenreSource]musicgenres/blues.png</value>
		<value condition="SubString(Container.FolderPath,musicdb://genres) + [SubString(ListItem(1).Label,grunge) | SubString(ListItem(1).Label,$LOCALIZE[31463])]">$VAR[VarGenreSource]musicgenres/grunge.png</value>
		<value condition="SubString(Container.FolderPath,musicdb://genres) + [SubString(ListItem(1).Label,alternative) | SubString(ListItem(1).Label,$LOCALIZE[31462])]">$VAR[VarGenreSource]musicgenres/alternative.png</value>
		<value condition="SubString(Container.FolderPath,musicdb://genres) + [SubString(ListItem(1).Label,classic) | SubString(ListItem(1).Label,$LOCALIZE[31403]) | SubString(ListItem(1).Label,klassik)]">$VAR[VarGenreSource]musicgenres/classic.png</value>
		<value condition="SubString(Container.FolderPath,musicdb://genres) + [SubString(ListItem(1).Label,country) | SubString(ListItem(1).Label,$LOCALIZE[31404])]">$VAR[VarGenreSource]musicgenres/country.png</value>
		<value condition="SubString(Container.FolderPath,musicdb://genres) + [SubString(ListItem(1).Label,electro) | SubString(ListItem(1).Label,$LOCALIZE[31405]) | SubString(ListItem(1).Label,techno) | SubString(ListItem(1).Label,dubstep)]">$VAR[VarGenreSource]musicgenres/electro.png</value>
		<value condition="SubString(Container.FolderPath,musicdb://genres) + [SubString(ListItem(1).Label,folk) | SubString(ListItem(1).Label,$LOCALIZE[31406]) | SubString(ListItem(1).Label,volks)]">$VAR[VarGenreSource]musicgenres/folk.png</value>
		<value condition="SubString(Container.FolderPath,musicdb://genres) + [SubString(ListItem(1).Label,gospel) | SubString(ListItem(1).Label,$LOCALIZE[31407])]">$VAR[VarGenreSource]musicgenres/gospel.png</value>
		<value condition="SubString(Container.FolderPath,musicdb://genres) + [[SubString(ListItem(1).Label,hip) + SubString(ListItem(1).Label,hop)] | SubString(ListItem(1).Label,$LOCALIZE[31408])]">$VAR[VarGenreSource]musicgenres/hiphop.png</value> 
		<value condition="SubString(Container.FolderPath,musicdb://genres) + [SubString(ListItem(1).Label,ost) | SubString(ListItem(1).Label,$LOCALIZE[31422]) | SubString(ListItem(1).Label,soundtrack)]">$VAR[VarGenreSource]musicgenres/various.png</value> 
		<value condition="SubString(Container.FolderPath,musicdb://genres) + [SubString(ListItem(1).Label,rnb) | SubString(ListItem(1).Label,$LOCALIZE[31423]) | SubString(ListItem(1).Label,rnb)]">$VAR[VarGenreSource]musicgenres/hiphop.png</value>
		<value condition="SubString(Container.FolderPath,musicdb://genres) + [SubString(ListItem(1).Label,jazz) | SubString(ListItem(1).Label,$LOCALIZE[31424])]">$VAR[VarGenreSource]musicgenres/jazz.png</value>
		<value condition="SubString(Container.FolderPath,musicdb://genres) + [SubString(ListItem(1).Label,metal) | SubString(ListItem(1).Label,$LOCALIZE[31425])]">$VAR[VarGenreSource]musicgenres/metal.png</value>
		<value condition="SubString(Container.FolderPath,musicdb://genres) + [SubString(ListItem(1).Label,rock) | SubString(ListItem(1).Label,$LOCALIZE[31402])]">$VAR[VarGenreSource]musicgenres/rock.png</value>
		<value condition="SubString(Container.FolderPath,musicdb://genres) + [SubString(ListItem(1).Label,rap) | SubString(ListItem(1).Label,$LOCALIZE[31426])]">$VAR[VarGenreSource]musicgenres/rap.png</value>
		<value condition="SubString(Container.FolderPath,musicdb://genres) + [SubString(ListItem(1).Label,reggae) | SubString(ListItem(1).Label,$LOCALIZE[31427])]">$VAR[VarGenreSource]musicgenres/reggae.png</value>
		<value condition="SubString(Container.FolderPath,musicdb://genres) + [SubString(ListItem(1).Label,pop) | SubString(ListItem(1).Label,$LOCALIZE[31428])]">$VAR[VarGenreSource]musicgenres/pop.png</value>
		<value condition="SubString(Container.FolderPath,musicdb://genres) + [SubString(ListItem(1).Label,punk) | SubString(ListItem(1).Label,$LOCALIZE[31429])]">$VAR[VarGenreSource]musicgenres/punk.png</value>
		<value condition="SubString(Container.FolderPath,musicdb://genres) + [SubString(ListItem(1).Label,various) | SubString(ListItem(1).Label,$LOCALIZE[31430])]">$VAR[VarGenreSource]musicgenres/various.png</value>
		<value condition="SubString(Container.FolderPath,musicdb://genres)">$VAR[VarGenreSource]musicgenres/default.png</value> 

		<value condition="[SubString(Container.FolderPath,videodb://movies/genres) | SubString(Container.FolderPath,videodb://tvshows/genres)] + [SubString(ListItem(1).Label,Adventure) | SubString(ListItem(1).Label,$LOCALIZE[31433]) | SubString(ListItem(1).Label,Abenteuer)]">$VAR[VarGenreSource]videogenres/adventure.png</value>
		<value condition="[SubString(Container.FolderPath,videodb://movies/genres) | SubString(Container.FolderPath,videodb://tvshows/genres)] + [SubString(ListItem(1).Label,Action) | SubString(ListItem(1).Label,$LOCALIZE[31434])]">$VAR[VarGenreSource]videogenres/action.png</value>
		<value condition="[SubString(Container.FolderPath,videodb://movies/genres) | SubString(Container.FolderPath,videodb://tvshows/genres)] + [SubString(ListItem(1).Label,sport) | SubString(ListItem(1).Label,$LOCALIZE[31435])]">$VAR[VarGenreSource]videogenres/sport.png</value>
		<value condition="[SubString(Container.FolderPath,videodb://movies/genres) | SubString(Container.FolderPath,videodb://tvshows/genres)] + [SubString(ListItem(1).Label,Animation) | SubString(ListItem(1).Label,$LOCALIZE[31436])]">$VAR[VarGenreSource]videogenres/animation.png</value>
		<value condition="[SubString(Container.FolderPath,videodb://movies/genres) | SubString(Container.FolderPath,videodb://tvshows/genres)] + [SubString(ListItem(1).Label,Horror) | SubString(ListItem(1).Label,$LOCALIZE[31437])]">$VAR[VarGenreSource]videogenres/horror.png</value>
		<value condition="[SubString(Container.FolderPath,videodb://movies/genres) | SubString(Container.FolderPath,videodb://tvshows/genres)] + [SubString(ListItem(1).Label,noir) | SubString(ListItem(1).Label,$LOCALIZE[31438])]">$VAR[VarGenreSource]videogenres/film-noir.png</value>
		<value condition="[SubString(Container.FolderPath,videodb://movies/genres) | SubString(Container.FolderPath,videodb://tvshows/genres)] + [SubString(ListItem(1).Label,Love) | SubString(ListItem(1).Label,$LOCALIZE[31439]) |SubString(ListItem(1).Label,romance) | SubString(ListItem(1).Label,romanze)]">$VAR[VarGenreSource]videogenres/love.png</value>
		<value condition="[SubString(Container.FolderPath,videodb://movies/genres) | SubString(Container.FolderPath,videodb://tvshows/genres)] + [SubString(ListItem(1).Label,history) | SubString(ListItem(1).Label,$LOCALIZE[31440]) | SubString(ListItem(1).Label,geschichte) | SubString(ListItem(1).Label,historie)]">$VAR[VarGenreSource]videogenres/history.png</value>
		<value condition="[SubString(Container.FolderPath,videodb://movies/genres) | SubString(Container.FolderPath,videodb://tvshows/genres)] + [SubString(ListItem(1).Label,kids) | SubString(ListItem(1).Label,$LOCALIZE[31441]) | SubString(ListItem(1).Label,children) | SubString(ListItem(1).Label,kinder) | SubString(ListItem(1).Label,cartoon) | SubString(ListItem(1).Label,zeichentrick)]">$VAR[VarGenreSource]videogenres/kids.png</value>
		<value condition="[SubString(Container.FolderPath,videodb://movies/genres) | SubString(Container.FolderPath,videodb://tvshows/genres)] + [SubString(ListItem(1).Label,thriller) | SubString(ListItem(1).Label,$LOCALIZE[31442])]">$VAR[VarGenreSource]videogenres/thriller.png</value>
		<value condition="[SubString(Container.FolderPath,videodb://movies/genres) | SubString(Container.FolderPath,videodb://tvshows/genres)] + [SubString(ListItem(1).Label,drama) | SubString(ListItem(1).Label,$LOCALIZE[31443])]">$VAR[VarGenreSource]videogenres/drama.png</value> 
		<value condition="[SubString(Container.FolderPath,videodb://movies/genres) | SubString(Container.FolderPath,videodb://tvshows/genres)] + [SubString(ListItem(1).Label,comedy) | SubString(ListItem(1).Label,$LOCALIZE[31444]) | SubString(ListItem(1).Label,komödie)]">$VAR[VarGenreSource]videogenres/comedy.png</value>
		<value condition="[SubString(Container.FolderPath,videodb://movies/genres) | SubString(Container.FolderPath,videodb://tvshows/genres)] + [SubString(ListItem(1).Label,musical) | SubString(ListItem(1).Label,$LOCALIZE[31445]) | SubString(ListItem(1).Label,music)]">$VAR[VarGenreSource]videogenres/musical.png</value>
		<value condition="[SubString(Container.FolderPath,videodb://movies/genres) | SubString(Container.FolderPath,videodb://tvshows/genres)] + [SubString(ListItem(1).Label,mystery) | SubString(ListItem(1).Label,$LOCALIZE[31446]) | SubString(ListItem(1).Label,mysterie)]">$VAR[VarGenreSource]videogenres/mystery.png</value>
		<value condition="[SubString(Container.FolderPath,videodb://movies/genres) | SubString(Container.FolderPath,videodb://tvshows/genres)] + [SubString(ListItem(1).Label,crime) | SubString(ListItem(1).Label,$LOCALIZE[31447]) | SubString(ListItem(1).Label,krimi)]">$VAR[VarGenreSource]videogenres/crime.png</value>
		<value condition="[SubString(Container.FolderPath,videodb://movies/genres) | SubString(Container.FolderPath,videodb://tvshows/genres)] + [SubString(ListItem(1).Label,fantasy) | SubString(ListItem(1).Label,$LOCALIZE[31448]) | SubString(ListItem(1).Label,fantasie) | SubString(ListItem(1).Label,märchen)]">$VAR[VarGenreSource]videogenres/fantasy.png</value>
		<value condition="[SubString(Container.FolderPath,videodb://movies/genres) | SubString(Container.FolderPath,videodb://tvshows/genres)] + [SubString(ListItem(1).Label,biography) | SubString(ListItem(1).Label,$LOCALIZE[31449]) | SubString(ListItem(1).Label,biographie)]">$VAR[VarGenreSource]videogenres/biography.png</value>
		<value condition="[SubString(Container.FolderPath,videodb://movies/genres) | SubString(Container.FolderPath,videodb://tvshows/genres)] + [SubString(ListItem(1).Label,docu) | SubString(ListItem(1).Label,$LOCALIZE[31450]) | SubString(ListItem(1).Label,doku)]">$VAR[VarGenreSource]videogenres/documentation.png</value>
		<value condition="[SubString(Container.FolderPath,videodb://movies/genres) | SubString(Container.FolderPath,videodb://tvshows/genres)] + [SubString(ListItem(1).Label,family) | SubString(ListItem(1).Label,$LOCALIZE[31451]) | SubString(ListItem(1).Label,familie)]">$VAR[VarGenreSource]videogenres/family.png</value>
		<value condition="[SubString(Container.FolderPath,videodb://movies/genres) | SubString(Container.FolderPath,videodb://tvshows/genres)] + [SubString(ListItem(1).Label,war) | SubString(ListItem(1).Label,$LOCALIZE[31452]) | SubString(ListItem(1).Label,krieg)]">$VAR[VarGenreSource]videogenres/war.png</value>
		<value condition="[SubString(Container.FolderPath,videodb://movies/genres) | SubString(Container.FolderPath,videodb://tvshows/genres)] + [SubString(ListItem(1).Label,Suspense) | SubString(ListItem(1).Label,$LOCALIZE[31453]) | SubString(ListItem(1).Label,spannung)]">$VAR[VarGenreSource]videogenres/suspense.png</value>
		<value condition="[SubString(Container.FolderPath,videodb://movies/genres) | SubString(Container.FolderPath,videodb://tvshows/genres)] + [SubString(ListItem(1).Label,short) | SubString(ListItem(1).Label,$LOCALIZE[31454]) | SubString(ListItem(1).Label,kurz)]">$VAR[VarGenreSource]videogenres/short.png</value>
		<value condition="[SubString(Container.FolderPath,videodb://movies/genres) | SubString(Container.FolderPath,videodb://tvshows/genres)] + [SubString(ListItem(1).Label,western) | SubString(ListItem(1).Label,$LOCALIZE[31455]) | SubString(ListItem(1).Label,cowboy)]">$VAR[VarGenreSource]videogenres/western.png</value>
		<value condition="[SubString(Container.FolderPath,videodb://movies/genres) | SubString(Container.FolderPath,videodb://tvshows/genres)] + [SubString(ListItem(1).Label,special) | SubString(ListItem(1).Label,$LOCALIZE[31456]) | SubString(ListItem(1).Label,spezial)]">$VAR[VarGenreSource]videogenres/special-interest.png</value>
		<value condition="[SubString(Container.FolderPath,videodb://movies/genres) | SubString(Container.FolderPath,videodb://tvshows/genres)] + [SubString(ListItem(1).Label,Sci-Fi) | SubString(ListItem(1).Label,SciFi) | SubString(ListItem(1).Label,Science Fiction) | SubString(ListItem(1).Label,Science-Fiction) | SubString(ListItem(1).Label,$LOCALIZE[31457])]">$VAR[VarGenreSource]videogenres/science-fiction.png</value>
		<value condition="[SubString(Container.FolderPath,videodb://movies/genres) | SubString(Container.FolderPath,videodb://tvshows/genres)] + [SubString(ListItem(1).Label,cook) | SubString(ListItem(1).Label,food) | SubString(ListItem(1).Label,$LOCALIZE[31458]) | SubString(ListItem(1).Label,essen) | SubString(ListItem(1).Label,kochen)]">$VAR[VarGenreSource]videogenres/food.png</value>
		<value condition="[SubString(Container.FolderPath,videodb://movies/genres) | SubString(Container.FolderPath,videodb://tvshows/genres)] + [SubString(ListItem(1).Label,mini) | SubString(ListItem(1).Label,$LOCALIZE[31459])]">$VAR[VarGenreSource]videogenres/miniseries.png</value>
		<value condition="[SubString(Container.FolderPath,videodb://movies/genres) | SubString(Container.FolderPath,videodb://tvshows/genres)] + !StringCompare(ListItem(1).Label,..)">$VAR[VarGenreSource]videogenres/default.png</value>
	</variable>

</includes>