<?xml version="1.0" encoding="UTF-8"?>
<window  id="2009">
	<controls>
		<control type="karvisualisation" id="1">
			<description>visualisation</description>
			<left>0</left>
			<top>0</top>
			<width>1280</width>
			<height>720</height>
			<visible>false</visible>
		</control>
		<control type="image" id="2">
			<description>fullscreen image</description>
			<left>0</left>
			<top>0</top>
			<width>1280</width>
			<height>720</height>
			<visible>false</visible>
		</control>
	 <control type="group">
	  <left>95</left>
		<top>645</top>
		<visible>MusicPlayer.Offset(number).Exists + !IntegerGreaterThan(Player.TimeRemaining,20)</visible>
	  <include>NowPlaying</include>
		<control type="grouplist">
			<left>0</left>
			<top>0</top>
			<height>60</height>
			<width>1190</width>
			<align>right</align>
			<aligny>center</aligny>
			<itemgap>10</itemgap>
			<orientation>horizontal</orientation>
			<control type="group">
			  <left>50r</left>
				<control type="label" id="402">
				<description>Song Name Label</description>
					<left>0</left>
					<top>20</top>
					<height>25</height>
					<width>640</width>
					<font>FontSize_20B</font>
					<textcolor>77white</textcolor>
					<shadowcolor>99000000</shadowcolor>
			    <align>right</align>
			    <aligny>center</aligny>
					<scroll>false</scroll>
				 <label>[COLOR=white]$LOCALIZE[209] :[/COLOR] [COLOR=selected]$INFO[MusicPlayer.offset(1).Title][/COLOR]</label>
				</control>
			</control>
	  </control>
	 </control>


	</controls>
</window>
