<?xml version="1.0" encoding="UTF-8"?>
<includes> 

	<!-- ========================== -->
	<!-- == Home Window SubMenus == -->
	<!-- ========================== -->

	<!-- Wrap List Vars -->
	<include name="SubMenuWraplistVarsDown">
		<include>HomeSlideAnimations</include>
		<left>350</left>
		<top>380</top>
		<width>600</width>
		<height>158</height>
		<onup>23</onup>
		<ondown>23</ondown>
		<onleft>20</onleft>
		<onright>20</onright>
		<orientation>vertical</orientation>
		<focusposition>0</focusposition>
		<scrolltime>200</scrolltime>
		<animation type="Conditional" condition="Control.HasFocus(23)">
			<effect type="fade" start="0" end="100" time="300" tween="sine" easing="in"  />
			<effect type="slide" start="0,-35" end="0,0" time="350" tween="cubic" easing="out" />
		</animation>
		<animation type="Conditional" condition="!Control.HasFocus(23)">
			<effect type="fade" start="100" end="0" time="300" tween="sine" easing="out" />
			<effect type="slide" start="0,0" end="0,-35" time="350" tween="sine" easing="out" />
		</animation>     
	</include>
	<!-- Item Layout Vars -->
	<include name="SubMenuItemLayoutVarsDown">
		<left>0</left>
		<top>0</top>
		<width>580</width>
		<height>48</height>
		<align>center</align>
		<aligny>center</aligny>
		<font>FontSize_46</font>
		<textcolor>white</textcolor>
		<shadowcolor>99000000</shadowcolor>
		<label>$INFO[ListItem.Label]</label>
		<animation type="Conditional" condition="true" reversible="false">
			<effect type="fade" end="50" time="0" />
			<effect type="zoom" end="75" time="0" center="auto"/>
		</animation>
	</include>
	<!-- Focused Layout Vars -->
	<include name="SubMenuFocusedLayoutVarsDown">
		<left>0</left>
		<top>0</top>
		<width>580</width>
		<height>48</height>
		<align>center</align>
		<aligny>center</aligny>
		<font>FontSize_46</font>
		<textcolor>white</textcolor>
		<shadowcolor>99000000</shadowcolor>
		<label>$INFO[ListItem.Label]</label>
		<animation type="Focus" condition="Container(23).OnNext | Container(23).OnPrevious" reversible="false">
			<effect type="fade" start="40" end="100" time="200" tween="sine" easing="in" />
			<effect type="zoom" start="75" end="100" time="200" center="auto" tween="sine" easing="in" />
		</animation>
		<animation type="Unfocus" condition="Container(23).OnNext | Container(23).OnPrevious" reversible="false">
			<effect type="fade" start="100" end="40" time="200" tween="sine" easing="out" />
			<effect type="zoom" start="100" end="75" time="200" center="auto" tween="sine" easing="out" />
		</animation>
	</include>

	<!-- Home DVD SubLabel -->
	<include name="HomeMenuSubLabels">
		<control type="group">
			<description>SubLabel DVD</description>
			<visible>![Window.IsActive(ShutdownMenu) | Window.IsActive(virtualkeyboard) | Window.IsActive(ProgressDialog) | Window.IsActive(PlayerControls) | Window.IsActive(Favourites) | Container(20).OnNext | Container(20).OnPrevious] + Container(20).HasFocus(14) + Control.HasFocus(20)</visible>
			<animation type="WindowOpen">
				<effect type="fade" start="0" end="100" time="300" tween="sine" easing="in"  />
				<effect type="slide" start="0,-55" end="0,0" time="350" tween="cubic" easing="out" />
			</animation>
			<animation type="WindowClose" >
				<effect type="fade" start="100" end="0" time="300" tween="sine" easing="out" />
				<effect type="slide" start="0,0" end="0,-55" time="350" tween="sine" easing="out" />
			</animation>	
			<animation type="Visible">
				<effect type="fade" start="0" end="100" time="300" tween="sine" easing="in"  />
				<effect type="slide" start="0,-55" end="0,0" time="350" tween="cubic" easing="out" />
			</animation>
			<animation type="Hidden" >
				<effect type="fade" start="100" end="0" time="300" tween="sine" easing="out" />
				<effect type="slide" start="0,0" end="0,-55" time="350" tween="sine" easing="out" />
			</animation>
			<control type="label">
				<left>285</left>
				<top>375</top>
				<width>700</width>
				<height>55</height>
				<align>center</align>
				<aligny>center</aligny>
				<font>FontSize_48</font>
				<textcolor>white</textcolor>
				<shadowcolor>99000000</shadowcolor>
				<label>[LOWERCASE]$INFO[System.DVDLabel][/LOWERCASE]</label>
			</control>
		</control>				
	</include>


	<!-- Home SubMenus -->
	<include name="HomeSubMenus">
		<control type="wraplist" id="23">
			<description>SubMenu Container Movies</description>
			<visible>![Window.IsActive(1110) | Window.IsActive(1113) | Window.IsActive(1114) | Window.IsActive(1115) | Window.IsActive(ShutdownMenu) | Window.IsActive(ProgressDialog) | Window.IsActive(PlayerControls) | Window.IsActive(Favourites) | Window.IsActive(script-skinshortcuts.xml) | Window.IsActive(script-globalsearch-main.xml) | Window.IsActive(script-ExtendedInfo Script-DialogInfo.xml) | Window.IsActive(script-ExtendedInfo Script-DialogVideoInfo.xml) | Container(20).OnNext | Container(20).OnPrevious]</visible>
			<include>SubMenuWraplistVarsDown</include>
			<animation effect="slide" start="0,0" end="0,60" time="0" condition="StringCompare(Skin.String(MainMenuStyle),3icons) | StringCompare(Skin.String(MainMenuStyle),5icons)">Conditional</animation>
			<itemlayout width="580" height="52">
				<control type="label">
					<include>SubMenuItemLayoutVarsDown</include>
				</control>
			</itemlayout>
			<focusedlayout width="580" height="52">
				<control type="label">
					<include>SubMenuFocusedLayoutVarsDown</include>
				</control>
			</focusedlayout>
			<content>
				<include>skinshortcuts-submenu</include>
			</content>
		</control>				
	</include>


	<!-- ================================== -->
	<!-- 	== Context Menu Content Info == -->
	<!-- ================================== -->
	<include name="ContextMenuContentInfo">
		<control type="group">
			<left>45</left>
			<top>25</top>
			<include>TopOptionsSlideAnimations</include>
			<visible>!Window.IsVisible(LockSettings) + !Window.IsVisible(ProfileSettings) + !Window.IsVisible(LoginScreen) + !Window.IsVisible(Profiles)</visible>
			<control type="grouplist">
				<left>0</left>
				<top>0</top>
				<height>70</height>
				<width>1000</width>
				<align>left</align>
				<aligny>center</aligny>
				<itemgap>20</itemgap>
				<orientation>horizontal</orientation>
				<control type="label">
					<include>TopBigLabel</include>
					<label>31009</label>
				</control>
				<control type="label">
					<include>TopZoomedSmallLabel</include>
					<label>3</label>
					<visible>!Container.Content(Movies) + !Container.Content(TVShows) + !Container.Content(Seasons) + !Container.Content(Episodes) + !Window.IsVisible(MusicLibrary) + !Window.IsVisible(MusicFiles) + !Substring(Container.FolderPath,addons://) + !Window.IsVisible(Favourites)</visible>
				</control>
				<control type="label">
					<include>TopZoomedSmallLabel</include>
					<label>342</label>
					<visible>Container.Content(Movies)</visible>
				</control>
				<control type="label">
					<include>TopZoomedSmallLabel</include>
					<label>31002</label>
					<visible>Container.Content(TVShows) | Container.Content(Seasons) | Container.Content(Episodes)</visible>
				</control>
				<control type="label">
					<include>TopZoomedSmallLabel</include>
					<label>33054</label>
					<visible>Container.Content(Seasons)</visible>
				</control>
				<control type="label">
					<include>TopZoomedSmallLabel</include>
					<label>20360</label>
					<visible>Container.Content(Episodes)</visible>
				</control>
				<control type="label">
					<include>TopZoomedSmallLabel</include>
					<label>31021</label>
					<visible>Window.IsVisible(MusicLibrary) + ![StringCompare(Container.FolderPath,special://musicplaylists/) | Substring(Container.FolderPath,.m3u,Right) | Substring(Container.FolderPath,.xsp,Right)]</visible>
				</control>
				<control type="label">
					<include>TopZoomedSmallLabel</include>
					<label>31022</label>
					<visible>Window.IsVisible(MusicFiles)</visible>
				</control>
				<control type="label">
					<include>TopZoomedSmallLabel</include>
					<label>$LOCALIZE[2] $LOCALIZE[559]</label>
					<visible>StringCompare(Container.FolderPath,special://musicplaylists/) | Substring(Container.FolderPath,.m3u,Right) | Substring(Container.FolderPath,.xsp,Right)</visible>
				</control>
				<control type="label">
					<include>TopZoomedSmallLabel</include>
					<label>24001</label>
					<visible>Substring(Container.FolderPath,addons://) + !Window.IsVisible(MusicLibrary) + !Window.IsVisible(MusicFiles)</visible>
				</control>
				<control type="label">
					<include>TopZoomedSmallLabel</include>
					<label>24048</label>
					<visible>Window.IsVisible(AddonInformation)</visible>
					<visible>Substring(Container.FolderPath,addons://) + !Window.IsVisible(MusicLibrary) + !Window.IsVisible(MusicFiles)</visible>
				</control>
			</control>
		</control>
	</include>

	<include name="ContextMenuContentInfoWindows">
		<control type="group">
			<left>45</left>
			<top>25</top>
			<include>TopOptionsSlideAnimations</include>
			<visible>!Window.IsVisible(LockSettings)</visible>
			<control type="grouplist">
				<left>0</left>
				<top>0</top>
				<height>70</height>
				<width>1000</width>
				<align>left</align>
				<aligny>center</aligny>
				<itemgap>20</itemgap>
				<orientation>horizontal</orientation>
				<control type="label">
					<include>TopBigLabel</include>
					<label>31009</label>
				</control>
				<control type="label">
					<include>TopZoomedSmallLabel</include>
					<label>13200</label>
					<visible>Window.IsVisible(Profiles)</visible>
				</control>
				<control type="label">
					<include>TopZoomedSmallLabel</include>
					<label>10029</label>
					<visible>Window.IsVisible(LoginScreen)</visible>
				</control>
			</control>
		</control>
	</include>

	<include name="ContextMenuContentInfoFavourites">
		<control type="group">
			<left>45</left>
			<top>25</top>
			<include>TopOptionsSlideAnimations</include>
			<control type="grouplist">
				<left>0</left>
				<top>0</top>
				<height>70</height>
				<width>1000</width>
				<align>left</align>
				<aligny>center</aligny>
				<itemgap>20</itemgap>
				<orientation>horizontal</orientation>
				<control type="label">
					<include>TopBigLabel</include>
					<label>31009</label>
				</control>
				<control type="label">
					<include>TopZoomedSmallLabel</include>
					<label>1036</label>
				</control>
			</control>
		</control>
	</include> 	
	


	<!-- =================== -->
	<!-- == Context Menus == -->
	<!-- =================== -->
	<include name="ContextMenuDefault">
		<control type="image" id="999">
			<description>background image</description>
			<left>0</left>
			<top>0</top>
			<width>480</width>
			<height>410</height>
			<texture>-</texture>
			<aspectratio aligny="center">stretch</aspectratio>
			<visible>false</visible>
		</control>
		<control type="grouplist" id="996">
			<left>0</left>
			<top>0</top>
			<width>480</width>
			<height max="405">auto</height>
			<itemgap>0</itemgap>
			<onleft>Close</onleft>
			<onright>Close</onright>
			<animation effect="fade" start="0" end="100" time="250" reversible="true">WindowOpen</animation>
			<animation effect="fade" start="100" end="0" time="200" reversible="true">WindowClose</animation>
		</control>
		<control type="button" id="1000">
			<description>button template</description>
			<width>480</width>
			<height>45</height>
			<textcolor>77white</textcolor>
			<focusedcolor>white</focusedcolor>
			<disabledcolor>33white</disabledcolor>
			<shadowcolor>99000000</shadowcolor>
			<align>center</align>
			<aligny>top</aligny>
			<textwidth>430</textwidth>
			<textoffsetx>23</textoffsetx>
			<textoffsety>7</textoffsety>
			<texturefocus border="23">windows/filemanager/contextmenu_fo.png</texturefocus>
			<texturenofocus>-</texturenofocus>
			<pulseonselect>no</pulseonselect>
			<font>FontSize_22</font>
		</control>
	</include>

	<include name="ContextMenuOnTopLeft">
		<control type="image" id="999">
			<description>background image</description>
			<left>0</left>
			<top>0</top>
			<width>1280</width>
			<height>1280</height>
			<texture>-</texture>
			<aspectratio aligny="center">stretch</aspectratio>
			<visible>false</visible>
		</control>
		<control type="grouplist" id="996">
			<left>45</left>
			<top>75</top>
			<width>460</width>
			<height max="520">auto</height>
			<itemgap>0</itemgap>
			<onleft>Close</onleft>
			<onright>Close</onright>
			<include>TopOptionsSlideAnimations</include>
		</control>
		<control type="button" id="1000">
			<description>button template</description>
			<include>TopLeftMenusButton</include>
		</control>
	</include>

	<include name="ContextMenuFavourites">
		<control type="image" id="999">
			<description>background image</description>
			<left>0</left>
			<top>0</top>
			<width>1280</width>
			<height>1280</height>
			<texture>-</texture>
			<aspectratio aligny="center">stretch</aspectratio>
			<visible>false</visible>
		</control>
		<control type="grouplist" id="996">
			<left>45</left>
			<top>75</top>
			<width>460</width>
			<height max="520">auto</height>
			<itemgap>0</itemgap>
			<onleft>Close</onleft>
			<onright>Close</onright>
			<include>TopOptionsSlideAnimations</include>
			<control type="button" id="991">
				<description>button template</description>
				<include>TopLeftMenusButton</include>
				<onclick>SendClick(1001)</onclick>
				<label>31028</label>
			</control>
			<control type="button" id="992">
				<description>button template</description>
				<include>TopLeftMenusButton</include>
				<onclick>SendClick(1002)</onclick>
				<label>31029</label>
			</control>
			<control type="button" id="993">
				<description>button template</description>
				<include>TopLeftMenusButton</include>
				<onclick>SendClick(1003)</onclick>
				<label>15015</label>
			</control>
			<control type="button" id="994">
				<description>button template</description>
				<include>TopLeftMenusButton</include>
				<onclick>SendClick(1004)</onclick>
				<label>118</label>
			</control>
			<control type="button" id="995">
				<description>button template</description>
				<include>TopLeftMenusButton</include>
				<onclick>SendClick(1005)</onclick>
				<label>20019</label>
			</control>
		</control>
		<control type="button" id="1000">
			<description>button template</description>
			<include>TopButton</include>
			<label>-</label>
			<visible>false</visible>
		</control>			
	</include>



	<!-- ========================== -->
	<!-- == PVR OSD Content Info == -->
	<!-- ========================== -->
	<include name="PVROSDContentInfo">
		<control type="group">
			<left>45</left>
			<top>25</top>
			<include>TopOptionsSlideAnimations</include>
			<control type="grouplist">
				<left>0</left>
				<top>0</top>
				<height>70</height>
				<width>1000</width>
				<align>left</align>
				<aligny>center</aligny>
				<itemgap>20</itemgap>
				<orientation>horizontal</orientation>
				<control type="label">
					<include>TopBigLabel</include>
					<label>$INFO[VideoPlayer.ChannelName,$LOCALIZE[19222]: ]</label>
					<visible>Window.IsVisible(PVROSDGuide)</visible>
				</control>
				<control type="label">
					<include>TopZoomedSmallLabel</include>
					<label>$INFO[Container(11).ListItem.StartDate]</label>
					<visible>Window.IsVisible(PVROSDGuide)</visible>
				</control>
				
				<control type="label">
					<include>TopBigLabel</include>
					<label>$LOCALIZE[19023] - $INFO[VideoPlayer.ChannelGroup]</label>
					<visible>Window.IsVisible(PVROSDChannels)</visible>
					<visible>!pvr.IsPlayingRadio</visible>
				</control>
				<control type="label">
					<include>TopBigLabel</include>
					<label>$LOCALIZE[19024] - $INFO[MusicPlayer.ChannelGroup]</label>
					<visible>Window.IsVisible(PVROSDChannels)</visible>
					<visible>pvr.IsPlayingRadio</visible>
				</control>				
				<control type="label">
					<include>TopZoomedSmallLabel</include>
					<label>$INFO[System.Date(ddd)], $INFO[System.Date(d)] $INFO[System.Date(mmm)] $INFO[System.Date(yyyy)]</label>
					<visible>Window.IsVisible(PVROSDChannels)</visible>
				</control>				
			</control>
		</control>
	</include> 

	<!-- ========================== -->
	<!-- == PVR OSD EPGuide Menu == -->
	<!-- ========================== -->
	<include name="PVRGuideOSDMenu">
		<control type="list" id="11">
			<include>TopOptionsSlideAnimations</include>
			<animation type="Conditional" reversible="false" condition="![Window.IsActive(PVRGuideInfo) | Window.IsActive(PVRRecordingInfo)]">
				<effect type="fade" start="0" end="100" time="300" tween="sine" easing="in"  />
				<effect type="slide" start="0,-55" end="0,0" time="350" tween="cubic" easing="out" />
			</animation>
			<animation type="Conditional" reversible="false" condition="Window.IsActive(PVRGuideInfo) | Window.IsActive(PVRRecordingInfo)">
				<effect type="fade" start="100" end="0" time="300" tween="sine" easing="out" />
				<effect type="slide" start="0,0" end="0,-55" time="350" tween="sine" easing="out" />
			</animation>
			<left>45</left>
			<top>75</top>
			<width>640</width>
			<height>530</height>
			<itemgap>0</itemgap>
			<onleft>Close</onleft>
			<onright>Close</onright>
			<preloaditems>2</preloaditems>
			<viewtype label="535">list</viewtype>
			<scrolltime tween="cubic" easing="out">300</scrolltime>
			<itemlayout height="58" width="562">
				<control type="label">
					<left>5</left>
					<top>0</top>
					<width>100</width>
					<height>45</height>
					<font>FontSize_24B</font>
					<textcolor>77white</textcolor>
					<shadowcolor>99000000</shadowcolor>
					<align>left</align>
					<aligny>center</aligny>
					<label>․</label>
				</control>
				<control type="label">
					<left>30</left>
					<top>0</top>
					<width>495</width>
					<height>45</height>
					<font>FontSize_24B</font>
					<textcolor>77white</textcolor>
					<shadowcolor>99000000</shadowcolor>
					<align>left</align>
					<aligny>center</aligny>
					<label>$INFO[ListItem.StartTime]</label>
				</control>
				<control type="label">
					<left>30</left>
					<top>25</top>
					<width>495</width>
					<height>42</height>
					<font>FontSize_20</font>
					<textcolor>77white</textcolor>
					<shadowcolor>99000000</shadowcolor>
					<align>left</align>
					<aligny>center</aligny>
					<label>$INFO[ListItem.Label]</label>
					<animation effect="slide" start="0" end="28" time="0" condition="ListItem.IsRecording">Conditional</animation>
				</control>
				<control type="image">
					<left>-7</left>
					<top>26</top>
					<width>42</width>
					<height>42</height>
					<texture>windows/pvr/rec.png</texture>
					<visible>ListItem.IsRecording</visible>
					<animation effect="fade" start="50" end="100" time="750" pulse="true" condition="true">Conditional</animation>
				</control>
			</itemlayout>
			<focusedlayout height="58" width="562">
				<control type="group">
					<include>PVRListFocusAnimation</include>
					<control type="label">
						<left>5</left>
						<top>0</top>
						<width>100</width>
						<height>45</height>
						<font>FontSize_24B</font>
						<textcolor>white</textcolor>
						<shadowcolor>99000000</shadowcolor>
						<align>left</align>
						<aligny>center</aligny>
						<label>․</label>
					</control>
					<control type="label">
						<left>30</left>
						<top>0</top>
						<width>495</width>
						<height>45</height>
						<font>FontSize_24B</font>
						<textcolor>white</textcolor>
						<shadowcolor>99000000</shadowcolor>
						<align>left</align>
						<aligny>center</aligny>
						<label>$INFO[ListItem.StartTime]</label>
					</control>
					<control type="label">
						<left>30</left>
						<top>25</top>
						<width>495</width>
						<height>42</height>
						<font>FontSize_20</font>
						<textcolor>white</textcolor>
						<shadowcolor>99000000</shadowcolor>
						<align>left</align>
						<aligny>center</aligny>
						<label>$INFO[ListItem.Label]</label>
						<animation effect="slide" start="0" end="28" time="0" condition="ListItem.IsRecording">Conditional</animation>
					</control>
					<control type="image">
						<left>-7</left>
						<top>26</top>
						<width>42</width>
						<height>42</height>
						<texture>windows/pvr/rec.png</texture>
						<visible>ListItem.IsRecording</visible>
						<animation effect="fade" start="50" end="100" time="750" pulse="true" condition="true">Conditional</animation>
					</control>
				</control>
			</focusedlayout>
		</control>
	</include>

	<!-- =========================== -->
	<!-- == PVR OSD Channels Menu == -->
	<!-- =========================== -->
	<include name="PVRChannelsOSDMenu">
		<control type="list" id="11">
			<include>TopOptionsSlideAnimations</include>
			<animation type="Conditional" reversible="false" condition="![Window.IsActive(PVRGuideInfo) | Window.IsActive(PVRRecordingInfo)]">
				<effect type="fade" start="0" end="100" time="300" tween="sine" easing="in"  />
				<effect type="slide" start="0,-55" end="0,0" time="350" tween="cubic" easing="out" />
			</animation>
			<animation type="Conditional" reversible="false" condition="Window.IsActive(PVRGuideInfo) | Window.IsActive(PVRRecordingInfo)">
				<effect type="fade" start="100" end="0" time="300" tween="sine" easing="out" />
				<effect type="slide" start="0,0" end="0,-55" time="350" tween="sine" easing="out" />
			</animation>		    
			<left>45</left>
			<top>75</top>
			<width>640</width>
			<height>530</height>
			<itemgap>0</itemgap>
			<onleft>PreviousChannelGroup</onleft>
			<onright>NextChannelGroup</onright>
			<preloaditems>2</preloaditems>
			<viewtype label="535">list</viewtype>
			<scrolltime tween="cubic" easing="out">350</scrolltime>
			<itemlayout height="58" width="562">
				<control type="image">
					<left>0</left>
					<top>11</top>
					<width>68</width>
					<height>45</height>
					<texture background="true" fallback="windows/pvr/channel_icon.png">$INFO[ListItem.Icon]</texture>
					<aspectratio align="left" aligny="center">keep</aspectratio>
				</control>
				<control type="group">
					<left>73</left>
					<control type="label">
						<left>5</left>
						<top>0</top>
						<width>495</width>
						<height>45</height>
						<font>FontSize_24B</font>
						<textcolor>77white</textcolor>
						<shadowcolor>99000000</shadowcolor>
						<align>left</align>
						<aligny>center</aligny>
						<label>$INFO[ListItem.ChannelNumber,,. ]$INFO[ListItem.Label]</label>
						<animation effect="slide" start="0,0" end="0,10" time="0" condition="IsEmpty(ListItem.Title) + ![ListItem.HasTimer | ListItem.IsRecording]">Conditional</animation>
					</control>
					<control type="label">
						<left>5</left>
						<top>25</top>
						<width>495</width>
						<height>42</height>
						<font>FontSize_20</font>
						<textcolor>77white</textcolor>
						<shadowcolor>99000000</shadowcolor>
						<align>left</align>
						<aligny>center</aligny>
						<label>$INFO[ListItem.Title]</label>
						<animation effect="slide" start="0" end="28" time="0" condition="ListItem.IsRecording">Conditional</animation>
					</control>
					<control type="image">
						<left>-7</left>
						<top>26</top>
						<width>42</width>
						<height>42</height>
						<texture>windows/pvr/rec.png</texture>
						<visible>ListItem.IsRecording</visible>
						<animation effect="fade" start="50" end="100" time="750" pulse="true" condition="true">Conditional</animation>
					</control>
				</control>
			</itemlayout>
			<focusedlayout height="58" width="562">
				<control type="image">
					<left>0</left>
					<top>11</top>
					<width>68</width>
					<height>45</height>
					<texture background="true" fallback="windows/pvr/channel_icon.png">$INFO[ListItem.Icon]</texture>
					<aspectratio align="left" aligny="center">keep</aspectratio>
					<include>PVRListFocusAnimation</include>
				</control>
				<control type="group">
					<left>73</left>
					<include>PVRListFocusAnimation</include>
					<control type="label">
						<left>5</left>
						<top>0</top>
						<width>495</width>
						<height>45</height>
						<font>FontSize_24B</font>
						<textcolor>white</textcolor>
						<shadowcolor>99000000</shadowcolor>
						<align>left</align>
						<aligny>center</aligny>
						<label>$INFO[ListItem.ChannelNumber,,. ]$INFO[ListItem.Label]</label>
						<animation effect="slide" start="0,0" end="0,10" time="0" condition="IsEmpty(ListItem.Title) + ![ListItem.HasTimer | ListItem.IsRecording]">Conditional</animation>
					</control>
					<control type="label">
						<left>5</left>
						<top>25</top>
						<width>495</width>
						<height>42</height>
						<font>FontSize_20</font>
						<textcolor>white</textcolor>
						<shadowcolor>99000000</shadowcolor>
						<align>left</align>
						<aligny>center</aligny>
						<label>$INFO[ListItem.Title]</label>
						<animation effect="slide" start="0" end="28" time="0" condition="ListItem.IsRecording">Conditional</animation>
					</control>
					<control type="image">
						<left>-7</left>
						<top>26</top>
						<width>42</width>
						<height>42</height>
						<texture>windows/pvr/rec.png</texture>
						<visible>ListItem.IsRecording</visible>
						<animation effect="fade" start="50" end="100" time="750" pulse="true" condition="true">Conditional</animation>
					</control>
				</control>
			</focusedlayout>
		</control>
	</include>

	<!-- ====================================== -->
	<!-- == Context Menu PVR Channel Manager == -->
	<!-- ====================================== -->
	<include name="ContextMenuPVRChannelManager">
		<control type="image" id="999">
			<description>background image</description>
			<left>0</left>
			<top>0</top>
			<width>350</width>
			<height>304</height>
			<texture>-</texture>
			<aspectratio aligny="center">stretch</aspectratio>
			<visible>false</visible>
		</control>
		<control type="grouplist" id="996">
			<left>0</left>
			<top>0</top>
			<width>350</width>
			<height max="294">auto</height>
			<itemgap>0</itemgap>
			<onleft>Close</onleft>
			<onright>Close</onright>
			<animation effect="fade" start="0" end="100" time="250" reversible="true">WindowOpen</animation>
			<animation effect="fade" start="100" end="0" time="200" reversible="true">WindowClose</animation>
		</control>
		<control type="button" id="1000">
			<description>button template</description>
			<width>350</width>
			<height>40</height>
			<textcolor>77white</textcolor>
			<focusedcolor>white</focusedcolor>
			<disabledcolor>33white</disabledcolor>
			<shadowcolor>99000000</shadowcolor>
			<align>center</align>
			<aligny>top</aligny>
			<textwidth>320</textwidth>
			<textoffsetx>23</textoffsetx>
			<textoffsety>7</textoffsety>
			<texturefocus border="23">windows/filemanager/contextmenu_fo.png</texturefocus>
			<texturenofocus>-</texturenofocus>
			<pulseonselect>no</pulseonselect>
			<font>FontSize_22</font>
		</control>
	</include>
	
	<!-- ====================================== -->
	<!-- == Context Menu Widgets			 == -->
	<!-- ====================================== -->
	<include name="ContextMenuWidgets">
		<control type="group">
			<include>TopOptionsSlideAnimations</include>
			<top>65</top>
			<left>0</left>
			<control type="image" id="999">
				<description>background image</description>
				<left>0</left>
				<top>0</top>
				<width>350</width>
				<height>304</height>
				<texture>-</texture>
				<aspectratio aligny="center">stretch</aspectratio>
				<visible>false</visible>
			</control>
			<control type="grouplist" id="996">
				<left>0</left>
				<top>0</top>
				<width>350</width>
				<height max="294">auto</height>
				<itemgap>0</itemgap>
				<onleft>Close</onleft>
				<onright>Close</onright>
					<!--<animation effect="fade" start="0" end="100" time="250" reversible="true">WindowOpen</animation>
					<animation effect="fade" start="100" end="0" time="200" reversible="true">WindowClose</animation>-->
				</control>
				<control type="button" id="1000">
					<description>button template</description>
					<width>350</width>
					<height>40</height>
					<textcolor>77white</textcolor>
					<focusedcolor>white</focusedcolor>
					<disabledcolor>33white</disabledcolor>
					<shadowcolor>99000000</shadowcolor>
					<align>center</align>
					<aligny>top</aligny>
					<textwidth>320</textwidth>
					<textoffsetx>23</textoffsetx>
					<textoffsety>7</textoffsety>
					<texturefocus border="23">windows/filemanager/contextmenu_fo.png</texturefocus>
					<texturenofocus>-</texturenofocus>
					<pulseonselect>no</pulseonselect>
					<font>FontSize_22</font>
				</control>
			</control>
		</include>
		
	</includes>