<?xml version="1.0" encoding="UTF-8"?>
<window>
	<!-- filebrowser -->
	<defaultcontrol always="true">450</defaultcontrol>
	<controls>
		<control id="411" type="label">
			<font>-</font>
		</control>
		<include>DialogBackgroundImage</include>
		<control type="group">
			<left>291.5</left>
			<top>300</top>
			<width>1437</width>
			<height>480</height>
			<animation condition="Window.IsVisible(settingscategory.xml) | Window.IsVisible(addonbrowser)" effect="slide" end="-93.5,-11">Conditional</animation>
			<animation condition="Window.IsVisible(settingscategory.xml) | Window.IsVisible(addonbrowser)" reversible="false" type="WindowOpen">
				<effect end="100" start="0" time="200" type="fade" />
				<effect easing="inout" end="0,0" start="500,0" time="200" tween="sine" type="slide" />
			</animation>
			<animation condition="Window.IsVisible(settingscategory.xml) | Window.IsVisible(addonbrowser)" reversible="false" type="WindowClose">
				<effect end="0" start="100" time="125" type="fade" />
				<effect easing="inout" end="500,0" start="0,0" time="125" tween="sine" type="slide" />
			</animation>
			<animation condition="!Window.IsVisible(settingscategory.xml) + !Window.IsVisible(addonbrowser)" reversible="false" type="WindowOpen">
				<effect end="100" start="0" time="200" type="fade" />
				<effect easing="inout" end="0,0" start="0,-40" time="200" tween="sine" type="slide" />
				<effect center="auto" easing="inout" end="100" start="84.5" time="200" tween="sine" type="zoom" />
			</animation>
			<animation condition="!Window.IsVisible(settingscategory.xml) + !Window.IsVisible(addonbrowser)" reversible="false" type="WindowClose">
				<effect end="0" start="100" time="125" type="fade" />
			</animation>
			<control type="image">
				<width>1337</width>
				<height>480</height>
				<texture>dialogs/network_back.png</texture>
				<visible>Control.IsVisible(450)</visible>
			</control>
			<control type="image">
				<width>1437</width>
				<height>480</height>
				<texture>dialogs/filebrowser_icon.png</texture>
				<visible>Control.IsVisible(451)</visible>
			</control>
			<control type="label">
				<left>40</left>
				<top>14</top>
				<height>30</height>
				<width>778</width>
				<aligny>center</aligny>
				<font>Bold30</font>
				<textcolor>ffdadada</textcolor>
				<label>$INFO[Control.GetLabel(411)]</label>
				<visible>Control.IsVisible(450)</visible>
			</control>
			<control type="label">
				<left>40</left>
				<top>14</top>
				<height>30</height>
				<width>378</width>
				<aligny>center</aligny>
				<font>Bold30</font>
				<textcolor>ffdadada</textcolor>
				<label>$INFO[Control.GetLabel(411)]</label>
				<visible>Control.IsVisible(451)</visible>
			</control>
			<control type="label">
				<left>40</left>
				<top>13</top>
				<width>857</width>
				<height>30</height>
				<font>Light30Spaced</font>
				<align>right</align>
				<textcolor>ff636364</textcolor>
				<label>[COLOR ffb2b2b2]$INFO[Container(450).CurrentItem][/COLOR] | $INFO[Container(450).NumItems]</label>
				<visible>Control.IsVisible(450)</visible>
			</control>
			<control type="label">
				<left>40</left>
				<top>13</top>
				<width>378</width>
				<height>30</height>
				<font>Light30Spaced</font>
				<align>right</align>
				<textcolor>ff636364</textcolor>
				<label>[COLOR ffb2b2b2]$INFO[Container(451).CurrentItem][/COLOR] | $INFO[Container(451).NumItems]</label>
				<visible>Control.IsVisible(451)</visible>
			</control>
			<control id="450" type="fixedlist">
				<top>60</top>
				<width>937</width>
				<height>420</height>
				<onleft condition="Window.IsVisible(settingscategory.xml)">Back</onleft>
				<onleft>noop</onleft>
				<onright>9000</onright>
				<onup>noop</onup>
				<ondown>noop</ondown>
				<movement>2</movement>
				<scrolltime>0</scrolltime>
				<focusposition>2</focusposition>
				<orientation>vertical</orientation>
				<animation condition="String.IsEqual(Container(450).NumItems,0) | String.IsEqual(Container(450).NumItems,1) | [String.IsEqual(Container(450).NumItems,2) + !Container(450).HasParent]" effect="slide" end="0,-168">Conditional</animation>
				<animation condition="[String.IsEqual(Container(450).NumItems,2) + Container(450).HasParent] | String.IsEqual(Container(450).NumItems,3) | [String.IsEqual(Container(450).NumItems,4) + !Container(450).HasParent]" effect="slide" end="0,-84">Conditional</animation>
				<itemlayout height="84" width="937">
					<control type="image">
						<width>937</width>
						<height>84</height>
						<texture border="3">settings/button_no_focus.png</texture>
					</control>
					<control type="label">
						<left>40</left>
						<width>857</width>
						<height>84</height>
						<font>Light32</font>
						<textcolor>ff505153</textcolor>
						<label>$INFO[ListItem.Label]</label>
					</control>
				</itemlayout>
				<focusedlayout height="84" width="937">
					<control type="image">
						<width>937</width>
						<height>84</height>
						<texture border="3">settings/button_focus.png</texture>
					</control>
					<control type="label">
						<left>40</left>
						<width>857</width>
						<height>84</height>
						<font>Light32</font>
						<textcolor>ffffaf37</textcolor>
						<label>$INFO[ListItem.Label]</label>
						<visible>Control.HasFocus(450)</visible>
					</control>
					<control type="label">
						<left>40</left>
						<width>857</width>
						<height>84</height>
						<font>Light32</font>
						<scroll>false</scroll>
						<textcolor>ffffffff</textcolor>
						<label>$INFO[ListItem.Label]</label>
						<visible>!Control.HasFocus(450)</visible>
					</control>
				</focusedlayout>
			</control>
			<control type="image">
				<top>60</top>
				<width>937</width>
				<height>84</height>
				<visible>Control.IsVisible(450) + Container(450).HasPrevious</visible>
				<texture border="2" diffuse="settings/mask.png" flipy="true">settings/mask_back.png</texture>
			</control>
			<control type="image">
				<top>396</top>
				<width>937</width>
				<height>84</height>
				<visible>Control.IsVisible(450) + Container(450).HasNext</visible>
				<texture border="2" diffuse="settings/mask.png">settings/mask_back.png</texture>
			</control>
			<control id="451" type="fixedlist">
				<top>60</top>
				<width>458</width>
				<height>420</height>
				<onleft condition="Window.IsVisible(settingscategory.xml)">Back</onleft>
				<onleft>noop</onleft>
				<onright>9000</onright>
				<onup>noop</onup>
				<ondown>noop</ondown>
				<movement>1</movement>
				<scrolltime>0</scrolltime>
				<focusposition>1</focusposition>
				<orientation>vertical</orientation>
				<animation condition="String.IsEqual(Container(451).NumItems,0) | String.IsEqual(Container(451).NumItems,1) | [String.IsEqual(Container(451).NumItems,2) + !Container(451).HasParent]" effect="slide" end="0,-140">Conditional</animation>
				<itemlayout height="140" width="458">
					<control type="image">
						<width>458</width>
						<height>140</height>
						<texture border="3">settings/button_no_focus.png</texture>
					</control>
					<control type="image">
						<left>27</left>
						<top>17</top>
						<width>146</width>
						<height>106</height>
						<texture>$INFO[Listitem.Icon]</texture>
						<aspectratio aligny="center">keep</aspectratio>
					</control>
					<control type="label">
						<left>192</left>
						<width>246</width>
						<height>140</height>
						<font>Light32</font>
						<textcolor>ff505153</textcolor>
						<label>$INFO[ListItem.Label]</label>
					</control>
				</itemlayout>
				<focusedlayout height="140" width="458">
					<control type="image">
						<width>458</width>
						<height>140</height>
						<texture border="3">settings/button_focus.png</texture>
					</control>
					<control type="image">
						<left>27</left>
						<top>17</top>
						<width>146</width>
						<height>106</height>
						<texture>$INFO[Listitem.Icon]</texture>
						<aspectratio aligny="center">keep</aspectratio>
					</control>
					<control type="label">
						<left>192</left>
						<width>246</width>
						<height>140</height>
						<font>Light32</font>
						<textcolor>ffffaf37</textcolor>
						<label>$INFO[ListItem.Label]</label>
						<visible>Control.HasFocus(451)</visible>
					</control>
					<control type="label">
						<left>192</left>
						<width>246</width>
						<height>140</height>
						<font>Light32</font>
						<scroll>false</scroll>
						<textcolor>ffffffff</textcolor>
						<label>$INFO[ListItem.Label]</label>
						<visible>!Control.HasFocus(451)</visible>
					</control>
				</focusedlayout>
			</control>
			<control type="image">
				<left>498</left>
				<top>40</top>
				<width>499</width>
				<height>400</height>
				<aspectratio>keep</aspectratio>
				<texture colordiffuse="00ffffff">$INFO[Container(451).ListItem.Icon]</texture>
				<bordertexture>common/default_empty.png</bordertexture>
				<visible>!String.Contains(Control.GetLabel(416),*)</visible>
			</control>
			<control type="image">
				<left>498</left>
				<top>40</top>
				<width>512</width>
				<height>417</height>
				<aspectratio>keep</aspectratio>
				<bordersize>0,0,13,17</bordersize>
				<texture>$INFO[Container(451).ListItem.Icon]</texture>
				<bordertexture border="14,18,14,18">dialogs/shadow.png</bordertexture>
				<visible>!String.Contains(Control.GetLabel(416),*)</visible>
			</control>
			<control type="image">
				<left>498</left>
				<top>40</top>
				<width>499</width>
				<height>400</height>
				<aspectratio>keep</aspectratio>
				<texture colordiffuse="00ffffff">$INFO[Container(451).ListItem.Icon]</texture>
				<bordertexture>common/default_empty.png</bordertexture>
				<visible>String.Contains(Control.GetLabel(416),*)</visible>
			</control>
			<control type="image">
				<left>498</left>
				<top>40</top>
				<width>512</width>
				<height>417</height>
				<aspectratio>keep</aspectratio>
				<bordersize>0,0,13,17</bordersize>
				<texture flipx="true">$INFO[Container(451).ListItem.Icon]</texture>
				<bordertexture border="14,18,14,18">dialogs/shadow.png</bordertexture>
				<visible>String.Contains(Control.GetLabel(416),*)</visible>
			</control>
			<control id="9000" type="grouplist">
				<left>962</left>
				<bottom>33</bottom>
				<height>400</height>
				<itemgap>10</itemgap>
				<align>right</align>
				<orientation>vertical</orientation>
				<animation condition="Control.IsVisible(451)" effect="slide" end="98,0">Conditional</animation>
				<control id="414" type="button">
					<width>351</width>
					<height>76</height>
					<onleft>451</onleft>
					<onright>noop</onright>
					<onup>noop</onup>
					<ondown>noop</ondown>
					<aligny>top</aligny>
					<font>Med24</font>
					<textoffsetx>23</textoffsetx>
					<textoffsety>27</textoffsety>
					<label>222</label>
					<visible>Control.IsEnabled(414)</visible>
				</control>
				<control id="413" type="button">
					<width>351</width>
					<height>76</height>
					<onleft>451</onleft>
					<onright>noop</onright>
					<onup>noop</onup>
					<ondown>noop</ondown>
					<aligny>top</aligny>
					<font>Med24</font>
					<textoffsetx>23</textoffsetx>
					<textoffsety>27</textoffsety>
					<label>186</label>
					<visible>Control.IsEnabled(413)</visible>
				</control>
				<control id="415" type="button">
					<width>351</width>
					<height>76</height>
					<onleft>451</onleft>
					<onright>noop</onright>
					<onup>noop</onup>
					<ondown>noop</ondown>
					<aligny>top</aligny>
					<font>Med24</font>
					<textoffsetx>23</textoffsetx>
					<textoffsety>27</textoffsety>
					<label>119</label>
					<visible>Control.IsEnabled(415)</visible>
				</control>
				<control id="416" type="radiobutton">
					<width>351</width>
					<height>76</height>
					<onleft>451</onleft>
					<onright>noop</onright>
					<onup>noop</onup>
					<ondown>noop</ondown>
					<aligny>top</aligny>
					<font>Med24</font>
					<textoffsetx>23</textoffsetx>
					<textoffsety>27</textoffsety>
					<radiowidth>94</radiowidth>
					<radioheight>40</radioheight>
					<radioposx>235</radioposx>
					<label>749</label>
					<texturefocus border="8">dialogs/DialogButtonFO.png</texturefocus>
					<texturenofocus border="8">dialogs/DialogButtonNF.png</texturenofocus>
					<textureradioonfocus>-</textureradioonfocus>
					<textureradioonnofocus>-</textureradioonnofocus>
					<textureradioofffocus>-</textureradioofffocus>
					<textureradiooffnofocus>-</textureradiooffnofocus>
					<visible>Control.IsEnabled(416)</visible>
				</control>
			</control>
			<control type="label">
				<left>1023</left>
				<bottom>6</bottom>
				<width>360</width>
				<height>76</height>
				<align>right</align>
				<aligny>top</aligny>
				<font>Med24</font>
				<label>16041</label>
				<textcolor>ff000000</textcolor>
				<visible>Control.IsVisible(416) + Control.HasFocus(416) + String.Contains(Control.GetLabel(416),*)</visible>
			</control>
			<control type="label">
				<left>1023</left>
				<bottom>6</bottom>
				<width>360</width>
				<height>76</height>
				<align>right</align>
				<aligny>top</aligny>
				<font>Med24</font>
				<label>16041</label>
				<textcolor>ff505153</textcolor>
				<visible>Control.IsVisible(416) + !Control.HasFocus(416) + String.Contains(Control.GetLabel(416),*)</visible>
			</control>
			<control type="label">
				<left>1023</left>
				<bottom>6</bottom>
				<width>360</width>
				<height>76</height>
				<align>right</align>
				<aligny>top</aligny>
				<font>Med24</font>
				<label>351</label>
				<textcolor>ff000000</textcolor>
				<visible>Control.IsVisible(416) + Control.HasFocus(416) + !String.Contains(Control.GetLabel(416),*)</visible>
			</control>
			<control type="label">
				<left>1023</left>
				<bottom>6</bottom>
				<width>360</width>
				<height>76</height>
				<align>right</align>
				<aligny>top</aligny>
				<font>Med24</font>
				<label>351</label>
				<textcolor>ff505153</textcolor>
				<visible>Control.IsVisible(416) + !Control.HasFocus(416) + !String.Contains(Control.GetLabel(416),*)</visible>
			</control>
		</control>
	</controls>
</window>